player_id,player,team_id,team,role,season,n_games_total,n_games,n_days,mean_impact,shrunk_impact,ci_low,ci_high,eligible,mean_gold_share,mean_damage_share,mean_dpm,mean_expected_dpm,win_rate,mean_vision_per_minute,mean_baseline_dpm,mean_baseline_gold_share,mean_baseline_damage_share,mean_baseline_vision_per_minute,mean_baseline_impact
oe:player:060e16e1c91434827c294bac52e8b47,Zicssi,oe:team:06554c70cfe8a6be14b004b3c18abe6,Entropiq,jng,2023,43,38,27,-0.08271967,-0.06548641,-0.33500358,0.25700240,True,0.18897861,0.15479475,412.52708784,432.85585060,0.84210526,1.86002527,385.98330492,0.19009395,0.15954606,1.34855565,-0.11660200
oe:player:09d224980ebf7c5f2bec0fff502c247,Shyelander,oe:team:c2bd1dd17a070dbbb8df9aefb634a41,Inside Games,jng,2023,31,20,20,-0.33471059,-0.22314040,-0.51161646,0.08841729,True,0.18258800,0.14342495,324.53063338,389.21026276,0.15000000,1.22213793,385.98330492,0.19009395,0.15954606,1.34855565,-0.11660200
oe:player:0b561e1f67d3219a8dd379878960561,DVLK,oe:team:3faefd9245a4ef6ba347fbcf2a51515,eSuba,mid,2023,2,0,0,,,,,False,,,,,,,601.82662551,0.21995803,0.26184761,0.95132658,0.04136768
oe:player:0b561e1f67d3219a8dd379878960561,DVLK,oe:team:c2bd1dd17a070dbbb8df9aefb634a41,Inside Games,mid,2023,7,7,7,0.67074018,0.27618713,-0.03020755,0.56489001,False,0.24441759,0.29768493,732.39631853,590.80121238,0.42857143,1.04174715,601.82662551,0.21995803,0.26184761,0.95132658,0.04136768
oe:player:0b561e1f67d3219a8dd379878960561,DVLK,oe:team:e3f89acb10ecd65327fa954ff2ec047,Dynamo Eclot,mid,2023,8,8,8,-0.14589543,-0.06484241,-0.25734051,0.15391341,False,0.21924114,0.27645226,630.22423474,660.80627650,0.50000000,0.85477976,601.82662551,0.21995803,0.26184761,0.95132658,0.04136768
oe:player:0bc5fcab55bbf49db26783e2567e41c,Vizi,oe:team:c9c57deef5fcd4cd734181f121c9ee8,Team Sampi,sup,2023,28,23,23,-0.32178227,-0.22427249,-0.40954791,-0.03551226,True,0.13494554,0.06916293,164.42641054,203.42791713,0.43478261,2.21929289,194.77966484,0.13694606,0.08355460,2.61789331,-0.39830915
oe:player:0cbadb757e6cd6a2bb77f0748cfe398,Wondro,oe:team:c9c57deef5fcd4cd734181f121c9ee8,Team Sampi,top,2023,28,23,23,0.85642058,0.59689919,0.27454241,0.91127092,True,0.21666934,0.24858164,609.62797138,459.80372094,0.43478261,0.81256891,494.55667307,0.21264977,0.21281461,0.91032985,0.08156972
oe:player:0f16ac390bc43949625d1d01b1c5e41,Rostak,oe:team:c9c57deef5fcd4cd734181f121c9ee8,Team Sampi,jng,2023,3,0,0,,,,,False,,,,,,,385.98330492,0.19009395,0.15954606,1.34855565,-0.11660200
oe:player:186866254742b055688f9b1c1df7ebc,Antwere,oe:team:c2bd1dd17a070dbbb8df9aefb634a41,Inside Games,jng,2023,3,3,3,-0.70805218,-0.16339666,-0.24278181,-0.08891433,False,0.16946302,0.10913256,256.73283605,380.27987968,0.33333333,1.24550226,385.98330492,0.19009395,0.15954606,1.34855565,-0.11660200
oe:player:1aed560ef7c7714371f60b3d2fb5070,Pimen,oe:team:ddb6aa775eebeffd5cc41ba5c35c6a1,BRUTE,mid,2023,3,3,3,-0.20190078,-0.04659249,-0.10958880,0.07728735,False,0.20385201,0.22093485,549.93612243,592.04626634,0.33333333,0.75390391,601.82662551,0.21995803,0.26184761,0.95132658,0.04136768
oe:player:1c3aaf56283d93c64e1cecb56832afc,Kizuro,oe:team:c2bd1dd17a070dbbb8df9aefb634a41,Inside Games,sup,2023,2,0,0,,,,,False,,,,,,,194.77966484,0.13694606,0.08355460,2.61789331,-0.39830915
oe:player:1e2faa85fd4b8eeeb60f677594ee8b9,Promise0,oe:team:c2bd1dd17a070dbbb8df9aefb634a41,Inside Games,bot,2023,14,14,14,-0.10615887,-0.06192601,-0.25541177,0.13223942,True,0.23599434,0.26721641,590.26341097,621.07712363,0.07142857,0.94833657,637.35825596,0.23341031,0.26724883,0.93997993,0.16583544
oe:player:204746c853a12888ad72d8035cdf8c7,Jackies,oe:team:06554c70cfe8a6be14b004b3c18abe6,Entropiq,mid,2023,43,38,27,0.53585574,0.42421912,0.21568540,0.66830599,True,0.23592695,0.29031490,754.03254241,640.84488198,0.84210526,1.16242642,601.82662551,0.21995803,0.26184761,0.95132658,0.04136768
oe:player:22080ddb251399d10bbd045b19e7ffb,Defflok,oe:team:7f0dbe2d7087bdad6566b0c0b81ad7c,Cryptova,mid,2023,28,23,23,-0.20996466,-0.14633901,-0.33780627,0.06386216,True,0.21904778,0.29673589,545.93873288,590.33774658,0.26086957,1.07558079,601.82662551,0.21995803,0.26184761,0.95132658,0.04136768
oe:player:27e4eea238ec423752d3144c149b88f,Harbo,oe:team:c2bd1dd17a070dbbb8df9aefb634a41,Inside Games,mid,2023,7,2,2,-0.59968888,-0.09994815,,,False,0.23257620,0.28402337,465.36987218,591.76634600,0.00000000,1.15772654,601.82662551,0.21995803,0.26184761,0.95132658,0.04136768
oe:player:2aa24a327a7450d345eb12ec36fc7bd,bmj,oe:team:e3f89acb10ecd65327fa954ff2ec047,Dynamo Eclot,bot,2023,1,0,0,,,,,False,,,,,,,637.35825596,0.23341031,0.26724883,0.93997993,0.16583544
oe:player:2aa24a327a7450d345eb12ec36fc7bd,bmj,oe:team:e3f89acb10ecd65327fa954ff2ec047,Dynamo Eclot,mid,2023,1,0,0,,,,,False,,,,,,,601.82662551,0.21995803,0.26184761,0.95132658,0.04136768
oe:player:2e66b9c548786b254028ee93161a4b8,Raining,oe:team:ddb6aa775eebeffd5cc41ba5c35c6a1,BRUTE,bot,2023,1,1,1,0.67295009,0.06117728,,,False,0.24918997,0.33356421,765.69085174,575.24697368,0.00000000,0.75709779,637.35825596,0.23341031,0.26724883,0.93997993,0.16583544
oe:player:3151090b16fde9e7ff044d7e165a741,Marzo,oe:team:c2bd1dd17a070dbbb8df9aefb634a41,Inside Games,bot,2023,20,9,9,0.92698833,0.43909973,-0.13393575,1.25388135,False,0.23773400,0.28113973,729.34210587,528.71516773,0.33333333,0.71931123,637.35825596,0.23341031,0.26724883,0.93997993,0.16583544
oe:player:36607221f848a15f6a1f11961027d7c,TynX,oe:team:3faefd9245a4ef6ba347fbcf2a51515,eSuba,jng,2023,48,43,28,0.42473956,0.34460002,0.07265914,0.65348159,True,0.21237539,0.20257235,477.17490420,402.79958294,0.51162791,1.47314667,385.98330492,0.19009395,0.15954606,1.34855565,-0.11660200
oe:player:371ce62bbcfebc2c0ba6ad4d565777a,Scuffed,oe:team:c2bd1dd17a070dbbb8df9aefb634a41,Inside Games,mid,2023,14,14,14,0.20741464,0.12099187,-0.14193054,0.44341584,True,0.23092181,0.29803429,657.99972474,613.29147984,0.07142857,0.74018542,601.82662551,0.21995803,0.26184761,0.95132658,0.04136768
oe:player:3b32fe34a610a6a7e433b0741923b96,Peto,oe:team:ddb6aa775eebeffd5cc41ba5c35c6a1,BRUTE,sup,2023,24,24,16,-0.52270397,-0.36896751,-0.61998600,-0.15154009,True,0.13752225,0.07238157,160.87879680,215.17511959,0.62500000,2.83152264,194.77966484,0.13694606,0.08355460,2.61789331,-0.39830915
oe:player:3f31f8d5ed8cbae5977cfd3451ebe79,Hiro,oe:team:7f0dbe2d7087bdad6566b0c0b81ad7c,Cryptova,bot,2023,14,14,14,-0.28817662,-0.16810303,-0.36637776,0.04269085,True,0.24329511,0.26411814,483.79336441,563.94925803,0.21428571,0.90569450,637.35825596,0.23341031,0.26724883,0.93997993,0.16583544
oe:player:42f89f1c19abbf541a6e3e08ee1e1bc,CaptainSexy,oe:team:bbd25c9b9a5044937d8800dfeb8922e,ERKO Esports,bot,2023,6,0,0,,,,,False,,,,,,,637.35825596,0.23341031,0.26724883,0.93997993,0.16583544
oe:player:44ab9341fffe1d9a1a5b235628c6d89,Romuka,oe:team:e3f89acb10ecd65327fa954ff2ec047,Dynamo Eclot,top,2023,23,18,11,0.11229748,0.07219124,-0.33528389,0.32604019,True,0.20568218,0.20272241,527.92435857,509.52698282,0.61111111,0.94337347,494.55667307,0.21264977,0.21281461,0.91032985,0.08156972
oe:player:4b3d62fcaf8a016880db6ec13754042,ordno,oe:team:9a3327bd6c9a07e61350e24d97419fa,SINNERS Esports,mid,2023,32,27,24,-0.01576539,-0.01150447,-0.25924525,0.28484358,True,0.21590932,0.24933422,666.63664755,668.99755227,0.48148148,1.10671070,601.82662551,0.21995803,0.26184761,0.95132658,0.04136768
oe:player:4d30fb6db6e53cf5bdd9e9d33297fa6,Reedfoo,oe:team:e3f89acb10ecd65327fa954ff2ec047,Dynamo Eclot,bot,2023,39,36,26,0.26544495,0.20773953,-0.00810009,0.40125670,True,0.23894220,0.27373406,699.52443847,632.51095965,0.55555556,1.10304378,637.35825596,0.23341031,0.26724883,0.93997993,0.16583544
oe:player:4d30fb6db6e53cf5bdd9e9d33297fa6,Reedfoo,oe:team:e3f89acb10ecd65327fa954ff2ec047,Dynamo Eclot,jng,2023,2,0,0,,,,,False,,,,,,,385.98330492,0.19009395,0.15954606,1.34855565,-0.11660200
oe:player:4d855d5ac0497a11941e8948568db74,Rufus,oe:team:9a3327bd6c9a07e61350e24d97419fa,SINNERS Esports,sup,2023,32,27,24,-0.64534789,-0.47092954,-0.75145830,-0.18753775,True,0.13248696,0.08066990,217.72488665,291.49934021,0.48148148,2.90199227,194.77966484,0.13694606,0.08355460,2.61789331,-0.39830915
oe:player:52bc99d5390cae1d4097906abde0560,Inspire,oe:team:ddb6aa775eebeffd5cc41ba5c35c6a1,BRUTE,mid,2023,11,6,6,0.77711556,0.29141833,-0.17743069,0.80292186,False,0.21670251,0.27952803,753.82805645,590.03534595,0.00000000,1.03003320,601.82662551,0.21995803,0.26184761,0.95132658,0.04136768
oe:player:533203633d44104660134fdb0e26cf6,Nazrat,oe:team:c2bd1dd17a070dbbb8df9aefb634a41,Inside Games,mid,2023,6,0,0,,,,,False,,,,,,,601.82662551,0.21995803,0.26184761,0.95132658,0.04136768
oe:player:55e35458830cbecac40b04619bd6029,STANIK,oe:team:c9c57deef5fcd4cd734181f121c9ee8,Team Sampi,bot,2023,1,0,0,,,,,False,,,,,,,637.35825596,0.23341031,0.26724883,0.93997993,0.16583544
oe:player:55e35458830cbecac40b04619bd6029,STANIK,oe:team:c9c57deef5fcd4cd734181f121c9ee8,Team Sampi,mid,2023,25,21,21,-0.01963879,-0.01330370,-0.28106925,0.24578493,True,0.22760165,0.23200436,585.04247643,589.56042025,0.47619048,0.98410863,601.82662551,0.21995803,0.26184761,0.95132658,0.04136768
oe:player:58cff57941b3605087bb9208b3d76d0,Khantos,oe:team:06554c70cfe8a6be14b004b3c18abe6,Entropiq,bot,2023,43,38,27,0.32596638,0.25805671,-0.00616788,0.50545294,True,0.24231096,0.27507906,724.02373245,632.58802820,0.84210526,1.05776012,637.35825596,0.23341031,0.26724883,0.93997993,0.16583544
oe:player:5a23766ce46653d2b63ac4a40cd61c1,Warszi,oe:team:3faefd9245a4ef6ba347fbcf2a51515,eSuba,mid,2023,46,43,28,-0.15637333,-0.12686893,-0.36967816,0.11034100,True,0.21994631,0.25431035,581.03781120,614.12013391,0.51162791,1.02344071,601.82662551,0.21995803,0.26184761,0.95132658,0.04136768
oe:player:5d4533491a34d8306436b20deddc4d3,Silk,oe:team:ddb6aa775eebeffd5cc41ba5c35c6a1,BRUTE,mid,2023,24,24,16,0.17212962,0.12150326,-0.12870633,0.42448873,True,0.24441803,0.28715035,662.87207731,625.75652672,0.62500000,1.10650786,601.82662551,0.21995803,0.26184761,0.95132658,0.04136768
oe:player:63516372cddedf9fb04d25ef9f02e3c,BrokenSword,oe:team:c2bd1dd17a070dbbb8df9aefb634a41,Inside Games,top,2023,14,9,9,-0.25595158,-0.12124022,-0.31698813,0.09539497,False,0.19745753,0.18351354,410.01751446,453.36445941,0.33333333,0.87052935,494.55667307,0.21264977,0.21281461,0.91032985,0.08156972
oe:player:63516372cddedf9fb04d25ef9f02e3c,BrokenSword,oe:team:c9c57deef5fcd4cd734181f121c9ee8,Team Sampi,top,2023,6,0,0,,,,,False,,,,,,,494.55667307,0.21264977,0.21281461,0.91032985,0.08156972
oe:player:66d040632ba3e1ae771ddced2f6e050,Esko,oe:team:7f0dbe2d7087bdad6566b0c0b81ad7c,Cryptova,bot,2023,14,9,9,-0.38964574,-0.18456903,-0.39110631,0.08827993,False,0.22999803,0.25835359,486.70780663,572.84340138,0.33333333,0.79456113,637.35825596,0.23341031,0.26724883,0.93997993,0.16583544
oe:player:6d4cd67512d152a71a44885dab1ac15,Ryuto,oe:team:ddb6aa775eebeffd5cc41ba5c35c6a1,BRUTE,top,2023,24,24,16,-0.54378480,-0.38384809,-0.52940939,-0.23805769,True,0.19501946,0.16650591,377.26984622,473.52249744,0.62500000,1.07147632,494.55667307,0.21264977,0.21281461,0.91032985,0.08156972
oe:player:76cd37a6bb754bf0970a0c7c0efca9d,Vlaren,oe:team:bbd25c9b9a5044937d8800dfeb8922e,ERKO Esports,jng,2023,6,0,0,,,,,False,,,,,,,385.98330492,0.19009395,0.15954606,1.34855565,-0.11660200
oe:player:8486d94ef23b38c67c76b647613d881,bobista,oe:team:3faefd9245a4ef6ba347fbcf2a51515,eSuba,top,2023,48,43,28,0.34510659,0.27999214,0.03533820,0.50886877,True,0.21139809,0.23314603,526.51808921,469.26749466,0.51162791,0.83869449,494.55667307,0.21264977,0.21281461,0.91032985,0.08156972
oe:player:85117df5924af087900b300fe0f3ec3,Kulvas,oe:team:7f0dbe2d7087bdad6566b0c0b81ad7c,Cryptova,top,2023,28,23,23,-0.35767705,-0.24929007,-0.44928581,-0.04107442,True,0.21952692,0.21141419,388.06730557,450.01153989,0.26086957,0.79406375,494.55667307,0.21264977,0.21281461,0.91032985,0.08156972
oe:player:86c3e132112d55020639683aa066d9a,hainess,oe:team:ddb6aa775eebeffd5cc41ba5c35c6a1,BRUTE,jng,2023,14,9,9,0.10322214,0.04889470,-0.30101827,0.53354168,False,0.18303589,0.14943671,409.89617812,394.32214796,0.11111111,1.25529656,385.98330492,0.19009395,0.15954606,1.34855565,-0.11660200
oe:player:8b35b40bc03585d8e435ef8029621c4,Kokos,oe:team:7f0dbe2d7087bdad6566b0c0b81ad7c,Cryptova,jng,2023,28,23,23,-0.57849354,-0.40319247,-0.57723091,-0.20799765,True,0.19082213,0.15094112,281.46706086,380.55785256,0.26086957,0.96951012,385.98330492,0.19009395,0.15954606,1.34855565,-0.11660200
oe:player:923377644a95264f86d2d5e4d266346,Marco,oe:team:c2bd1dd17a070dbbb8df9aefb634a41,Inside Games,sup,2023,26,23,23,-0.45703433,-0.31853908,-0.50995132,-0.13369349,True,0.13591640,0.07862635,171.63608329,226.67103206,0.17391304,2.26360545,194.77966484,0.13694606,0.08355460,2.61789331,-0.39830915
oe:player:923377644a95264f86d2d5e4d266346,Marco,oe:team:c9c57deef5fcd4cd734181f121c9ee8,Team Sampi,sup,2023,6,0,0,,,,,False,,,,,,,194.77966484,0.13694606,0.08355460,2.61789331,-0.39830915
oe:player:97e2124319af5f96331d38fc07ad71b,Jejky,oe:team:e3f89acb10ecd65327fa954ff2ec047,Dynamo Eclot,jng,2023,39,36,26,-0.37225657,-0.29133122,-0.47137095,-0.14101463,True,0.19170199,0.14445086,361.42450858,428.05220119,0.55555556,1.52227055,385.98330492,0.19009395,0.15954606,1.34855565,-0.11660200
oe:player:9adc23fff49c05d7b22cfd79ca1841d,denyk,oe:team:06554c70cfe8a6be14b004b3c18abe6,Entropiq,sup,2023,43,38,27,-0.61001969,-0.48293226,-0.70671944,-0.30610765,True,0.13224939,0.07048522,184.75695356,251.41717280,0.84210526,2.91704176,194.77966484,0.13694606,0.08355460,2.61789331,-0.39830915
oe:player:a0cff4167fb5c141dd41760bcf18b6d,eaRyz,oe:team:ddb6aa775eebeffd5cc41ba5c35c6a1,BRUTE,jng,2023,24,24,16,-0.22034282,-0.15553611,-0.32171151,-0.01395775,True,0.18794546,0.16095385,366.77728295,406.43290267,0.62500000,1.32322179,385.98330492,0.19009395,0.15954606,1.34855565,-0.11660200
oe:player:a322887f1f9792197e30825f1a6571d,Addusto,oe:team:ddb6aa775eebeffd5cc41ba5c35c6a1,BRUTE,top,2023,8,3,3,0.05724435,0.01321023,-0.09607000,0.11635302,False,0.22065497,0.23112699,448.78286206,438.98015196,0.00000000,1.09843235,494.55667307,0.21264977,0.21281461,0.91032985,0.08156972
oe:player:a62e7e1e4dfd211e99796aebb24dd87,welcom,oe:team:e3f89acb10ecd65327fa954ff2ec047,Dynamo Eclot,top,2023,18,18,15,0.45296443,0.29119142,-0.14563567,0.70994434,True,0.22322817,0.26133001,613.94733987,533.46509019,0.50000000,1.12044799,494.55667307,0.21264977,0.21281461,0.91032985,0.08156972
oe:player:a80611bc63175648438eb105ef20916,jakubs,oe:team:ddb6aa775eebeffd5cc41ba5c35c6a1,BRUTE,top,2023,6,6,6,0.21733999,0.08150249,-0.27253766,0.46142950,False,0.22243720,0.18104793,518.78192005,480.58316724,0.16666667,0.69178240,494.55667307,0.21264977,0.21281461,0.91032985,0.08156972
oe:player:a95e5e282ca94cada825884cb9b3fce,Krosak,oe:team:c2bd1dd17a070dbbb8df9aefb634a41,Inside Games,top,2023,6,0,0,,,,,False,,,,,,,494.55667307,0.21264977,0.21281461,0.91032985,0.08156972
oe:player:a99d6da234620c259bbb92ee9f8649f,Twight,oe:team:c9c57deef5fcd4cd734181f121c9ee8,Team Sampi,jng,2023,28,23,23,0.23243093,0.16199732,-0.09636868,0.40541562,True,0.19123443,0.16928701,416.20128839,383.80363770,0.43478261,0.92161544,385.98330492,0.19009395,0.15954606,1.34855565,-0.11660200
oe:player:ab8593a17789597fa4be88b75ced5cb,AdyTheKid,oe:team:c9c57deef5fcd4cd734181f121c9ee8,Team Sampi,mid,2023,6,0,0,,,,,False,,,,,,,601.82662551,0.21995803,0.26184761,0.95132658,0.04136768
oe:player:bc596913aa23926993c8114c5179c99,Baumeef,oe:team:c9c57deef5fcd4cd734181f121c9ee8,Team Sampi,jng,2023,3,0,0,,,,,False,,,,,,,385.98330492,0.19009395,0.15954606,1.34855565,-0.11660200
oe:player:bf0fcdb863d11c4f6e7802f434de734,Robocop,oe:team:06554c70cfe8a6be14b004b3c18abe6,Entropiq,top,2023,43,38,27,0.12630207,0.09998914,-0.14574707,0.32945996,True,0.20053408,0.20932607,538.35703145,518.67469002,0.84210526,1.31043001,494.55667307,0.21264977,0.21281461,0.91032985,0.08156972
oe:player:c05579e8624ada6989734cbf2ab2e07,Benda,oe:team:e3f89acb10ecd65327fa954ff2ec047,Dynamo Eclot,mid,2023,10,10,7,-0.36003514,-0.18001757,-0.48291846,-0.00441390,True,0.21884849,0.24718716,587.41998776,662.99823638,0.50000000,0.88217350,601.82662551,0.21995803,0.26184761,0.95132658,0.04136768
oe:player:c142368a9f94d6334133932a7e5ce0d,Speedy,oe:team:9a3327bd6c9a07e61350e24d97419fa,SINNERS Esports,jng,2023,32,27,24,-0.57477283,-0.41942882,-0.58003398,-0.24033235,True,0.18580463,0.13661584,361.03952353,463.87779332,0.48148148,1.28285358,385.98330492,0.19009395,0.15954606,1.34855565,-0.11660200
oe:player:c49e01c67147c8b2580273ca5e0d261,Melekx,oe:team:7f0dbe2d7087bdad6566b0c0b81ad7c,Cryptova,sup,2023,28,23,23,-0.55547011,-0.38714583,-0.58403045,-0.17694405,True,0.13251127,0.07904635,142.26486630,212.13226416,0.26086957,2.63467464,194.77966484,0.13694606,0.08355460,2.61789331,-0.39830915
oe:player:cdc952e024c99837dc7af684adf322e,Joao,oe:team:c2bd1dd17a070dbbb8df9aefb634a41,Inside Games,sup,2023,6,0,0,,,,,False,,,,,,,194.77966484,0.13694606,0.08355460,2.61789331,-0.39830915
oe:player:cf009e2ce4392b47be19c983b6a7064,Strode,oe:team:9a3327bd6c9a07e61350e24d97419fa,SINNERS Esports,bot,2023,32,27,24,0.82715667,0.60360081,0.30195832,0.88789935,True,0.25657419,0.32130702,864.70877724,658.45531538,0.48148148,1.10906061,637.35825596,0.23341031,0.26724883,0.93997993,0.16583544
oe:player:d0c52a9400db78779e0baae662a3fc2,Adiss,oe:team:9a3327bd6c9a07e61350e24d97419fa,SINNERS Esports,top,2023,32,27,24,0.20106453,0.14672276,-0.10406318,0.42816953,True,0.20922490,0.21207303,565.43969842,531.43254369,0.48148148,0.88370537,494.55667307,0.21264977,0.21281461,0.91032985,0.08156972
oe:player:d16f72b532568af5766bc9e1d8659fd,Tadeusz,oe:team:bbd25c9b9a5044937d8800dfeb8922e,ERKO Esports,mid,2023,6,0,0,,,,,False,,,,,,,601.82662551,0.21995803,0.26184761,0.95132658,0.04136768
oe:player:d2c3f469076bec7c92eb899661a441d,Bobsik,oe:team:c2bd1dd17a070dbbb8df9aefb634a41,Inside Games,top,2023,14,14,14,0.25974243,0.15151642,-0.09139782,0.44158776,True,0.22029631,0.23203333,512.57144140,465.46627781,0.07142857,0.73529032,494.55667307,0.21264977,0.21281461,0.91032985,0.08156972
oe:player:da13539e133132113df109837a6ee08,Nora,oe:team:c9c57deef5fcd4cd734181f121c9ee8,Team Sampi,mid,2023,1,0,0,,,,,False,,,,,,,601.82662551,0.21995803,0.26184761,0.95132658,0.04136768
oe:player:da42e570628dca94b93f266b823b26c,SyLees,oe:team:c9c57deef5fcd4cd734181f121c9ee8,Team Sampi,mid,2023,2,2,2,-1.83088834,-0.30514806,,,False,0.19033342,0.11376810,195.07237118,575.82762625,0.00000000,0.54073749,601.82662551,0.21995803,0.26184761,0.95132658,0.04136768
oe:player:dcd93cc48ba71890cc0580de524f536,FGG,oe:team:3faefd9245a4ef6ba347fbcf2a51515,eSuba,sup,2023,48,43,28,-0.46731279,-0.37914056,-0.57902818,-0.18198179,True,0.13223981,0.07058050,165.27177386,219.80165042,0.51162791,2.92496678,194.77966484,0.13694606,0.08355460,2.61789331,-0.39830915
oe:player:e42fd90dea956c3986b69209b56ce16,OMON,oe:team:e3f89acb10ecd65327fa954ff2ec047,Dynamo Eclot,bot,2023,1,0,0,,,,,False,,,,,,,637.35825596,0.23341031,0.26724883,0.93997993,0.16583544
oe:player:e42fd90dea956c3986b69209b56ce16,OMON,oe:team:e3f89acb10ecd65327fa954ff2ec047,Dynamo Eclot,mid,2023,22,18,11,0.63718127,0.40961653,0.04524956,0.71821334,True,0.22298640,0.28727750,770.97361308,638.29081169,0.61111111,1.13226321,601.82662551,0.21995803,0.26184761,0.95132658,0.04136768
oe:player:e4eb0cb44f9e94d04413f4b9a376b7e,ONLY,oe:team:c9c57deef5fcd4cd734181f121c9ee8,Team Sampi,bot,2023,6,0,0,,,,,False,,,,,,,637.35825596,0.23341031,0.26724883,0.93997993,0.16583544
oe:player:e7f7d74d20b3434cf17be7d35b86d42,Blice,oe:team:bbd25c9b9a5044937d8800dfeb8922e,ERKO Esports,top,2023,6,0,0,,,,,False,,,,,,,494.55667307,0.21264977,0.21281461,0.91032985,0.08156972
oe:player:ed74ac1457eaea4683f98db2f7fe974,Charca,oe:team:c9c57deef5fcd4cd734181f121c9ee8,Team Sampi,bot,2023,27,23,23,0.54053796,0.37673858,0.16144716,0.60420501,True,0.23278976,0.29124547,704.46478244,572.75154848,0.43478261,0.81154835,637.35825596,0.23341031,0.26724883,0.93997993,0.16583544
oe:player:eeaf1e38c16726eaa1266ff7333c30c,Phenix,oe:team:bbd25c9b9a5044937d8800dfeb8922e,ERKO Esports,sup,2023,6,0,0,,,,,False,,,,,,,194.77966484,0.13694606,0.08355460,2.61789331,-0.39830915
oe:player:eeaf1e38c16726eaa1266ff7333c30c,Phenix,oe:team:ddb6aa775eebeffd5cc41ba5c35c6a1,BRUTE,sup,2023,14,9,9,-0.84295660,-0.39929523,-0.49950998,-0.29839215,False,0.14332893,0.06600042,169.84385769,278.32321903,0.11111111,2.15403928,194.77966484,0.13694606,0.08355460,2.61789331,-0.39830915
oe:player:f72af12f47362bdec4b0ca91070cf43,DANY,oe:team:3faefd9245a4ef6ba347fbcf2a51515,eSuba,bot,2023,48,43,28,-0.18518638,-0.15024556,-0.29345419,0.02411845,True,0.22404040,0.23939078,557.06817748,607.52025294,0.51162791,1.11259358,637.35825596,0.23341031,0.26724883,0.93997993,0.16583544
oe:player:f8d698aea36fcbead2b9d5359ffca76,Smarty,oe:team:e3f89acb10ecd65327fa954ff2ec047,Dynamo Eclot,sup,2023,41,36,26,-0.70732651,-0.55355987,-0.73184025,-0.33451187,True,0.13389593,0.07605318,190.54344561,270.73592363,0.55555556,2.81999805,194.77966484,0.13694606,0.08355460,2.61789331,-0.39830915
oe:player:ffa7f50db949da3f7ccec7e2c4ec4c6,raining,oe:team:ddb6aa775eebeffd5cc41ba5c35c6a1,BRUTE,bot,2023,37,32,24,0.58093990,0.44262087,0.19588384,0.75922063,True,0.23585758,0.31625188,755.28817548,612.69005656,0.50000000,1.06121714,637.35825596,0.23341031,0.26724883,0.93997993,0.16583544
