pair_id,team_id,team,player_a_id,player_b_id,player_a,player_b,season,n_games_total,n_games,n_days,mean_impact,shrunk_impact,ci_low,ci_high,eligible,win_rate
pair-018c90917836b0e3,oe:team:f4c4528c6981e104a11ea7548630c23,Oh My God,oe:player:407b2b8fcb2fd977fc766d5df3f4dff,oe:player:92f0831b560a15d8be3be25275adb08,Hery,Heng,2025,26,13,5,-0.34968358,-0.19764724,-0.35337276,-0.00658227,True,0.15384615
pair-026b9c7bf997160f,oe:team:33d17f3717f58e12a3da80b377221fb,FunPlus Phoenix,oe:player:88bba3108e62145a9780becd3eb553d,oe:player:dfe5b204f04f40a84019af080662259,Jiejie,Jwei,2025,10,10,3,0.36055456,0.18027728,-0.03626139,0.29282310,True,0.30000000
pair-0395d2734db75660,oe:team:b42d0f31f2727621b963042276817c4,JD Gaming,oe:player:39d7885ab4602a7f8d202883d253f5e,oe:player:8007ba25dee37ac1e4445a6e9f8d252,Wink,Xiaoxu,2025,16,16,7,-0.46730352,-0.28757140,-0.43253200,-0.14291215,True,0.31250000
pair-0396681567d92350,oe:team:73f3126d91d35faa5d5ce34abadb865,Royal Never Give Up,oe:player:6ad53ca055b82d5e23b83df6093df11,oe:player:8007ba25dee37ac1e4445a6e9f8d252,Niket,Xiaoxu,2025,23,17,6,0.15781380,0.09936424,-0.09666555,0.23954043,True,0.29411765
pair-049af9d7134d0cac,oe:team:d356a144644879dabb5f34cd99c886d,Bilibili Gaming,oe:player:a58a0d41103cdc5b58cbb547eeaca2d,oe:player:b61e517b1a6027160aafaf56e9867c0,Elk,Wei,2025,52,26,10,0.01222134,0.00882652,-0.24308670,0.28564317,True,0.53846154
pair-04b69f73e5f297d5,oe:team:056c3140a119e44a03d462e2c832f27,EDward Gaming,oe:player:542b1268b090a5fc82442efbd8d8165,oe:player:da3299cd46f1ad8a86bbadeb6b8a320,Angel,Assum,2025,10,0,0,,,,,False,
pair-05a67e2fa19b5e93,oe:team:d356a144644879dabb5f34cd99c886d,Bilibili Gaming,oe:player:a58a0d41103cdc5b58cbb547eeaca2d,oe:player:fb66ef5885b4be9323905b821dc3a42,Elk,Bin,2025,148,122,42,0.06522839,0.06028684,-0.06029344,0.19097658,True,0.62295082
pair-060dc90d2394d5cb,oe:team:056c3140a119e44a03d462e2c832f27,EDward Gaming,oe:player:132ee4b29ebeac294a420dcebe64bdc,oe:player:da3299cd46f1ad8a86bbadeb6b8a320,Zdz,Assum,2025,10,0,0,,,,,False,
pair-0679329ed1092da8,oe:team:33d17f3717f58e12a3da80b377221fb,FunPlus Phoenix,oe:player:3ce68cf813bc34243279fd7fe3cecbb,oe:player:4462a94df8bf2cf755c0c5da35f0282,sheer,bat,2025,10,0,0,,,,,False,
pair-06a9f79ff25bb1d4,oe:team:33d17f3717f58e12a3da80b377221fb,FunPlus Phoenix,oe:player:31b62cc3cf89d670fdef677faed2789,oe:player:d971df9441d60af93a87545e6a8f884,milkyway,JiaQi,2025,9,9,4,-0.29193680,-0.13828585,-0.23474690,-0.06357951,False,0.22222222
pair-094273766eeb92ec,oe:team:8d09428f093dfbf3c488bce350af0b1,Ultra Prime,oe:player:211333df928f872c063bce4ef25ea63,oe:player:403937c97942cb4634ef8907077ede5,Junhao,Xiaoxia,2025,58,55,19,0.00820929,0.00694632,-0.16673967,0.19253265,True,0.36363636
pair-095706aa4a3c81cd,oe:team:53a258f289c26d94431c0496a54e151,Invictus Gaming,oe:player:b61e517b1a6027160aafaf56e9867c0,oe:player:bda7cc061d7a1576f1dcad33dd505cd,Wei,Meiko,2025,42,42,17,-0.05872257,-0.04742977,-0.20009750,0.11783545,True,0.64285714
pair-0ae3f42dd7aa89dd,oe:team:f4c4528c6981e104a11ea7548630c23,Oh My God,oe:player:0be01924125adebc1a95bbb09d0c4d1,oe:player:cb6616189a21f8e8ed43ccdb3f6904a,Starry,Linfeng,2025,22,9,3,-0.21818661,-0.10335155,-0.37280233,0.37659548,False,0.22222222
pair-0b6e5f4615efa07e,oe:team:b42d0f31f2727621b963042276817c4,JD Gaming,oe:player:39d7885ab4602a7f8d202883d253f5e,oe:player:fbdc4428b2d095c83aebeed5da4e4b2,Wink,Xun,2025,16,16,7,-0.64423564,-0.39645270,-0.48197662,-0.31918441,True,0.31250000
pair-0c24247213b3ce43,oe:team:d356a144644879dabb5f34cd99c886d,Bilibili Gaming,oe:player:c332dc879e14f1feb266190c7f396fd,oe:player:fb66ef5885b4be9323905b821dc3a42,Shad0w,Bin,2025,43,43,17,0.03081575,0.02500146,-0.08134864,0.13340669,True,0.62790698
pair-0d6c718caf9f68f6,oe:team:8d09428f093dfbf3c488bce350af0b1,Ultra Prime,oe:player:2c356e2803d68c33c11e65496fff9bd,oe:player:2cec4b6803b4678250233ae79205f2e,Baiye,1Jiang,2025,31,31,12,0.03262156,0.02466508,-0.22705430,0.29922494,True,0.32258065
pair-0d9cb35f38e6d96a,oe:team:73f3126d91d35faa5d5ce34abadb865,Royal Never Give Up,oe:player:31b62cc3cf89d670fdef677faed2789,oe:player:3c93fcbfb525315f6412904e5b9abbd,milkyway,Tangyuan,2025,31,17,6,-0.04025375,-0.02534495,-0.21715831,0.17846596,True,0.29411765
pair-0e174a88149072b4,oe:team:73f3126d91d35faa5d5ce34abadb865,Royal Never Give Up,oe:player:3c93fcbfb525315f6412904e5b9abbd,oe:player:d971df9441d60af93a87545e6a8f884,Tangyuan,JiaQi,2025,31,17,6,-0.02033496,-0.01280350,-0.20553192,0.14514475,True,0.29411765
pair-10a60326d73577df,oe:team:a9145b7711873f53e610fbba0493484,LNG Esports,oe:player:57da8dfcfbdb4e5b019fe93003db1c4,oe:player:f886838ee1808c2f217208267a829ce,Weiwei,haichao,2025,16,3,1,0.09551815,0.02204265,,,False,0.00000000
pair-11343412a1c361b3,oe:team:53a258f289c26d94431c0496a54e151,Invictus Gaming,oe:player:867e8957fae1cb59f0808dbcc3aada2,oe:player:88bba3108e62145a9780becd3eb553d,GALA,Jiejie,2025,90,72,25,0.02916211,0.02560575,-0.16083130,0.19958577,True,0.56944444
pair-11837d5656528c0a,oe:team:8d09428f093dfbf3c488bce350af0b1,Ultra Prime,oe:player:2c356e2803d68c33c11e65496fff9bd,oe:player:403937c97942cb4634ef8907077ede5,Baiye,Xiaoxia,2025,31,31,12,0.00508796,0.00384699,-0.28368366,0.30654701,True,0.32258065
pair-11b252ef69d41521,oe:team:48d7941ccbd5b89aca46c57b0c2f8fb,Ninjas in Pyjamas,oe:player:3faae62fb907ad7cbcf2167beb8b2c7,oe:player:708bbc09836488d812e6775a07d785f,Aki,shanji,2025,47,28,11,0.04547264,0.03350615,-0.11727734,0.19671172,True,0.35714286
pair-11f6dd1171a4db7d,oe:team:73f3126d91d35faa5d5ce34abadb865,Royal Never Give Up,oe:player:ad991b9f2f7e553d4eefb9f5d06afc9,oe:player:d971df9441d60af93a87545e6a8f884,Lele,JiaQi,2025,8,0,0,,,,,False,
pair-121495bc0090bebe,oe:team:056c3140a119e44a03d462e2c832f27,EDward Gaming,oe:player:58771d428ade54dd5983bbe70ce0383,oe:player:da3299cd46f1ad8a86bbadeb6b8a320,Xiaohao,Assum,2025,10,0,0,,,,,False,
pair-12f922245f90e792,oe:team:056c3140a119e44a03d462e2c832f27,EDward Gaming,oe:player:132ee4b29ebeac294a420dcebe64bdc,oe:player:66d0ff0f8f9b5296770c1dbda549950,Zdz,Ahn,2025,58,55,20,0.25359373,0.21457931,0.06006707,0.38772428,True,0.56363636
pair-13bc47bc64a5a6e5,oe:team:33d17f3717f58e12a3da80b377221fb,FunPlus Phoenix,oe:player:6bc43cc1537fa4ac6295b4899e972cf,oe:player:c332dc879e14f1feb266190c7f396fd,Care,Shad0w,2025,74,68,24,0.24808809,0.21628193,0.03287999,0.43342486,True,0.41176471
pair-13ffa544421d0811,oe:team:df80f468a3f9a722df056fe9104f052,ThunderTalk Gaming,oe:player:4ff7b91bbc9492e9f96d28dda496653,oe:player:d2b317a92a71a850ae3da1e0d83e883,SeTab,1xn,2025,98,74,30,0.02017119,0.01776986,-0.11075558,0.13716142,True,0.29729730
pair-153aabd6ad88d413,oe:team:ed28f87f0cfdba0a2a8f183cebae73a,Anyone's Legend,oe:player:7cf68f44e5dc31827b1d3f0a3b4a28e,oe:player:aad3806ef26a116c73b11efa07e9bd8,Hope,Flandre,2025,142,114,42,0.01613281,0.01483178,-0.10395396,0.13592398,True,0.64912281
pair-161155a3757d4492,oe:team:62c1cd9465dc63824593ee5046f5aa8,Team WE,oe:player:498246d6c44175256a07ed5f322c817,oe:player:b6603b64c5cabad210826735469838b,Karis,Cube,2025,127,114,41,0.18530167,0.17035799,0.05071395,0.28781583,True,0.43859649
pair-16a8a6017a361edc,oe:team:48d7941ccbd5b89aca46c57b0c2f8fb,Ninjas in Pyjamas,oe:player:6ad53ca055b82d5e23b83df6093df11,oe:player:b42e757e6ed7f3eb263f69eb034f092,Niket,Solokill,2025,38,38,13,-0.22033192,-0.17442943,-0.33026371,-0.01733430,True,0.60526316
pair-180d685ff8e70aca,oe:team:f4c4528c6981e104a11ea7548630c23,Oh My God,oe:player:0be01924125adebc1a95bbb09d0c4d1,oe:player:48b7344051c2365da81acb5c3de8eb1,Starry,beishang,2025,6,6,2,-0.29285132,-0.10981924,,,False,0.50000000
pair-1c3eea874abe806c,oe:team:62c1cd9465dc63824593ee5046f5aa8,Team WE,oe:player:952237fce714ed1eca8ded17523bee9,oe:player:e9aecf3f86eadc4cabbf95b7d92be0d,Taeyoon,Tianzhen,2025,6,0,0,,,,,False,
pair-1d03f13c2fbc6d91,oe:team:48d7941ccbd5b89aca46c57b0c2f8fb,Ninjas in Pyjamas,oe:player:3faae62fb907ad7cbcf2167beb8b2c7,oe:player:b42e757e6ed7f3eb263f69eb034f092,Aki,Solokill,2025,26,26,10,-0.07650271,-0.05525196,-0.20979379,0.09527450,True,0.34615385
pair-1da6d7520fd22001,oe:team:a9145b7711873f53e610fbba0493484,LNG Esports,oe:player:1c42d9266c8b391c7870b7a39f25a12,oe:player:e78da55d6db43d982f841204a8e51ac,Photic,Zhuo,2025,16,3,1,-0.03755922,-0.00866751,,,False,0.00000000
pair-1e5b5c69a40a2ab5,oe:team:606c6ac695907af3823ee6405c58ff1,Weibo Gaming,oe:player:0da0eeb199e8fa3ab773cf84f9de9ab,oe:player:a7128975a782c11d8c34525be8e1b6c,Tian,Erha,2025,48,48,16,0.16547877,0.13694795,-0.01145190,0.30604772,True,0.43750000
pair-1ebf3b61360a8b83,oe:team:f4c4528c6981e104a11ea7548630c23,Oh My God,oe:player:0be01924125adebc1a95bbb09d0c4d1,oe:player:92f0831b560a15d8be3be25275adb08,Starry,Heng,2025,26,13,5,-0.43034357,-0.24323767,-0.44956440,0.08201524,True,0.15384615
pair-1f13ab58c85c7101,oe:team:f4c4528c6981e104a11ea7548630c23,Oh My God,oe:player:407b2b8fcb2fd977fc766d5df3f4dff,oe:player:9bcf397008d511151380efd9e6b2ae6,Hery,charlotte,2025,10,10,4,-0.40334576,-0.20167288,-0.36740117,-0.09118736,True,0.30000000
pair-1f6c9acec238c0fd,oe:team:df80f468a3f9a722df056fe9104f052,ThunderTalk Gaming,oe:player:5000a68e43f946c726a17e1008e230a,oe:player:a57c46c636a00b1721780dd44f9c42f,Feather,xiaohuangren,2025,24,24,10,-0.22967645,-0.16212455,-0.34069655,0.03481675,True,0.25000000
pair-1fc71b3bb2e335cf,oe:team:f4c4528c6981e104a11ea7548630c23,Oh My God,oe:player:9bcf397008d511151380efd9e6b2ae6,oe:player:dfc279de8d7bd571aa8edfd7eb89c03,charlotte,Moham,2025,10,10,4,-0.22723715,-0.11361858,-0.32054820,0.02433450,True,0.30000000
pair-20c4c60951ac0d06,oe:team:48d7941ccbd5b89aca46c57b0c2f8fb,Ninjas in Pyjamas,oe:player:615b1f347cdf6bc6df1883ed9e18496,oe:player:b42e757e6ed7f3eb263f69eb034f092,ppgod,Solokill,2025,26,26,10,-0.07094916,-0.05124106,-0.28856869,0.16452402,True,0.34615385
pair-23ec82411b13ccd0,oe:team:ed28f87f0cfdba0a2a8f183cebae73a,Anyone's Legend,oe:player:62922f2b370657a966de4d84f5586bf,oe:player:aad3806ef26a116c73b11efa07e9bd8,Tarzan,Flandre,2025,142,114,42,0.11960912,0.10996322,0.01836671,0.20968543,True,0.64912281
pair-25007d9e76f6c7fe,oe:team:fcec508e780bbd1ad493852640f5b36,Top Esports,oe:player:6059545b206c4b230b97fd3651b473a,oe:player:6e7908512cb309a43388bb464a312a2,Crisp,Creme,2025,94,64,23,-0.36039431,-0.31169238,-0.46830849,-0.14910482,True,0.65625000
pair-271a98547d53d641,oe:team:b42d0f31f2727621b963042276817c4,JD Gaming,oe:player:5bbc2b92348d930ebd500cb9ce71bb7,oe:player:f40f1b0923c35568f417aef1e01ca6b,Peyz,Ale,2025,83,54,21,0.04685757,0.03953608,-0.15378450,0.23060727,True,0.61111111
pair-296cd532129a6e3e,oe:team:33d17f3717f58e12a3da80b377221fb,FunPlus Phoenix,oe:player:3ce68cf813bc34243279fd7fe3cecbb,oe:player:6bc43cc1537fa4ac6295b4899e972cf,sheer,Care,2025,115,105,39,0.06918513,0.06316903,-0.07062079,0.20675263,True,0.34285714
pair-29c2b1b581e43084,oe:team:056c3140a119e44a03d462e2c832f27,EDward Gaming,oe:player:13166913111075999f2adeb687548eb,oe:player:66d0ff0f8f9b5296770c1dbda549950,Parukia,Ahn,2025,34,34,13,0.29789473,0.23019138,0.04144185,0.43005661,True,0.64705882
pair-2bac8533b76acadc,oe:team:8d09428f093dfbf3c488bce350af0b1,Ultra Prime,oe:player:2cec4b6803b4678250233ae79205f2e,oe:player:403937c97942cb4634ef8907077ede5,1Jiang,Xiaoxia,2025,58,55,19,0.09495079,0.08034298,-0.07600421,0.23540459,True,0.36363636
pair-2bd1b577eb18799c,oe:team:ed28f87f0cfdba0a2a8f183cebae73a,Anyone's Legend,oe:player:62922f2b370657a966de4d84f5586bf,oe:player:d24f38ec30ce6f7577066f80e43e4bf,Tarzan,Kael,2025,142,114,42,0.06740723,0.06197116,-0.06766159,0.19529889,True,0.64912281
pair-2c3e0c64a7d8de7a,oe:team:d356a144644879dabb5f34cd99c886d,Bilibili Gaming,oe:player:05326a1c42e9c27a1067768c88955e7,oe:player:fb66ef5885b4be9323905b821dc3a42,Beichuan,Bin,2025,53,53,18,-0.09350819,-0.07866562,-0.25022121,0.10550712,True,0.66037736
pair-2c48484fd44ed142,oe:team:a9145b7711873f53e610fbba0493484,LNG Esports,oe:player:1c42d9266c8b391c7870b7a39f25a12,oe:player:65ed20b21e2993fb00dbd21a2fd991b,Photic,Zika,2025,16,3,1,0.11633948,0.02684757,,,False,0.00000000
pair-2c5e28ed32b51438,oe:team:33d17f3717f58e12a3da80b377221fb,FunPlus Phoenix,oe:player:3ce68cf813bc34243279fd7fe3cecbb,oe:player:4aa496a041ce3b1febfc4887d057f11,sheer,sorrow,2025,4,0,0,,,,,False,
pair-2dc649865b7078a8,oe:team:33d17f3717f58e12a3da80b377221fb,FunPlus Phoenix,oe:player:6bc43cc1537fa4ac6295b4899e972cf,oe:player:d971df9441d60af93a87545e6a8f884,Care,JiaQi,2025,37,37,15,0.08591904,0.06763839,-0.16274841,0.28172343,True,0.21621622
pair-2f76cf7675e69f71,oe:team:5f401785b6b78326f9a46b3c6b206ed,LGD Gaming,oe:player:30b18cd72f0d41ae18f14378d2dab48,oe:player:6d734e1e86b978852d95cfd63d6a643,Climber,Shaoye,2025,49,37,15,-0.06566575,-0.05169432,-0.29791096,0.18735490,True,0.40540541
pair-324cb72fd58d6778,oe:team:056c3140a119e44a03d462e2c832f27,EDward Gaming,oe:player:13166913111075999f2adeb687548eb,oe:player:132ee4b29ebeac294a420dcebe64bdc,Parukia,Zdz,2025,34,34,13,0.40189412,0.31055455,0.20103983,0.41584821,True,0.64705882
pair-327f346d7db9849e,oe:team:73f3126d91d35faa5d5ce34abadb865,Royal Never Give Up,oe:player:31b62cc3cf89d670fdef677faed2789,oe:player:8007ba25dee37ac1e4445a6e9f8d252,milkyway,Xiaoxu,2025,31,17,6,0.04526908,0.02850275,-0.07794477,0.13055414,True,0.29411765
pair-33a55e3b30b24fff,oe:team:33d17f3717f58e12a3da80b377221fb,FunPlus Phoenix,oe:player:c332dc879e14f1feb266190c7f396fd,oe:player:dfe5b204f04f40a84019af080662259,Shad0w,Jwei,2025,74,68,24,0.45296907,0.39489612,0.24094922,0.56590475,True,0.41176471
pair-39859e4aaf87cbb3,oe:team:b42d0f31f2727621b963042276817c4,JD Gaming,oe:player:39d7885ab4602a7f8d202883d253f5e,oe:player:5bbc2b92348d930ebd500cb9ce71bb7,Wink,Peyz,2025,16,16,7,-0.41655756,-0.25634312,-0.38853088,-0.15152728,True,0.31250000
pair-3a526f01906747f1,oe:team:53a258f289c26d94431c0496a54e151,Invictus Gaming,oe:player:88bba3108e62145a9780becd3eb553d,oe:player:bda7cc061d7a1576f1dcad33dd505cd,Jiejie,Meiko,2025,90,72,25,-0.18791413,-0.16499777,-0.30239134,-0.01232626,True,0.56944444
pair-3aa5dbb7766fc1aa,oe:team:ed28f87f0cfdba0a2a8f183cebae73a,Anyone's Legend,oe:player:0e2f0d3ded24c190dd6a4b3d6f89f04,oe:player:7cf68f44e5dc31827b1d3f0a3b4a28e,Shanks,Hope,2025,142,114,42,0.06973160,0.06410808,-0.04495148,0.18120999,True,0.64912281
pair-3ac31d0959c464b7,oe:team:606c6ac695907af3823ee6405c58ff1,Weibo Gaming,oe:player:0d9b0a3b3a93a8f759c9d8ac8eef97c,oe:player:3c4d21c7addb20fea3fec30418ac3d3,Breathe,Light,2025,135,116,41,0.07552191,0.06952811,-0.04762855,0.19566679,True,0.45689655
pair-3ce66f0c851b77d0,oe:team:f4c4528c6981e104a11ea7548630c23,Oh My God,oe:player:407b2b8fcb2fd977fc766d5df3f4dff,oe:player:dfc279de8d7bd571aa8edfd7eb89c03,Hery,Moham,2025,32,19,7,-0.06942980,-0.04548849,-0.18341659,0.04551778,True,0.26315789
pair-3d28edc46b4673ab,oe:team:48d7941ccbd5b89aca46c57b0c2f8fb,Ninjas in Pyjamas,oe:player:3faae62fb907ad7cbcf2167beb8b2c7,oe:player:9b73925063fe3714ebb4e8c10f551c0,Aki,Doinb,2025,73,54,21,-0.08442094,-0.07123017,-0.20063943,0.06503390,True,0.35185185
pair-3ef1565393a165de,oe:team:ed28f87f0cfdba0a2a8f183cebae73a,Anyone's Legend,oe:player:0e2f0d3ded24c190dd6a4b3d6f89f04,oe:player:aad3806ef26a116c73b11efa07e9bd8,Shanks,Flandre,2025,142,114,42,0.07130400,0.06555368,-0.04412766,0.16825244,True,0.64912281
pair-401816b901c910b9,oe:team:606c6ac695907af3823ee6405c58ff1,Weibo Gaming,oe:player:0da0eeb199e8fa3ab773cf84f9de9ab,oe:player:6059545b206c4b230b97fd3651b473a,Tian,Crisp,2025,52,52,18,0.32979729,0.27660418,0.06720856,0.47053621,True,0.46153846
pair-421a6b81f810267c,oe:team:ed28f87f0cfdba0a2a8f183cebae73a,Anyone's Legend,oe:player:0e2f0d3ded24c190dd6a4b3d6f89f04,oe:player:d24f38ec30ce6f7577066f80e43e4bf,Shanks,Kael,2025,142,114,42,0.01910211,0.01756162,-0.11082365,0.15354076,True,0.64912281
pair-428afd3e200ddc14,oe:team:33d17f3717f58e12a3da80b377221fb,FunPlus Phoenix,oe:player:6bc43cc1537fa4ac6295b4899e972cf,oe:player:88bba3108e62145a9780becd3eb553d,Care,Jiejie,2025,10,10,3,0.19109046,0.09554523,-0.09205068,0.19012738,True,0.30000000
pair-429f2375cd0c57ed,oe:team:8d09428f093dfbf3c488bce350af0b1,Ultra Prime,oe:player:211333df928f872c063bce4ef25ea63,oe:player:b0bc58cfe06ee4ee966c77790520a9b,Junhao,Rosielove,2025,12,0,0,,,,,False,
pair-43cac9a372f9dfc0,oe:team:48d7941ccbd5b89aca46c57b0c2f8fb,Ninjas in Pyjamas,oe:player:615b1f347cdf6bc6df1883ed9e18496,oe:player:9b73925063fe3714ebb4e8c10f551c0,ppgod,Doinb,2025,73,54,21,-0.10500880,-0.08860117,-0.27960279,0.09539390,True,0.35185185
pair-4440604b208edeb9,oe:team:5f401785b6b78326f9a46b3c6b206ed,LGD Gaming,oe:player:30b18cd72f0d41ae18f14378d2dab48,oe:player:e85e46c5f3d3fcce55af9ca6a4cb45c,Climber,sasi,2025,49,37,15,-0.26496127,-0.20858653,-0.42868046,0.01725438,True,0.40540541
pair-44e3415607ab1c8d,oe:team:056c3140a119e44a03d462e2c832f27,EDward Gaming,oe:player:58771d428ade54dd5983bbe70ce0383,oe:player:66d0ff0f8f9b5296770c1dbda549950,Xiaohao,Ahn,2025,58,55,20,0.12044576,0.10191565,-0.05138687,0.27239162,True,0.56363636
pair-44edab7859e60ade,oe:team:a9145b7711873f53e610fbba0493484,LNG Esports,oe:player:5e1c1cfafed233a25b0621a15629d20,oe:player:e78da55d6db43d982f841204a8e51ac,5t5,Zhuo,2025,5,5,2,-0.44894447,-0.14964816,,,False,0.20000000
pair-46636884e534acac,oe:team:056c3140a119e44a03d462e2c832f27,EDward Gaming,oe:player:132ee4b29ebeac294a420dcebe64bdc,oe:player:58771d428ade54dd5983bbe70ce0383,Zdz,Xiaohao,2025,68,55,20,0.21057182,0.17817616,0.08271575,0.29050525,True,0.56363636
pair-46f37c689dd0fea4,oe:team:b42d0f31f2727621b963042276817c4,JD Gaming,oe:player:10d1208b485425756fcc932229386b0,oe:player:fbdc4428b2d095c83aebeed5da4e4b2,MISSING,Xun,2025,83,54,21,-0.03507700,-0.02959622,-0.23058127,0.18654451,True,0.61111111
pair-4ad8591db694abfa,oe:team:33d17f3717f58e12a3da80b377221fb,FunPlus Phoenix,oe:player:b8d0c78f3ecdcf7ca398a77dc8ef5af,oe:player:dfe5b204f04f40a84019af080662259,iyy,Jwei,2025,18,18,9,-0.26697881,-0.17162924,-0.29464397,-0.04074733,True,0.16666667
pair-4b23fea8f5150718,oe:team:056c3140a119e44a03d462e2c832f27,EDward Gaming,oe:player:132ee4b29ebeac294a420dcebe64bdc,oe:player:542b1268b090a5fc82442efbd8d8165,Zdz,Angel,2025,68,55,20,0.26772063,0.22653284,0.08379331,0.36875036,True,0.56363636
pair-4ba7fe8ecba1de74,oe:team:8d09428f093dfbf3c488bce350af0b1,Ultra Prime,oe:player:211333df928f872c063bce4ef25ea63,oe:player:2cec4b6803b4678250233ae79205f2e,Junhao,1Jiang,2025,70,55,19,0.06475961,0.05479659,-0.10770139,0.21140088,True,0.36363636
pair-4bbf55264e53bfe1,oe:team:62c1cd9465dc63824593ee5046f5aa8,Team WE,oe:player:41ad87cfc159526f62529db61162a2a,oe:player:498246d6c44175256a07ed5f322c817,Vampire,Karis,2025,127,114,41,0.30414758,0.27961955,0.16128199,0.41438100,True,0.43859649
pair-4bfb923da974e36a,oe:team:fcec508e780bbd1ad493852640f5b36,Top Esports,oe:player:0c74b7f78409a4022a2c4c5a5ca3ee1,oe:player:c54e1090ef1faa736b12493051c4855,369,JackeyLove,2025,152,122,42,0.01676133,0.01549153,-0.10500737,0.14552576,True,0.65573770
pair-4da63946ce1ebb6f,oe:team:33d17f3717f58e12a3da80b377221fb,FunPlus Phoenix,oe:player:31b62cc3cf89d670fdef677faed2789,oe:player:3ce68cf813bc34243279fd7fe3cecbb,milkyway,sheer,2025,9,9,4,-0.57152394,-0.27072187,-0.36333580,-0.19317286,False,0.22222222
pair-4e696d801e31e385,oe:team:62c1cd9465dc63824593ee5046f5aa8,Team WE,oe:player:a23b45071ea855f85e43db4b5a1683d,oe:player:b6603b64c5cabad210826735469838b,Monki,Cube,2025,121,114,41,0.22999988,0.21145150,0.09721761,0.32132952,True,0.43859649
pair-4ec6c835b260906f,oe:team:ed28f87f0cfdba0a2a8f183cebae73a,Anyone's Legend,oe:player:7cf68f44e5dc31827b1d3f0a3b4a28e,oe:player:d24f38ec30ce6f7577066f80e43e4bf,Hope,Kael,2025,142,114,42,-0.03606908,-0.03316029,-0.16203055,0.11564834,True,0.64912281
pair-4f1da54905289c10,oe:team:f4c4528c6981e104a11ea7548630c23,Oh My God,oe:player:92f0831b560a15d8be3be25275adb08,oe:player:dfc279de8d7bd571aa8edfd7eb89c03,Heng,Moham,2025,26,13,5,-0.22892180,-0.12939058,-0.25450134,0.02190574,True,0.15384615
pair-4fdb81c912f9ca4b,oe:team:b42d0f31f2727621b963042276817c4,JD Gaming,oe:player:5bbc2b92348d930ebd500cb9ce71bb7,oe:player:e78da55d6db43d982f841204a8e51ac,Peyz,Zhuo,2025,38,38,12,0.05564270,0.04405047,-0.12094172,0.20715285,True,0.50000000
pair-5107367d8eda6b3c,oe:team:62c1cd9465dc63824593ee5046f5aa8,Team WE,oe:player:498246d6c44175256a07ed5f322c817,oe:player:a23b45071ea855f85e43db4b5a1683d,Karis,Monki,2025,121,114,41,0.16538815,0.15205040,0.03365883,0.27354698,True,0.43859649
pair-51af19aa6319bbd9,oe:team:a9145b7711873f53e610fbba0493484,LNG Esports,oe:player:5e1c1cfafed233a25b0621a15629d20,oe:player:65ed20b21e2993fb00dbd21a2fd991b,5t5,Zika,2025,5,5,2,-0.59064384,-0.19688128,,,False,0.20000000
pair-525f33edd18447d4,oe:team:b42d0f31f2727621b963042276817c4,JD Gaming,oe:player:71e79ef80600d398d90cfebe3b0b758,oe:player:fbdc4428b2d095c83aebeed5da4e4b2,Scout,Xun,2025,137,108,40,-0.12361472,-0.11313889,-0.24357244,0.02317096,True,0.52777778
pair-533ba4fe905ba778,oe:team:b42d0f31f2727621b963042276817c4,JD Gaming,oe:player:10d1208b485425756fcc932229386b0,oe:player:5bbc2b92348d930ebd500cb9ce71bb7,MISSING,Peyz,2025,83,54,21,-0.05153321,-0.04348115,-0.25554481,0.18041183,True,0.61111111
pair-537056123def9b24,oe:team:8d09428f093dfbf3c488bce350af0b1,Ultra Prime,oe:player:2cec4b6803b4678250233ae79205f2e,oe:player:b0bc58cfe06ee4ee966c77790520a9b,1Jiang,Rosielove,2025,12,0,0,,,,,False,
pair-55114dbe1328eec1,oe:team:b42d0f31f2727621b963042276817c4,JD Gaming,oe:player:8007ba25dee37ac1e4445a6e9f8d252,oe:player:fbdc4428b2d095c83aebeed5da4e4b2,Xiaoxu,Xun,2025,54,54,19,-0.28731182,-0.24241935,-0.37901406,-0.10929814,True,0.44444444
pair-55a54ae3985e282a,oe:team:62c1cd9465dc63824593ee5046f5aa8,Team WE,oe:player:952237fce714ed1eca8ded17523bee9,oe:player:a23b45071ea855f85e43db4b5a1683d,Taeyoon,Monki,2025,121,114,41,0.16696676,0.15350170,0.02733969,0.27554466,True,0.43859649
pair-5741682d857d136f,oe:team:056c3140a119e44a03d462e2c832f27,EDward Gaming,oe:player:39d7885ab4602a7f8d202883d253f5e,oe:player:66d0ff0f8f9b5296770c1dbda549950,Wink,Ahn,2025,24,21,7,0.11119958,0.07532875,-0.10632577,0.28225169,True,0.42857143
pair-57d8d1b499aa983c,oe:team:73f3126d91d35faa5d5ce34abadb865,Royal Never Give Up,oe:player:3c93fcbfb525315f6412904e5b9abbd,oe:player:6ad53ca055b82d5e23b83df6093df11,Tangyuan,Niket,2025,23,17,6,0.07229096,0.04551653,-0.15582461,0.16641033,True,0.29411765
pair-584040cc27317fcb,oe:team:5f401785b6b78326f9a46b3c6b206ed,LGD Gaming,oe:player:397bcf46311de3cf780469b2a842b67,oe:player:a7b51467f09577883d7150f37393964,Ycx,naiyou,2025,13,13,5,0.12533324,0.07084053,-0.24669825,0.40030180,True,0.69230769
pair-58ba00336f0a606c,oe:team:5f401785b6b78326f9a46b3c6b206ed,LGD Gaming,oe:player:6d734e1e86b978852d95cfd63d6a643,oe:player:a7b51467f09577883d7150f37393964,Shaoye,naiyou,2025,13,13,5,0.28554314,0.16139395,-0.16264380,0.51338414,True,0.69230769
pair-59079f433cff89f9,oe:team:d356a144644879dabb5f34cd99c886d,Bilibili Gaming,oe:player:ed29043422e3c515e1cb292464b990b,oe:player:fb66ef5885b4be9323905b821dc3a42,Knight,Bin,2025,148,122,42,0.17771631,0.16425296,0.02397315,0.32251756,True,0.62295082
pair-59730851a3081860,oe:team:a9145b7711873f53e610fbba0493484,LNG Esports,oe:player:863519e5df81ff9b308c90f6a59495b,oe:player:a7bb2d8b4e4c1a1fde8c3e584ef6835,xiaofang,OvO,2025,11,11,5,0.49653275,0.26008858,0.15631765,0.36324498,True,0.45454545
pair-59d2fdf73ba94de0,oe:team:606c6ac695907af3823ee6405c58ff1,Weibo Gaming,oe:player:a7128975a782c11d8c34525be8e1b6c,oe:player:beea9fe15bff6a7ab0b3913d3d5fde6,Erha,Xiaohu,2025,48,48,16,-0.05068394,-0.04194533,-0.18636130,0.10773274,True,0.43750000
pair-5aaea2cfcf2f5f46,oe:team:606c6ac695907af3823ee6405c58ff1,Weibo Gaming,oe:player:0d9b0a3b3a93a8f759c9d8ac8eef97c,oe:player:beea9fe15bff6a7ab0b3913d3d5fde6,Breathe,Xiaohu,2025,135,116,41,0.14174188,0.13049252,0.01292040,0.25991617,True,0.45689655
pair-5bdfbee7391bbf08,oe:team:62c1cd9465dc63824593ee5046f5aa8,Team WE,oe:player:498246d6c44175256a07ed5f322c817,oe:player:e9aecf3f86eadc4cabbf95b7d92be0d,Karis,Tianzhen,2025,6,0,0,,,,,False,
pair-5f717fa44c1b604c,oe:team:73f3126d91d35faa5d5ce34abadb865,Royal Never Give Up,oe:player:31b62cc3cf89d670fdef677faed2789,oe:player:d971df9441d60af93a87545e6a8f884,milkyway,JiaQi,2025,31,17,6,-0.05181204,-0.03262239,-0.16510722,0.13310195,True,0.29411765
pair-5ff16ea5708d4ee5,oe:team:d356a144644879dabb5f34cd99c886d,Bilibili Gaming,oe:player:a58a0d41103cdc5b58cbb547eeaca2d,oe:player:c332dc879e14f1feb266190c7f396fd,Elk,Shad0w,2025,43,43,17,0.16775868,0.13610610,-0.01751825,0.28728026,True,0.62790698
pair-600f914db52dd2db,oe:team:48d7941ccbd5b89aca46c57b0c2f8fb,Ninjas in Pyjamas,oe:player:3faae62fb907ad7cbcf2167beb8b2c7,oe:player:615b1f347cdf6bc6df1883ed9e18496,Aki,ppgod,2025,73,54,21,-0.19123353,-0.16135329,-0.29763986,-0.01982285,True,0.35185185
pair-60db29a74b5d1782,oe:team:33d17f3717f58e12a3da80b377221fb,FunPlus Phoenix,oe:player:d971df9441d60af93a87545e6a8f884,oe:player:dfe5b204f04f40a84019af080662259,JiaQi,Jwei,2025,37,37,15,0.12214002,0.09615278,-0.15763900,0.34878474,True,0.21621622
pair-634f27628a6c7bd5,oe:team:ed28f87f0cfdba0a2a8f183cebae73a,Anyone's Legend,oe:player:0e2f0d3ded24c190dd6a4b3d6f89f04,oe:player:62922f2b370657a966de4d84f5586bf,Shanks,Tarzan,2025,142,114,42,0.17320791,0.15923953,0.04506809,0.28180081,True,0.64912281
pair-63ee5ae334e68acd,oe:team:33d17f3717f58e12a3da80b377221fb,FunPlus Phoenix,oe:player:4462a94df8bf2cf755c0c5da35f0282,oe:player:4aa496a041ce3b1febfc4887d057f11,bat,sorrow,2025,4,0,0,,,,,False,
pair-645c3f23bed62c93,oe:team:a9145b7711873f53e610fbba0493484,LNG Esports,oe:player:1c42d9266c8b391c7870b7a39f25a12,oe:player:f886838ee1808c2f217208267a829ce,Photic,haichao,2025,16,3,1,-0.12555481,-0.02897419,,,False,0.00000000
pair-64791b862cc9b9e5,oe:team:d356a144644879dabb5f34cd99c886d,Bilibili Gaming,oe:player:a58a0d41103cdc5b58cbb547eeaca2d,oe:player:ed29043422e3c515e1cb292464b990b,Elk,Knight,2025,148,122,42,0.22962112,0.21222558,0.07584995,0.36248420,True,0.62295082
pair-689f157bfd438728,oe:team:b42d0f31f2727621b963042276817c4,JD Gaming,oe:player:39d7885ab4602a7f8d202883d253f5e,oe:player:71e79ef80600d398d90cfebe3b0b758,Wink,Scout,2025,16,16,7,-0.30173302,-0.18568186,-0.26934334,-0.08963415,True,0.31250000
pair-6a6b3e4e8172f9c9,oe:team:33d17f3717f58e12a3da80b377221fb,FunPlus Phoenix,oe:player:88bba3108e62145a9780becd3eb553d,oe:player:d971df9441d60af93a87545e6a8f884,Jiejie,JiaQi,2025,10,10,3,0.69019334,0.34509667,0.25791911,0.49604528,True,0.30000000
pair-6dcbb9ea39be9b2d,oe:team:53a258f289c26d94431c0496a54e151,Invictus Gaming,oe:player:37f20525a39d17ec49fd10294f9c994,oe:player:867e8957fae1cb59f0808dbcc3aada2,TheShy,GALA,2025,132,114,42,0.26251311,0.24134270,0.07980520,0.42433581,True,0.59649123
pair-6dfc20236e69b0cb,oe:team:62c1cd9465dc63824593ee5046f5aa8,Team WE,oe:player:41ad87cfc159526f62529db61162a2a,oe:player:b6603b64c5cabad210826735469838b,Vampire,Cube,2025,127,114,41,0.36875931,0.33902066,0.22419230,0.46277361,True,0.43859649
pair-6e057b7efa63a084,oe:team:d356a144644879dabb5f34cd99c886d,Bilibili Gaming,oe:player:05326a1c42e9c27a1067768c88955e7,oe:player:a58a0d41103cdc5b58cbb547eeaca2d,Beichuan,Elk,2025,53,53,18,-0.01222401,-0.01028369,-0.19577404,0.17763832,True,0.66037736
pair-6e24e86292a24e11,oe:team:df80f468a3f9a722df056fe9104f052,ThunderTalk Gaming,oe:player:5000a68e43f946c726a17e1008e230a,oe:player:57ac9f77eae511aeee1e854434f73f2,Feather,HOYA,2025,98,74,30,-0.20081607,-0.17690939,-0.31156503,-0.04058402,True,0.29729730
pair-6e48aaa46ec22acd,oe:team:f4c4528c6981e104a11ea7548630c23,Oh My God,oe:player:407b2b8fcb2fd977fc766d5df3f4dff,oe:player:cb6616189a21f8e8ed43ccdb3f6904a,Hery,Linfeng,2025,22,9,3,-0.25778237,-0.12210744,-0.37110174,0.20886145,False,0.22222222
pair-706a9973d88953e2,oe:team:8d09428f093dfbf3c488bce350af0b1,Ultra Prime,oe:player:2cec4b6803b4678250233ae79205f2e,oe:player:64ff4f1dd75a5654ab87c0bbee89c1e,1Jiang,Wako,2025,39,24,8,-0.13620901,-0.09614754,-0.24108396,0.02423178,True,0.41666667
pair-7088caa9d66a8138,oe:team:606c6ac695907af3823ee6405c58ff1,Weibo Gaming,oe:player:6059545b206c4b230b97fd3651b473a,oe:player:beea9fe15bff6a7ab0b3913d3d5fde6,Crisp,Xiaohu,2025,52,52,18,0.42698196,0.35811390,0.19021969,0.52125647,True,0.46153846
pair-714699cf8e6d9d9a,oe:team:33d17f3717f58e12a3da80b377221fb,FunPlus Phoenix,oe:player:4462a94df8bf2cf755c0c5da35f0282,oe:player:6bc43cc1537fa4ac6295b4899e972cf,bat,Care,2025,10,0,0,,,,,False,
pair-74ccfcf5d2e2fcd7,oe:team:48d7941ccbd5b89aca46c57b0c2f8fb,Ninjas in Pyjamas,oe:player:9b73925063fe3714ebb4e8c10f551c0,oe:player:a7b51467f09577883d7150f37393964,Doinb,naiyou,2025,38,38,13,0.03518978,0.02785858,-0.14937443,0.19998347,True,0.60526316
pair-759afb374a3d99e1,oe:team:53a258f289c26d94431c0496a54e151,Invictus Gaming,oe:player:867e8957fae1cb59f0808dbcc3aada2,oe:player:bda7cc061d7a1576f1dcad33dd505cd,GALA,Meiko,2025,132,114,42,-0.06264431,-0.05759235,-0.18982264,0.08930682,True,0.59649123
pair-7652caa5d97839e9,oe:team:d356a144644879dabb5f34cd99c886d,Bilibili Gaming,oe:player:90651ebea9a35ec4e018c8157492e17,oe:player:ed29043422e3c515e1cb292464b990b,ON,Knight,2025,148,122,42,0.21834041,0.20179947,0.05795237,0.35468738,True,0.62295082
pair-77b87d8ccf0e5ee0,oe:team:b42d0f31f2727621b963042276817c4,JD Gaming,oe:player:f40f1b0923c35568f417aef1e01ca6b,oe:player:fbdc4428b2d095c83aebeed5da4e4b2,Ale,Xun,2025,83,54,21,0.06331378,0.05342100,-0.13067540,0.25091310,True,0.61111111
pair-7a2b99d8eab01fbc,oe:team:df80f468a3f9a722df056fe9104f052,ThunderTalk Gaming,oe:player:05326a1c42e9c27a1067768c88955e7,oe:player:57ac9f77eae511aeee1e854434f73f2,Beichuan,HOYA,2025,49,25,10,0.06847197,0.04890855,-0.19527019,0.26771507,True,0.32000000
pair-7ae3fe786eff0b8a,oe:team:5f401785b6b78326f9a46b3c6b206ed,LGD Gaming,oe:player:6d734e1e86b978852d95cfd63d6a643,oe:player:905e2f4e54700b9ed0ddfb13deec4e9,Shaoye,xqw,2025,62,50,20,0.20293282,0.16911068,-0.06835033,0.41322332,True,0.48000000
pair-7b50a233c6dd1dd0,oe:team:606c6ac695907af3823ee6405c58ff1,Weibo Gaming,oe:player:0d9b0a3b3a93a8f759c9d8ac8eef97c,oe:player:ab2455e33b8ddb6a9d2d41107a2ed4f,Breathe,Hang,2025,35,16,7,-0.12834309,-0.07898036,-0.17796246,0.03024871,True,0.50000000
pair-7b58936911e851b5,oe:team:33d17f3717f58e12a3da80b377221fb,FunPlus Phoenix,oe:player:4aa496a041ce3b1febfc4887d057f11,oe:player:6bc43cc1537fa4ac6295b4899e972cf,sorrow,Care,2025,4,0,0,,,,,False,
pair-7bf948a542b2069f,oe:team:33d17f3717f58e12a3da80b377221fb,FunPlus Phoenix,oe:player:c332dc879e14f1feb266190c7f396fd,oe:player:da3299cd46f1ad8a86bbadeb6b8a320,Shad0w,Assum,2025,68,68,24,0.25972481,0.22642675,0.09207650,0.36773874,True,0.41176471
pair-7bff8601acee13ff,oe:team:48d7941ccbd5b89aca46c57b0c2f8fb,Ninjas in Pyjamas,oe:player:6ad53ca055b82d5e23b83df6093df11,oe:player:9b73925063fe3714ebb4e8c10f551c0,Niket,Doinb,2025,38,38,13,-0.02593126,-0.02052891,-0.17515430,0.12443708,True,0.60526316
pair-7c58ced4c9945ee3,oe:team:a9145b7711873f53e610fbba0493484,LNG Esports,oe:player:233724c5adf28da47784390134db3c6,oe:player:65ed20b21e2993fb00dbd21a2fd991b,LP,Zika,2025,18,18,8,0.16735541,0.10758562,-0.13334376,0.38474024,True,0.44444444
pair-7c9aea97b54f1ea2,oe:team:fcec508e780bbd1ad493852640f5b36,Top Esports,oe:player:6e7908512cb309a43388bb464a312a2,oe:player:c54e1090ef1faa736b12493051c4855,Creme,JackeyLove,2025,152,122,42,0.12471680,0.11526856,-0.02344971,0.25623862,True,0.65573770
pair-7d7d7cc65cd3cde6,oe:team:33d17f3717f58e12a3da80b377221fb,FunPlus Phoenix,oe:player:da3299cd46f1ad8a86bbadeb6b8a320,oe:player:dfe5b204f04f40a84019af080662259,Assum,Jwei,2025,68,68,24,0.29530015,0.25744116,0.13322608,0.39858703,True,0.41176471
pair-7dfff4a4ce87b67b,oe:team:b42d0f31f2727621b963042276817c4,JD Gaming,oe:player:71e79ef80600d398d90cfebe3b0b758,oe:player:8007ba25dee37ac1e4445a6e9f8d252,Scout,Xiaoxu,2025,54,54,19,-0.04729812,-0.03990779,-0.20842105,0.14298719,True,0.44444444
pair-7e5d01e05e1431ff,oe:team:8d09428f093dfbf3c488bce350af0b1,Ultra Prime,oe:player:64ff4f1dd75a5654ab87c0bbee89c1e,oe:player:da42b9f18367dc6c30476ec117c29de,Wako,Saber,2025,39,24,8,-0.32541783,-0.22970671,-0.35986366,-0.14971862,True,0.41666667
pair-7eb862a4b3f5b407,oe:team:fcec508e780bbd1ad493852640f5b36,Top Esports,oe:player:0c74b7f78409a4022a2c4c5a5ca3ee1,oe:player:6e7908512cb309a43388bb464a312a2,369,Creme,2025,152,122,42,0.17329743,0.16016883,0.01613966,0.30384918,True,0.65573770
pair-7f9e99f7e0e3a04d,oe:team:ed28f87f0cfdba0a2a8f183cebae73a,Anyone's Legend,oe:player:62922f2b370657a966de4d84f5586bf,oe:player:7cf68f44e5dc31827b1d3f0a3b4a28e,Tarzan,Hope,2025,142,114,42,0.11803671,0.10851762,0.00386695,0.23733874,True,0.64912281
pair-80ac3ed5006359b8,oe:team:48d7941ccbd5b89aca46c57b0c2f8fb,Ninjas in Pyjamas,oe:player:708bbc09836488d812e6775a07d785f,oe:player:9b73925063fe3714ebb4e8c10f551c0,shanji,Doinb,2025,47,28,11,0.11642703,0.08578834,-0.05276082,0.23683551,True,0.35714286
pair-8142736cc0994ccc,oe:team:a9145b7711873f53e610fbba0493484,LNG Esports,oe:player:a7bb2d8b4e4c1a1fde8c3e584ef6835,oe:player:f886838ee1808c2f217208267a829ce,OvO,haichao,2025,11,11,5,0.47796595,0.25036312,0.08407249,0.39524862,True,0.45454545
pair-82bb5f86c95cb756,oe:team:056c3140a119e44a03d462e2c832f27,EDward Gaming,oe:player:542b1268b090a5fc82442efbd8d8165,oe:player:58771d428ade54dd5983bbe70ce0383,Angel,Xiaohao,2025,68,55,20,0.13457267,0.11386918,0.00649269,0.24310366,True,0.56363636
pair-8397d4ef96bc2b0f,oe:team:a9145b7711873f53e610fbba0493484,LNG Esports,oe:player:233724c5adf28da47784390134db3c6,oe:player:f886838ee1808c2f217208267a829ce,LP,haichao,2025,18,18,8,-0.05371799,-0.03453300,-0.23700363,0.19260094,True,0.44444444
pair-8437598335927ceb,oe:team:62c1cd9465dc63824593ee5046f5aa8,Team WE,oe:player:41ad87cfc159526f62529db61162a2a,oe:player:e9aecf3f86eadc4cabbf95b7d92be0d,Vampire,Tianzhen,2025,6,0,0,,,,,False,
pair-843f98654849b239,oe:team:48d7941ccbd5b89aca46c57b0c2f8fb,Ninjas in Pyjamas,oe:player:9b73925063fe3714ebb4e8c10f551c0,oe:player:a52945dbe283de2f7e9d63ca3417f36,Doinb,Leave,2025,111,92,34,0.17536697,0.15817413,0.00076540,0.31432962,True,0.45652174
pair-846a130519ea3668,oe:team:df80f468a3f9a722df056fe9104f052,ThunderTalk Gaming,oe:player:4ff7b91bbc9492e9f96d28dda496653,oe:player:5000a68e43f946c726a17e1008e230a,SeTab,Feather,2025,98,74,30,-0.15749909,-0.13874920,-0.25437884,-0.03588818,True,0.29729730
pair-8773c5e7c33b061d,oe:team:a9145b7711873f53e610fbba0493484,LNG Esports,oe:player:0dcf834c627e57895f26132ec33d99c,oe:player:e78da55d6db43d982f841204a8e51ac,fishone,Zhuo,2025,5,5,2,-0.00952492,-0.00317497,,,False,0.20000000
pair-87b3791fc637e22c,oe:team:df80f468a3f9a722df056fe9104f052,ThunderTalk Gaming,oe:player:3faae62fb907ad7cbcf2167beb8b2c7,oe:player:d2b317a92a71a850ae3da1e0d83e883,Aki,1xn,2025,25,25,10,-0.10371872,-0.07408480,-0.27625204,0.09320842,True,0.32000000
pair-889a35130d7d8a47,oe:team:a9145b7711873f53e610fbba0493484,LNG Esports,oe:player:863519e5df81ff9b308c90f6a59495b,oe:player:f886838ee1808c2f217208267a829ce,xiaofang,haichao,2025,29,29,13,0.18605166,0.13834610,-0.09108525,0.34680431,True,0.44827586
pair-88b3e6e4fba1c144,oe:team:48d7941ccbd5b89aca46c57b0c2f8fb,Ninjas in Pyjamas,oe:player:a52945dbe283de2f7e9d63ca3417f36,oe:player:a7b51467f09577883d7150f37393964,Leave,naiyou,2025,38,38,13,0.14639284,0.11589433,-0.04165783,0.27341853,True,0.60526316
pair-8a9768a6fec639d1,oe:team:5f401785b6b78326f9a46b3c6b206ed,LGD Gaming,oe:player:905e2f4e54700b9ed0ddfb13deec4e9,oe:player:e85e46c5f3d3fcce55af9ca6a4cb45c,xqw,sasi,2025,62,50,20,0.02346425,0.01955354,-0.20311142,0.25772987,True,0.48000000
pair-8b1ecf6fc191a088,oe:team:a9145b7711873f53e610fbba0493484,LNG Esports,oe:player:0dcf834c627e57895f26132ec33d99c,oe:player:65ed20b21e2993fb00dbd21a2fd991b,fishone,Zika,2025,16,16,7,0.12006354,0.07388526,-0.14341597,0.26826396,True,0.37500000
pair-8b9867b71d406cd0,oe:team:f4c4528c6981e104a11ea7548630c23,Oh My God,oe:player:0be01924125adebc1a95bbb09d0c4d1,oe:player:407b2b8fcb2fd977fc766d5df3f4dff,Starry,Hery,2025,32,19,7,-0.31266926,-0.20485227,-0.37034071,-0.02624465,True,0.26315789
pair-8cae8111837840a1,oe:team:53a258f289c26d94431c0496a54e151,Invictus Gaming,oe:player:1213778b5c6d69dcb26aa89f7d0aaa9,oe:player:867e8957fae1cb59f0808dbcc3aada2,Rookie,GALA,2025,132,114,42,0.16042676,0.14748911,-0.02280921,0.30947177,True,0.59649123
pair-8d67f9fce61797e1,oe:team:fcec508e780bbd1ad493852640f5b36,Top Esports,oe:player:41deab55354f57a94135989133f9968,oe:player:c54e1090ef1faa736b12493051c4855,Kanavi,JackeyLove,2025,152,122,42,0.02117405,0.01956996,-0.10030456,0.16091765,True,0.65573770
pair-8e621f3237d4ed65,oe:team:fcec508e780bbd1ad493852640f5b36,Top Esports,oe:player:0c74b7f78409a4022a2c4c5a5ca3ee1,oe:player:ab2455e33b8ddb6a9d2d41107a2ed4f,369,Hang,2025,58,58,19,-0.12457036,-0.10625119,-0.29245069,0.09146339,True,0.65517241
pair-9022da1b5f1dcde6,oe:team:d356a144644879dabb5f34cd99c886d,Bilibili Gaming,oe:player:90651ebea9a35ec4e018c8157492e17,oe:player:fb66ef5885b4be9323905b821dc3a42,ON,Bin,2025,148,122,42,0.05394768,0.04986073,-0.08315525,0.18863687,True,0.62295082
pair-9034fe59cc82ad9d,oe:team:33d17f3717f58e12a3da80b377221fb,FunPlus Phoenix,oe:player:4aa496a041ce3b1febfc4887d057f11,oe:player:dfe5b204f04f40a84019af080662259,sorrow,Jwei,2025,4,0,0,,,,,False,
pair-923df49f846e5ce5,oe:team:df80f468a3f9a722df056fe9104f052,ThunderTalk Gaming,oe:player:5000a68e43f946c726a17e1008e230a,oe:player:d2b317a92a71a850ae3da1e0d83e883,Feather,1xn,2025,98,74,30,-0.23883103,-0.21039876,-0.35420032,-0.06379142,True,0.29729730
pair-9296f47885e64470,oe:team:df80f468a3f9a722df056fe9104f052,ThunderTalk Gaming,oe:player:3faae62fb907ad7cbcf2167beb8b2c7,oe:player:4ff7b91bbc9492e9f96d28dda496653,Aki,SeTab,2025,25,25,10,-0.44101911,-0.31501365,-0.46957046,-0.15648796,True,0.32000000
pair-92c73fbb616152cb,oe:team:b42d0f31f2727621b963042276817c4,JD Gaming,oe:player:71e79ef80600d398d90cfebe3b0b758,oe:player:e78da55d6db43d982f841204a8e51ac,Scout,Zhuo,2025,38,38,12,-0.05325671,-0.04216157,-0.18929355,0.12682078,True,0.50000000
pair-92f084b5fcc16d57,oe:team:fcec508e780bbd1ad493852640f5b36,Top Esports,oe:player:6e7908512cb309a43388bb464a312a2,oe:player:ab2455e33b8ddb6a9d2d41107a2ed4f,Creme,Hang,2025,58,58,19,0.01658978,0.01415011,-0.16168180,0.21462867,True,0.65517241
pair-9342e7a34624888a,oe:team:a9145b7711873f53e610fbba0493484,LNG Esports,oe:player:57da8dfcfbdb4e5b019fe93003db1c4,oe:player:65ed20b21e2993fb00dbd21a2fd991b,Weiwei,Zika,2025,16,3,1,0.33741244,0.07786441,,,False,0.00000000
pair-939e2eed8eaf9b35,oe:team:73f3126d91d35faa5d5ce34abadb865,Royal Never Give Up,oe:player:3c93fcbfb525315f6412904e5b9abbd,oe:player:8007ba25dee37ac1e4445a6e9f8d252,Tangyuan,Xiaoxu,2025,31,17,6,0.07674615,0.04832165,-0.19173964,0.26781562,True,0.29411765
pair-9443ca5704cd1f34,oe:team:73f3126d91d35faa5d5ce34abadb865,Royal Never Give Up,oe:player:31b62cc3cf89d670fdef677faed2789,oe:player:6ad53ca055b82d5e23b83df6093df11,milkyway,Niket,2025,23,17,6,0.04081389,0.02569764,-0.14434451,0.19136601,True,0.29411765
pair-94afe9b76fad5645,oe:team:5f401785b6b78326f9a46b3c6b206ed,LGD Gaming,oe:player:30b18cd72f0d41ae18f14378d2dab48,oe:player:905e2f4e54700b9ed0ddfb13deec4e9,Climber,xqw,2025,49,37,15,-0.07639145,-0.06013795,-0.27538024,0.14607153,True,0.40540541
pair-96dae6da6acad4bf,oe:team:fcec508e780bbd1ad493852640f5b36,Top Esports,oe:player:6059545b206c4b230b97fd3651b473a,oe:player:c54e1090ef1faa736b12493051c4855,Crisp,JackeyLove,2025,94,64,23,-0.53891344,-0.46608730,-0.60916266,-0.30042666,True,0.65625000
pair-97bfe1667d24b9d1,oe:team:056c3140a119e44a03d462e2c832f27,EDward Gaming,oe:player:13166913111075999f2adeb687548eb,oe:player:58771d428ade54dd5983bbe70ce0383,Parukia,Xiaohao,2025,34,34,13,0.23070651,0.17827321,0.06344725,0.32010936,True,0.64705882
pair-98454f994b44bf5e,oe:team:73f3126d91d35faa5d5ce34abadb865,Royal Never Give Up,oe:player:31b62cc3cf89d670fdef677faed2789,oe:player:ad991b9f2f7e553d4eefb9f5d06afc9,milkyway,Lele,2025,8,0,0,,,,,False,
pair-994db97a7ffa8b8d,oe:team:73f3126d91d35faa5d5ce34abadb865,Royal Never Give Up,oe:player:6ad53ca055b82d5e23b83df6093df11,oe:player:d971df9441d60af93a87545e6a8f884,Niket,JiaQi,2025,23,17,6,0.06073268,0.03823909,-0.08563767,0.15425085,True,0.29411765
pair-9a17aa264c72c63d,oe:team:f4c4528c6981e104a11ea7548630c23,Oh My God,oe:player:48b7344051c2365da81acb5c3de8eb1,oe:player:dfc279de8d7bd571aa8edfd7eb89c03,beishang,Moham,2025,6,6,2,0.04099314,0.01537243,,,False,0.50000000
pair-9a1eba426fd2a561,oe:team:a9145b7711873f53e610fbba0493484,LNG Esports,oe:player:65ed20b21e2993fb00dbd21a2fd991b,oe:player:863519e5df81ff9b308c90f6a59495b,Zika,xiaofang,2025,29,29,13,0.41592277,0.30927591,0.05612087,0.54483400,True,0.44827586
pair-9b57fc63b04fae00,oe:team:53a258f289c26d94431c0496a54e151,Invictus Gaming,oe:player:37f20525a39d17ec49fd10294f9c994,oe:player:b61e517b1a6027160aafaf56e9867c0,TheShy,Wei,2025,42,42,17,0.15126447,0.12217515,-0.13216938,0.34591510,True,0.64285714
pair-9bb9251e0bc3776e,oe:team:62c1cd9465dc63824593ee5046f5aa8,Team WE,oe:player:41ad87cfc159526f62529db61162a2a,oe:player:952237fce714ed1eca8ded17523bee9,Vampire,Taeyoon,2025,127,114,41,0.30572619,0.28107085,0.14603689,0.42451303,True,0.43859649
pair-9bd25eb767c03209,oe:team:48d7941ccbd5b89aca46c57b0c2f8fb,Ninjas in Pyjamas,oe:player:615b1f347cdf6bc6df1883ed9e18496,oe:player:a52945dbe283de2f7e9d63ca3417f36,ppgod,Leave,2025,73,54,21,0.04506774,0.03802590,-0.15610779,0.25710464,True,0.35185185
pair-9d33cb6e2278aa0b,oe:team:8d09428f093dfbf3c488bce350af0b1,Ultra Prime,oe:player:2c356e2803d68c33c11e65496fff9bd,oe:player:da42b9f18367dc6c30476ec117c29de,Baiye,Saber,2025,31,31,12,-0.20514993,-0.15511336,-0.39514821,0.09982265,True,0.32258065
pair-9ef82aa0acebfbe6,oe:team:8d09428f093dfbf3c488bce350af0b1,Ultra Prime,oe:player:403937c97942cb4634ef8907077ede5,oe:player:64ff4f1dd75a5654ab87c0bbee89c1e,Xiaoxia,Wako,2025,27,24,8,-0.23023926,-0.16252183,-0.26815651,-0.06249394,True,0.41666667
pair-a067a711670bd64a,oe:team:f4c4528c6981e104a11ea7548630c23,Oh My God,oe:player:92f0831b560a15d8be3be25275adb08,oe:player:cb6616189a21f8e8ed43ccdb3f6904a,Heng,Linfeng,2025,22,9,3,-0.34265844,-0.16231189,-0.39938914,0.28085588,False,0.22222222
pair-a0a3d0f1ec7a0679,oe:team:fcec508e780bbd1ad493852640f5b36,Top Esports,oe:player:0c74b7f78409a4022a2c4c5a5ca3ee1,oe:player:41deab55354f57a94135989133f9968,369,Kanavi,2025,152,122,42,0.06975467,0.06447023,-0.04798693,0.18201528,True,0.65573770
pair-a0c2a5ac2d06b493,oe:team:53a258f289c26d94431c0496a54e151,Invictus Gaming,oe:player:37f20525a39d17ec49fd10294f9c994,oe:player:88bba3108e62145a9780becd3eb553d,TheShy,Jiejie,2025,90,72,25,0.20442600,0.17949600,0.01194126,0.35536256,True,0.56944444
pair-a0c84a208d143511,oe:team:33d17f3717f58e12a3da80b377221fb,FunPlus Phoenix,oe:player:31b62cc3cf89d670fdef677faed2789,oe:player:dfe5b204f04f40a84019af080662259,milkyway,Jwei,2025,9,9,4,-0.44411529,-0.21037040,-0.31898268,-0.11938236,False,0.22222222
pair-a0f08946781508de,oe:team:df80f468a3f9a722df056fe9104f052,ThunderTalk Gaming,oe:player:05326a1c42e9c27a1067768c88955e7,oe:player:4ff7b91bbc9492e9f96d28dda496653,Beichuan,SeTab,2025,49,25,10,0.21752384,0.15537417,-0.06797092,0.30801261,True,0.32000000
pair-a13376dc8c889ef4,oe:team:5f401785b6b78326f9a46b3c6b206ed,LGD Gaming,oe:player:397bcf46311de3cf780469b2a842b67,oe:player:6d734e1e86b978852d95cfd63d6a643,Ycx,Shaoye,2025,62,50,20,-0.01955754,-0.01629795,-0.20562842,0.18289970,True,0.48000000
pair-a15b4ceabd1a0e90,oe:team:48d7941ccbd5b89aca46c57b0c2f8fb,Ninjas in Pyjamas,oe:player:3faae62fb907ad7cbcf2167beb8b2c7,oe:player:a52945dbe283de2f7e9d63ca3417f36,Aki,Leave,2025,73,54,21,0.06565560,0.05539691,-0.10598738,0.24381651,True,0.35185185
pair-a3aa732b4302ced4,oe:team:73f3126d91d35faa5d5ce34abadb865,Royal Never Give Up,oe:player:3c93fcbfb525315f6412904e5b9abbd,oe:player:ad991b9f2f7e553d4eefb9f5d06afc9,Tangyuan,Lele,2025,8,0,0,,,,,False,
pair-a3d36aab1eadfb59,oe:team:a9145b7711873f53e610fbba0493484,LNG Esports,oe:player:233724c5adf28da47784390134db3c6,oe:player:863519e5df81ff9b308c90f6a59495b,LP,xiaofang,2025,13,13,6,-0.01772313,-0.01001742,-0.27174056,0.25347304,True,0.53846154
pair-a4ca5744d7ed48d7,oe:team:d356a144644879dabb5f34cd99c886d,Bilibili Gaming,oe:player:b61e517b1a6027160aafaf56e9867c0,oe:player:ed29043422e3c515e1cb292464b990b,Wei,Knight,2025,52,26,10,0.28851709,0.20837345,-0.12560097,0.55041567,True,0.53846154
pair-a53a4467fedb1e7b,oe:team:a9145b7711873f53e610fbba0493484,LNG Esports,oe:player:65ed20b21e2993fb00dbd21a2fd991b,oe:player:a7bb2d8b4e4c1a1fde8c3e584ef6835,Zika,OvO,2025,11,11,5,0.66476541,0.34821045,0.14612433,0.51381695,True,0.45454545
pair-a54837fbff17571b,oe:team:8d09428f093dfbf3c488bce350af0b1,Ultra Prime,oe:player:211333df928f872c063bce4ef25ea63,oe:player:da42b9f18367dc6c30476ec117c29de,Junhao,Saber,2025,70,55,19,-0.15182090,-0.12846384,-0.31383006,0.03902113,True,0.36363636
pair-a5a1baf7dd69f205,oe:team:606c6ac695907af3823ee6405c58ff1,Weibo Gaming,oe:player:3c4d21c7addb20fea3fec30418ac3d3,oe:player:beea9fe15bff6a7ab0b3913d3d5fde6,Light,Xiaohu,2025,135,116,41,0.05296078,0.04875754,-0.08466803,0.17878483,True,0.45689655
pair-a5cf4ed26b851fef,oe:team:f4c4528c6981e104a11ea7548630c23,Oh My God,oe:player:92f0831b560a15d8be3be25275adb08,oe:player:9bcf397008d511151380efd9e6b2ae6,Heng,charlotte,2025,4,4,2,-0.82391882,-0.23540538,,,False,0.00000000
pair-a63d8be151c803a3,oe:team:a9145b7711873f53e610fbba0493484,LNG Esports,oe:player:233724c5adf28da47784390134db3c6,oe:player:5e1c1cfafed233a25b0621a15629d20,LP,5t5,2025,5,5,2,-0.51800598,-0.17266866,,,False,0.20000000
pair-a7517e7b4ae900d8,oe:team:62c1cd9465dc63824593ee5046f5aa8,Team WE,oe:player:498246d6c44175256a07ed5f322c817,oe:player:952237fce714ed1eca8ded17523bee9,Karis,Taeyoon,2025,127,114,41,0.12226855,0.11240819,-0.02433237,0.25197401,True,0.43859649
pair-a7c753d3298dd88e,oe:team:53a258f289c26d94431c0496a54e151,Invictus Gaming,oe:player:867e8957fae1cb59f0808dbcc3aada2,oe:player:b61e517b1a6027160aafaf56e9867c0,GALA,Wei,2025,42,42,17,0.05328858,0.04304078,-0.18855299,0.31267462,True,0.64285714
pair-a97e767d56be0490,oe:team:33d17f3717f58e12a3da80b377221fb,FunPlus Phoenix,oe:player:3ce68cf813bc34243279fd7fe3cecbb,oe:player:d971df9441d60af93a87545e6a8f884,sheer,JiaQi,2025,37,37,15,0.05711434,0.04496235,-0.20075664,0.28639944,True,0.21621622
pair-a9e8d2f8636d6c36,oe:team:48d7941ccbd5b89aca46c57b0c2f8fb,Ninjas in Pyjamas,oe:player:708bbc09836488d812e6775a07d785f,oe:player:a52945dbe283de2f7e9d63ca3417f36,shanji,Leave,2025,47,28,11,0.26900950,0.19821753,0.02111116,0.38299572,True,0.35714286
pair-aa002432c51242b1,oe:team:73f3126d91d35faa5d5ce34abadb865,Royal Never Give Up,oe:player:8007ba25dee37ac1e4445a6e9f8d252,oe:player:d971df9441d60af93a87545e6a8f884,Xiaoxu,JiaQi,2025,31,17,6,0.06518787,0.04104421,-0.12771675,0.19422574,True,0.29411765
pair-acf963a2a9c59d30,oe:team:48d7941ccbd5b89aca46c57b0c2f8fb,Ninjas in Pyjamas,oe:player:6ad53ca055b82d5e23b83df6093df11,oe:player:a7b51467f09577883d7150f37393964,Niket,naiyou,2025,38,38,13,-0.08828114,-0.06988923,-0.24298494,0.09708890,True,0.60526316
pair-af5d42a0096f77ea,oe:team:b42d0f31f2727621b963042276817c4,JD Gaming,oe:player:5bbc2b92348d930ebd500cb9ce71bb7,oe:player:fbdc4428b2d095c83aebeed5da4e4b2,Peyz,Xun,2025,137,108,40,-0.07594910,-0.06951274,-0.22706987,0.08517079,True,0.52777778
pair-af62d9fc133b937e,oe:team:606c6ac695907af3823ee6405c58ff1,Weibo Gaming,oe:player:0da0eeb199e8fa3ab773cf84f9de9ab,oe:player:3c4d21c7addb20fea3fec30418ac3d3,Tian,Light,2025,135,116,41,0.06510943,0.05994201,-0.07156407,0.19248078,True,0.45689655
pair-b028e1f5552972fb,oe:team:d356a144644879dabb5f34cd99c886d,Bilibili Gaming,oe:player:90651ebea9a35ec4e018c8157492e17,oe:player:b61e517b1a6027160aafaf56e9867c0,ON,Wei,2025,52,26,10,0.22146596,0.15994764,-0.10807626,0.45981948,True,0.53846154
pair-b10f5fa30b7f7220,oe:team:606c6ac695907af3823ee6405c58ff1,Weibo Gaming,oe:player:0d9b0a3b3a93a8f759c9d8ac8eef97c,oe:player:6059545b206c4b230b97fd3651b473a,Breathe,Crisp,2025,52,52,18,0.30374918,0.25475738,0.06611011,0.43083375,True,0.46153846
pair-b2278652feddc385,oe:team:df80f468a3f9a722df056fe9104f052,ThunderTalk Gaming,oe:player:57ac9f77eae511aeee1e854434f73f2,oe:player:a57c46c636a00b1721780dd44f9c42f,HOYA,xiaohuangren,2025,24,24,10,-0.01025372,-0.00723792,-0.20727191,0.18193636,True,0.25000000
pair-b270c6f48daee8ec,oe:team:df80f468a3f9a722df056fe9104f052,ThunderTalk Gaming,oe:player:05326a1c42e9c27a1067768c88955e7,oe:player:d2b317a92a71a850ae3da1e0d83e883,Beichuan,1xn,2025,49,25,10,-0.12898014,-0.09212867,-0.26221432,0.03623924,True,0.32000000
pair-b307dd892d46a5f7,oe:team:48d7941ccbd5b89aca46c57b0c2f8fb,Ninjas in Pyjamas,oe:player:9b73925063fe3714ebb4e8c10f551c0,oe:player:b42e757e6ed7f3eb263f69eb034f092,Doinb,Solokill,2025,64,64,23,-0.04688087,-0.04054562,-0.19365670,0.10876468,True,0.50000000
pair-b33a1f0fdc9308b5,oe:team:48d7941ccbd5b89aca46c57b0c2f8fb,Ninjas in Pyjamas,oe:player:615b1f347cdf6bc6df1883ed9e18496,oe:player:708bbc09836488d812e6775a07d785f,ppgod,shanji,2025,47,28,11,0.00061061,0.00044993,-0.18221837,0.21283059,True,0.35714286
pair-b59ce9959d5bcdef,oe:team:53a258f289c26d94431c0496a54e151,Invictus Gaming,oe:player:1213778b5c6d69dcb26aa89f7d0aaa9,oe:player:37f20525a39d17ec49fd10294f9c994,Rookie,TheShy,2025,132,114,42,0.30721612,0.28244063,0.12310838,0.45268495,True,0.59649123
pair-b5dfa470b27d04e9,oe:team:d356a144644879dabb5f34cd99c886d,Bilibili Gaming,oe:player:c332dc879e14f1feb266190c7f396fd,oe:player:ed29043422e3c515e1cb292464b990b,Shad0w,Knight,2025,43,43,17,0.30265569,0.24555085,0.12014227,0.39040544,True,0.62790698
pair-b614ab3b82620c9f,oe:team:fcec508e780bbd1ad493852640f5b36,Top Esports,oe:player:41deab55354f57a94135989133f9968,oe:player:6059545b206c4b230b97fd3651b473a,Kanavi,Crisp,2025,94,64,23,-0.56372224,-0.48754356,-0.60008661,-0.35523474,True,0.65625000
pair-b679ca95ca06c657,oe:team:62c1cd9465dc63824593ee5046f5aa8,Team WE,oe:player:b6603b64c5cabad210826735469838b,oe:player:e9aecf3f86eadc4cabbf95b7d92be0d,Cube,Tianzhen,2025,6,0,0,,,,,False,
pair-b7762c70036dd61e,oe:team:606c6ac695907af3823ee6405c58ff1,Weibo Gaming,oe:player:0d9b0a3b3a93a8f759c9d8ac8eef97c,oe:player:0da0eeb199e8fa3ab773cf84f9de9ab,Breathe,Tian,2025,135,116,41,0.15389053,0.14167700,0.01426994,0.28416857,True,0.45689655
pair-b779457f5e59b8c2,oe:team:33d17f3717f58e12a3da80b377221fb,FunPlus Phoenix,oe:player:4462a94df8bf2cf755c0c5da35f0282,oe:player:dfe5b204f04f40a84019af080662259,bat,Jwei,2025,10,0,0,,,,,False,
pair-b7e86c6d6a4fb459,oe:team:53a258f289c26d94431c0496a54e151,Invictus Gaming,oe:player:37f20525a39d17ec49fd10294f9c994,oe:player:bda7cc061d7a1576f1dcad33dd505cd,TheShy,Meiko,2025,132,114,42,0.08414506,0.07735917,-0.04983657,0.21787691,True,0.59649123
pair-b8cd8105f6a5e0d3,oe:team:d356a144644879dabb5f34cd99c886d,Bilibili Gaming,oe:player:05326a1c42e9c27a1067768c88955e7,oe:player:90651ebea9a35ec4e018c8157492e17,Beichuan,ON,2025,53,53,18,-0.06626628,-0.05574782,-0.22554254,0.11709834,True,0.66037736
pair-ba47ec44850e99a3,oe:team:606c6ac695907af3823ee6405c58ff1,Weibo Gaming,oe:player:0da0eeb199e8fa3ab773cf84f9de9ab,oe:player:ab2455e33b8ddb6a9d2d41107a2ed4f,Tian,Hang,2025,35,16,7,-0.29742721,-0.18303213,-0.27482703,-0.08082300,True,0.50000000
pair-bae371dabc5e9da1,oe:team:056c3140a119e44a03d462e2c832f27,EDward Gaming,oe:player:132ee4b29ebeac294a420dcebe64bdc,oe:player:39d7885ab4602a7f8d202883d253f5e,Zdz,Wink,2025,34,21,7,0.17886405,0.12116597,-0.00488587,0.32313019,True,0.42857143
pair-bafb16c3bb578330,oe:team:a9145b7711873f53e610fbba0493484,LNG Esports,oe:player:0dcf834c627e57895f26132ec33d99c,oe:player:a7bb2d8b4e4c1a1fde8c3e584ef6835,fishone,OvO,2025,11,11,5,0.19145077,0.10028374,-0.05978026,0.22016493,True,0.45454545
pair-bc93809e7e667f88,oe:team:33d17f3717f58e12a3da80b377221fb,FunPlus Phoenix,oe:player:b8d0c78f3ecdcf7ca398a77dc8ef5af,oe:player:d971df9441d60af93a87545e6a8f884,iyy,JiaQi,2025,18,18,9,-0.21276882,-0.13677995,-0.36572678,0.18226258,True,0.16666667
pair-bcad220dacc8ccdc,oe:team:8d09428f093dfbf3c488bce350af0b1,Ultra Prime,oe:player:211333df928f872c063bce4ef25ea63,oe:player:2c356e2803d68c33c11e65496fff9bd,Junhao,Baiye,2025,31,31,12,-0.17201021,-0.13005650,-0.42327527,0.16652145,True,0.32258065
pair-be7c1bda8894e95d,oe:team:5f401785b6b78326f9a46b3c6b206ed,LGD Gaming,oe:player:397bcf46311de3cf780469b2a842b67,oe:player:905e2f4e54700b9ed0ddfb13deec4e9,Ycx,xqw,2025,62,50,20,0.01937611,0.01614676,-0.16737223,0.23463845,True,0.48000000
pair-c253684d7aa1f466,oe:team:a9145b7711873f53e610fbba0493484,LNG Esports,oe:player:e78da55d6db43d982f841204a8e51ac,oe:player:f886838ee1808c2f217208267a829ce,Zhuo,haichao,2025,39,26,11,0.25709677,0.18568100,-0.01618521,0.38259740,True,0.34615385
pair-c25cdeea9b4d77ec,oe:team:606c6ac695907af3823ee6405c58ff1,Weibo Gaming,oe:player:3c4d21c7addb20fea3fec30418ac3d3,oe:player:a7128975a782c11d8c34525be8e1b6c,Light,Erha,2025,48,48,16,0.03408660,0.02820960,-0.10959620,0.17107640,True,0.43750000
pair-c2e94da95a67b9c9,oe:team:f4c4528c6981e104a11ea7548630c23,Oh My God,oe:player:407b2b8fcb2fd977fc766d5df3f4dff,oe:player:48b7344051c2365da81acb5c3de8eb1,Hery,beishang,2025,6,6,2,-0.19005059,-0.07126897,,,False,0.50000000
pair-c325faa28c8932be,oe:team:48d7941ccbd5b89aca46c57b0c2f8fb,Ninjas in Pyjamas,oe:player:6ad53ca055b82d5e23b83df6093df11,oe:player:a52945dbe283de2f7e9d63ca3417f36,Niket,Leave,2025,38,38,13,0.08527179,0.06750684,-0.05768845,0.19372733,True,0.60526316
pair-c38455f7d8b5363c,oe:team:b42d0f31f2727621b963042276817c4,JD Gaming,oe:player:5bbc2b92348d930ebd500cb9ce71bb7,oe:player:71e79ef80600d398d90cfebe3b0b758,Peyz,Scout,2025,137,108,40,0.00946945,0.00866695,-0.14178047,0.14921465,True,0.52777778
pair-c3d023fb978a0604,oe:team:a9145b7711873f53e610fbba0493484,LNG Esports,oe:player:57da8dfcfbdb4e5b019fe93003db1c4,oe:player:e78da55d6db43d982f841204a8e51ac,Weiwei,Zhuo,2025,16,3,1,0.18351374,0.04234933,,,False,0.00000000
pair-c3e82adfe2632a16,oe:team:a9145b7711873f53e610fbba0493484,LNG Esports,oe:player:0dcf834c627e57895f26132ec33d99c,oe:player:f886838ee1808c2f217208267a829ce,fishone,haichao,2025,16,16,7,0.03093847,0.01903906,-0.14431676,0.15804625,True,0.37500000
pair-c49be6248af4c9bb,oe:team:606c6ac695907af3823ee6405c58ff1,Weibo Gaming,oe:player:3c4d21c7addb20fea3fec30418ac3d3,oe:player:ab2455e33b8ddb6a9d2d41107a2ed4f,Light,Hang,2025,35,16,7,-0.18380984,-0.11311375,-0.24662035,-0.01759344,True,0.50000000
pair-c4a8e09570f0eb7b,oe:team:62c1cd9465dc63824593ee5046f5aa8,Team WE,oe:player:952237fce714ed1eca8ded17523bee9,oe:player:b6603b64c5cabad210826735469838b,Taeyoon,Cube,2025,127,114,41,0.18688028,0.17180929,0.05048098,0.28469887,True,0.43859649
pair-c4e9c4c1f5e9ed57,oe:team:f4c4528c6981e104a11ea7548630c23,Oh My God,oe:player:0be01924125adebc1a95bbb09d0c4d1,oe:player:9bcf397008d511151380efd9e6b2ae6,Starry,charlotte,2025,10,10,4,-0.60552037,-0.30276019,-0.54301888,-0.14258772,True,0.30000000
pair-c5d4697cc18f6ab9,oe:team:d356a144644879dabb5f34cd99c886d,Bilibili Gaming,oe:player:90651ebea9a35ec4e018c8157492e17,oe:player:a58a0d41103cdc5b58cbb547eeaca2d,ON,Elk,2025,148,122,42,0.10585248,0.09783335,-0.02559136,0.21753448,True,0.62295082
pair-c638a16d5dcb1527,oe:team:33d17f3717f58e12a3da80b377221fb,FunPlus Phoenix,oe:player:6bc43cc1537fa4ac6295b4899e972cf,oe:player:dfe5b204f04f40a84019af080662259,Care,Jwei,2025,115,105,39,0.16025090,0.14631604,0.00104514,0.28671682,True,0.34285714
pair-c796c32cd961be86,oe:team:056c3140a119e44a03d462e2c832f27,EDward Gaming,oe:player:542b1268b090a5fc82442efbd8d8165,oe:player:66d0ff0f8f9b5296770c1dbda549950,Angel,Ahn,2025,58,55,20,0.17759458,0.15027233,0.00419031,0.30533339,True,0.56363636
pair-c80ee26a55c157e3,oe:team:f4c4528c6981e104a11ea7548630c23,Oh My God,oe:player:cb6616189a21f8e8ed43ccdb3f6904a,oe:player:dfc279de8d7bd571aa8edfd7eb89c03,Linfeng,Moham,2025,22,9,3,-0.12499578,-0.05920853,-0.30954853,0.20560412,False,0.22222222
pair-c8103231fb6b4208,oe:team:b42d0f31f2727621b963042276817c4,JD Gaming,oe:player:10d1208b485425756fcc932229386b0,oe:player:71e79ef80600d398d90cfebe3b0b758,MISSING,Scout,2025,83,54,21,-0.10425361,-0.08796399,-0.29179078,0.12231836,True,0.61111111
pair-c8251269ba06a0aa,oe:team:df80f468a3f9a722df056fe9104f052,ThunderTalk Gaming,oe:player:3faae62fb907ad7cbcf2167beb8b2c7,oe:player:5000a68e43f946c726a17e1008e230a,Aki,Feather,2025,25,25,10,-0.56033789,-0.40024135,-0.54048639,-0.24488238,True,0.32000000
pair-c8c9da21ce8eaa20,oe:team:a9145b7711873f53e610fbba0493484,LNG Esports,oe:player:863519e5df81ff9b308c90f6a59495b,oe:player:e78da55d6db43d982f841204a8e51ac,xiaofang,Zhuo,2025,18,18,8,0.26322497,0.16921605,-0.09130905,0.41958896,True,0.44444444
pair-caa4c7db1b23ced5,oe:team:d356a144644879dabb5f34cd99c886d,Bilibili Gaming,oe:player:05326a1c42e9c27a1067768c88955e7,oe:player:ed29043422e3c515e1cb292464b990b,Beichuan,Knight,2025,53,53,18,0.00172440,0.00145069,-0.20092101,0.20488967,True,0.66037736
pair-cba9ae46230252b3,oe:team:df80f468a3f9a722df056fe9104f052,ThunderTalk Gaming,oe:player:4ff7b91bbc9492e9f96d28dda496653,oe:player:a57c46c636a00b1721780dd44f9c42f,SeTab,xiaohuangren,2025,24,24,10,-0.02598041,-0.01833911,-0.16294360,0.14206805,True,0.25000000
pair-cc65f4ad7ed10f2c,oe:team:53a258f289c26d94431c0496a54e151,Invictus Gaming,oe:player:1213778b5c6d69dcb26aa89f7d0aaa9,oe:player:bda7cc061d7a1576f1dcad33dd505cd,Rookie,Meiko,2025,132,114,42,-0.01794130,-0.01649442,-0.13937563,0.11309458,True,0.59649123
pair-ce399c5007a077c9,oe:team:33d17f3717f58e12a3da80b377221fb,FunPlus Phoenix,oe:player:3ce68cf813bc34243279fd7fe3cecbb,oe:player:da3299cd46f1ad8a86bbadeb6b8a320,sheer,Assum,2025,68,68,24,0.19006552,0.16569815,0.03144282,0.30134685,True,0.41176471
pair-ce9bd15cf46c3cbb,oe:team:a9145b7711873f53e610fbba0493484,LNG Esports,oe:player:65ed20b21e2993fb00dbd21a2fd991b,oe:player:e78da55d6db43d982f841204a8e51ac,Zika,Zhuo,2025,39,26,11,0.41387412,0.29890909,0.04095357,0.57566913,True,0.34615385
pair-cea361825618e50e,oe:team:df80f468a3f9a722df056fe9104f052,ThunderTalk Gaming,oe:player:57ac9f77eae511aeee1e854434f73f2,oe:player:d2b317a92a71a850ae3da1e0d83e883,HOYA,1xn,2025,98,74,30,-0.02314578,-0.02039033,-0.15500363,0.10901574,True,0.29729730
pair-cea86333db86e7d0,oe:team:606c6ac695907af3823ee6405c58ff1,Weibo Gaming,oe:player:3c4d21c7addb20fea3fec30418ac3d3,oe:player:6059545b206c4b230b97fd3651b473a,Light,Crisp,2025,52,52,18,0.24130088,0.20238138,0.05455440,0.36266756,True,0.46153846
pair-cf22ef709e5a3081,oe:team:a9145b7711873f53e610fbba0493484,LNG Esports,oe:player:233724c5adf28da47784390134db3c6,oe:player:e78da55d6db43d982f841204a8e51ac,LP,Zhuo,2025,18,18,8,0.09565146,0.06149023,-0.14190941,0.28737869,True,0.44444444
pair-cf4ec6c22c1195ef,oe:team:b42d0f31f2727621b963042276817c4,JD Gaming,oe:player:10d1208b485425756fcc932229386b0,oe:player:f40f1b0923c35568f417aef1e01ca6b,MISSING,Ale,2025,83,54,21,-0.07870999,-0.06641155,-0.25198602,0.11945496,True,0.61111111
pair-cf5262c16b6e7aa1,oe:team:b42d0f31f2727621b963042276817c4,JD Gaming,oe:player:8007ba25dee37ac1e4445a6e9f8d252,oe:player:e78da55d6db43d982f841204a8e51ac,Xiaoxu,Zhuo,2025,38,38,12,0.01317138,0.01042734,-0.18781756,0.20247302,True,0.50000000
pair-d1813e45ae538b28,oe:team:62c1cd9465dc63824593ee5046f5aa8,Team WE,oe:player:41ad87cfc159526f62529db61162a2a,oe:player:a23b45071ea855f85e43db4b5a1683d,Vampire,Monki,2025,121,114,41,0.34884579,0.32071307,0.20017424,0.44680318,True,0.43859649
pair-d19ec9a68db8b54d,oe:team:606c6ac695907af3823ee6405c58ff1,Weibo Gaming,oe:player:ab2455e33b8ddb6a9d2d41107a2ed4f,oe:player:beea9fe15bff6a7ab0b3913d3d5fde6,Hang,Xiaohu,2025,35,16,7,-0.05286696,-0.03253352,-0.21197750,0.09027309,True,0.50000000
pair-d1f3617e755654b9,oe:team:8d09428f093dfbf3c488bce350af0b1,Ultra Prime,oe:player:64ff4f1dd75a5654ab87c0bbee89c1e,oe:player:b0bc58cfe06ee4ee966c77790520a9b,Wako,Rosielove,2025,12,0,0,,,,,False,
pair-d266e2c38f1e67f9,oe:team:f4c4528c6981e104a11ea7548630c23,Oh My God,oe:player:48b7344051c2365da81acb5c3de8eb1,oe:player:9bcf397008d511151380efd9e6b2ae6,beishang,charlotte,2025,6,6,2,-0.23079268,-0.08654725,,,False,0.50000000
pair-d2ea5b721667ed7a,oe:team:d356a144644879dabb5f34cd99c886d,Bilibili Gaming,oe:player:b61e517b1a6027160aafaf56e9867c0,oe:player:fb66ef5885b4be9323905b821dc3a42,Wei,Bin,2025,52,26,10,0.16084524,0.11616601,-0.18582172,0.43010069,True,0.53846154
pair-d3d6ea2f65491ac4,oe:team:33d17f3717f58e12a3da80b377221fb,FunPlus Phoenix,oe:player:3ce68cf813bc34243279fd7fe3cecbb,oe:player:dfe5b204f04f40a84019af080662259,sheer,Jwei,2025,115,105,39,0.21463354,0.19596975,0.05350506,0.33012400,True,0.34285714
pair-d4da4edb136a0e7a,oe:team:33d17f3717f58e12a3da80b377221fb,FunPlus Phoenix,oe:player:3ce68cf813bc34243279fd7fe3cecbb,oe:player:b8d0c78f3ecdcf7ca398a77dc8ef5af,sheer,iyy,2025,18,18,9,-0.23688954,-0.15228613,-0.33353402,0.05847181,True,0.16666667
pair-d50f37ed58950ae4,oe:team:fcec508e780bbd1ad493852640f5b36,Top Esports,oe:player:ab2455e33b8ddb6a9d2d41107a2ed4f,oe:player:c54e1090ef1faa736b12493051c4855,Hang,JackeyLove,2025,58,58,19,-0.11568918,-0.09867607,-0.25825115,0.07488267,True,0.65517241
pair-d58116155190261c,oe:team:33d17f3717f58e12a3da80b377221fb,FunPlus Phoenix,oe:player:31b62cc3cf89d670fdef677faed2789,oe:player:6bc43cc1537fa4ac6295b4899e972cf,milkyway,Care,2025,9,9,4,-0.45348875,-0.21481046,-0.40878651,-0.11782243,False,0.22222222
pair-d75857c2b41b1393,oe:team:8d09428f093dfbf3c488bce350af0b1,Ultra Prime,oe:player:b0bc58cfe06ee4ee966c77790520a9b,oe:player:da42b9f18367dc6c30476ec117c29de,Rosielove,Saber,2025,12,0,0,,,,,False,
pair-d7f1e5156396035b,oe:team:f4c4528c6981e104a11ea7548630c23,Oh My God,oe:player:0be01924125adebc1a95bbb09d0c4d1,oe:player:dfc279de8d7bd571aa8edfd7eb89c03,Starry,Moham,2025,32,19,7,-0.15708161,-0.10291553,-0.30047724,0.05978332,True,0.26315789
pair-d929cf00eeb63056,oe:team:fcec508e780bbd1ad493852640f5b36,Top Esports,oe:player:41deab55354f57a94135989133f9968,oe:player:6e7908512cb309a43388bb464a312a2,Kanavi,Creme,2025,152,122,42,0.17771015,0.16424726,0.03570427,0.30209282,True,0.65573770
pair-d9a988cbb2c72d13,oe:team:056c3140a119e44a03d462e2c832f27,EDward Gaming,oe:player:13166913111075999f2adeb687548eb,oe:player:542b1268b090a5fc82442efbd8d8165,Parukia,Angel,2025,34,34,13,0.31061545,0.24002103,0.09120590,0.38273775,True,0.64705882
pair-da7d79f3be8dcbee,oe:team:5f401785b6b78326f9a46b3c6b206ed,LGD Gaming,oe:player:905e2f4e54700b9ed0ddfb13deec4e9,oe:player:a7b51467f09577883d7150f37393964,xqw,naiyou,2025,13,13,5,0.46581491,0.26328669,-0.16102198,0.74157140,True,0.69230769
pair-db24952dcf33eec6,oe:team:b42d0f31f2727621b963042276817c4,JD Gaming,oe:player:71e79ef80600d398d90cfebe3b0b758,oe:player:f40f1b0923c35568f417aef1e01ca6b,Scout,Ale,2025,83,54,21,-0.00586283,-0.00494676,-0.19985352,0.18691019,True,0.61111111
pair-db93daf058ceb30d,oe:team:33d17f3717f58e12a3da80b377221fb,FunPlus Phoenix,oe:player:4462a94df8bf2cf755c0c5da35f0282,oe:player:c332dc879e14f1feb266190c7f396fd,bat,Shad0w,2025,6,0,0,,,,,False,
pair-dc2ed776ae30c80d,oe:team:33d17f3717f58e12a3da80b377221fb,FunPlus Phoenix,oe:player:6bc43cc1537fa4ac6295b4899e972cf,oe:player:b8d0c78f3ecdcf7ca398a77dc8ef5af,Care,iyy,2025,18,18,9,-0.24259959,-0.15595688,-0.28569594,0.00723184,True,0.16666667
pair-ddd5592e3dbcd521,oe:team:8d09428f093dfbf3c488bce350af0b1,Ultra Prime,oe:player:403937c97942cb4634ef8907077ede5,oe:player:da42b9f18367dc6c30476ec117c29de,Xiaoxia,Saber,2025,58,55,19,-0.12162972,-0.10291745,-0.25560737,0.05716580,True,0.36363636
pair-de383af03e5a836c,oe:team:5f401785b6b78326f9a46b3c6b206ed,LGD Gaming,oe:player:6d734e1e86b978852d95cfd63d6a643,oe:player:e85e46c5f3d3fcce55af9ca6a4cb45c,Shaoye,sasi,2025,62,50,20,-0.01546939,-0.01289116,-0.24197280,0.20360347,True,0.48000000
pair-e35ed2467b3b8b76,oe:team:df80f468a3f9a722df056fe9104f052,ThunderTalk Gaming,oe:player:a57c46c636a00b1721780dd44f9c42f,oe:player:d2b317a92a71a850ae3da1e0d83e883,xiaohuangren,1xn,2025,24,24,10,-0.26716681,-0.18858834,-0.34334298,-0.00319573,True,0.25000000
pair-e47a7e20455b0cca,oe:team:d356a144644879dabb5f34cd99c886d,Bilibili Gaming,oe:player:90651ebea9a35ec4e018c8157492e17,oe:player:c332dc879e14f1feb266190c7f396fd,ON,Shad0w,2025,43,43,17,0.07584319,0.06153316,-0.14282191,0.26462343,True,0.62790698
pair-e4da1e7d88cb9529,oe:team:a9145b7711873f53e610fbba0493484,LNG Esports,oe:player:0dcf834c627e57895f26132ec33d99c,oe:player:863519e5df81ff9b308c90f6a59495b,fishone,xiaofang,2025,16,16,7,-0.05747872,-0.03537152,-0.22624108,0.14127066,True,0.37500000
pair-e518429b6eed6000,oe:team:53a258f289c26d94431c0496a54e151,Invictus Gaming,oe:player:1213778b5c6d69dcb26aa89f7d0aaa9,oe:player:88bba3108e62145a9780becd3eb553d,Rookie,Jiejie,2025,90,72,25,0.09215202,0.08091397,-0.09995882,0.25015557,True,0.56944444
pair-e607485179839f01,oe:team:a9145b7711873f53e610fbba0493484,LNG Esports,oe:player:65ed20b21e2993fb00dbd21a2fd991b,oe:player:f886838ee1808c2f217208267a829ce,Zika,haichao,2025,50,37,16,0.36641058,0.28845088,0.06761309,0.48828229,True,0.37837838
pair-e6af4b281df74b81,oe:team:48d7941ccbd5b89aca46c57b0c2f8fb,Ninjas in Pyjamas,oe:player:a52945dbe283de2f7e9d63ca3417f36,oe:player:b42e757e6ed7f3eb263f69eb034f092,Leave,Solokill,2025,64,64,23,0.07901819,0.06834006,-0.09001765,0.24003855,True,0.50000000
pair-e8d408f5d37cd6e7,oe:team:53a258f289c26d94431c0496a54e151,Invictus Gaming,oe:player:1213778b5c6d69dcb26aa89f7d0aaa9,oe:player:b61e517b1a6027160aafaf56e9867c0,Rookie,Wei,2025,42,42,17,0.06664263,0.05382674,-0.13736966,0.25462610,True,0.64285714
pair-eaa4550ae9d4609c,oe:team:df80f468a3f9a722df056fe9104f052,ThunderTalk Gaming,oe:player:3faae62fb907ad7cbcf2167beb8b2c7,oe:player:57ac9f77eae511aeee1e854434f73f2,Aki,HOYA,2025,25,25,10,-0.43528310,-0.31091650,-0.41246032,-0.21910730,True,0.32000000
pair-eb77956f3305ae88,oe:team:8d09428f093dfbf3c488bce350af0b1,Ultra Prime,oe:player:2cec4b6803b4678250233ae79205f2e,oe:player:da42b9f18367dc6c30476ec117c29de,1Jiang,Saber,2025,70,55,19,-0.06507939,-0.05506718,-0.21348325,0.09000597,True,0.36363636
pair-ecdb1f3b6193dfdc,oe:team:73f3126d91d35faa5d5ce34abadb865,Royal Never Give Up,oe:player:8007ba25dee37ac1e4445a6e9f8d252,oe:player:ad991b9f2f7e553d4eefb9f5d06afc9,Xiaoxu,Lele,2025,8,0,0,,,,,False,
pair-edede75390df24ee,oe:team:df80f468a3f9a722df056fe9104f052,ThunderTalk Gaming,oe:player:4ff7b91bbc9492e9f96d28dda496653,oe:player:57ac9f77eae511aeee1e854434f73f2,SeTab,HOYA,2025,98,74,30,0.05818616,0.05125923,-0.09155676,0.18556471,True,0.29729730
pair-ee0d90d884933301,oe:team:606c6ac695907af3823ee6405c58ff1,Weibo Gaming,oe:player:0da0eeb199e8fa3ab773cf84f9de9ab,oe:player:beea9fe15bff6a7ab0b3913d3d5fde6,Tian,Xiaohu,2025,135,116,41,0.13132939,0.12090643,-0.00626723,0.26055059,True,0.45689655
pair-ee2ad56e0b24194b,oe:team:33d17f3717f58e12a3da80b377221fb,FunPlus Phoenix,oe:player:6bc43cc1537fa4ac6295b4899e972cf,oe:player:da3299cd46f1ad8a86bbadeb6b8a320,Care,Assum,2025,68,68,24,0.09041917,0.07882697,-0.06631939,0.24025881,True,0.41176471
pair-eef91569f4e0a000,oe:team:8d09428f093dfbf3c488bce350af0b1,Ultra Prime,oe:player:211333df928f872c063bce4ef25ea63,oe:player:64ff4f1dd75a5654ab87c0bbee89c1e,Junhao,Wako,2025,39,24,8,-0.07067560,-0.04988866,-0.19111207,0.09628375,True,0.41666667
pair-efea55116cb5a123,oe:team:a9145b7711873f53e610fbba0493484,LNG Esports,oe:player:5e1c1cfafed233a25b0621a15629d20,oe:player:f886838ee1808c2f217208267a829ce,5t5,haichao,2025,5,5,2,-0.33845584,-0.11281861,,,False,0.20000000
pair-f23702ddc555d8b7,oe:team:b42d0f31f2727621b963042276817c4,JD Gaming,oe:player:5bbc2b92348d930ebd500cb9ce71bb7,oe:player:8007ba25dee37ac1e4445a6e9f8d252,Peyz,Xiaoxu,2025,54,54,19,-0.00468729,-0.00395490,-0.18127522,0.19015584,True,0.44444444
pair-f321fe89e9fbf90f,oe:team:df80f468a3f9a722df056fe9104f052,ThunderTalk Gaming,oe:player:05326a1c42e9c27a1067768c88955e7,oe:player:5000a68e43f946c726a17e1008e230a,Beichuan,Feather,2025,49,25,10,-0.23425576,-0.16732554,-0.34692418,0.00594684,True,0.32000000
pair-f33cae17660c0a2a,oe:team:5f401785b6b78326f9a46b3c6b206ed,LGD Gaming,oe:player:a7b51467f09577883d7150f37393964,oe:player:e85e46c5f3d3fcce55af9ca6a4cb45c,naiyou,sasi,2025,13,13,5,0.16250514,0.09185073,-0.21908336,0.42478622,True,0.69230769
pair-f3a7ca18dd5b5649,oe:team:fcec508e780bbd1ad493852640f5b36,Top Esports,oe:player:41deab55354f57a94135989133f9968,oe:player:ab2455e33b8ddb6a9d2d41107a2ed4f,Kanavi,Hang,2025,58,58,19,0.02315480,0.01974968,-0.15710655,0.19378507,True,0.65517241
pair-f521eebf82206eef,oe:team:056c3140a119e44a03d462e2c832f27,EDward Gaming,oe:player:39d7885ab4602a7f8d202883d253f5e,oe:player:58771d428ade54dd5983bbe70ce0383,Wink,Xiaohao,2025,34,21,7,0.10730408,0.07268986,-0.03004863,0.17551094,True,0.42857143
pair-f5c34a39f9ba9808,oe:team:a9145b7711873f53e610fbba0493484,LNG Esports,oe:player:1c42d9266c8b391c7870b7a39f25a12,oe:player:57da8dfcfbdb4e5b019fe93003db1c4,Photic,Weiwei,2025,16,3,1,-0.18163183,-0.04191504,,,False,0.00000000
pair-f6b18de2dda36d4d,oe:team:5f401785b6b78326f9a46b3c6b206ed,LGD Gaming,oe:player:397bcf46311de3cf780469b2a842b67,oe:player:e85e46c5f3d3fcce55af9ca6a4cb45c,Ycx,sasi,2025,62,50,20,-0.19902611,-0.16585509,-0.33964137,0.00865632,True,0.48000000
pair-f6c82c01fa2fbc08,oe:team:fcec508e780bbd1ad493852640f5b36,Top Esports,oe:player:0c74b7f78409a4022a2c4c5a5ca3ee1,oe:player:6059545b206c4b230b97fd3651b473a,369,Crisp,2025,94,64,23,-0.43825806,-0.37903400,-0.49184422,-0.26139693,True,0.65625000
pair-f874eaf6bf238091,oe:team:33d17f3717f58e12a3da80b377221fb,FunPlus Phoenix,oe:player:3ce68cf813bc34243279fd7fe3cecbb,oe:player:c332dc879e14f1feb266190c7f396fd,sheer,Shad0w,2025,74,68,24,0.34773444,0.30315310,0.14496594,0.49436843,True,0.41176471
pair-f92a6342b05f68a1,oe:team:33d17f3717f58e12a3da80b377221fb,FunPlus Phoenix,oe:player:3ce68cf813bc34243279fd7fe3cecbb,oe:player:88bba3108e62145a9780becd3eb553d,sheer,Jiejie,2025,10,10,3,0.18046663,0.09023332,0.02988963,0.12212103,True,0.30000000
pair-f9ff8de45f98d464,oe:team:b42d0f31f2727621b963042276817c4,JD Gaming,oe:player:e78da55d6db43d982f841204a8e51ac,oe:player:fbdc4428b2d095c83aebeed5da4e4b2,Zhuo,Xun,2025,38,38,12,-0.25011719,-0.19800944,-0.33634400,-0.07352665,True,0.50000000
pair-fc16a0fdd8549470,oe:team:606c6ac695907af3823ee6405c58ff1,Weibo Gaming,oe:player:0d9b0a3b3a93a8f759c9d8ac8eef97c,oe:player:a7128975a782c11d8c34525be8e1b6c,Breathe,Erha,2025,48,48,16,0.16249969,0.13448250,-0.02190015,0.30125604,True,0.43750000
pair-fc76f6e575e8f7a4,oe:team:056c3140a119e44a03d462e2c832f27,EDward Gaming,oe:player:39d7885ab4602a7f8d202883d253f5e,oe:player:542b1268b090a5fc82442efbd8d8165,Wink,Angel,2025,34,21,7,0.12760316,0.08644085,-0.02940726,0.22269879,True,0.42857143
pair-fd1734406d0eab7c,oe:team:056c3140a119e44a03d462e2c832f27,EDward Gaming,oe:player:39d7885ab4602a7f8d202883d253f5e,oe:player:da3299cd46f1ad8a86bbadeb6b8a320,Wink,Assum,2025,10,0,0,,,,,False,
pair-fda82a86c030d1a6,oe:team:ed28f87f0cfdba0a2a8f183cebae73a,Anyone's Legend,oe:player:aad3806ef26a116c73b11efa07e9bd8,oe:player:d24f38ec30ce6f7577066f80e43e4bf,Flandre,Kael,2025,142,114,42,-0.03449667,-0.03171468,-0.14195275,0.08701843,True,0.64912281
pair-fe459dd1ce8308ab,oe:team:5f401785b6b78326f9a46b3c6b206ed,LGD Gaming,oe:player:30b18cd72f0d41ae18f14378d2dab48,oe:player:397bcf46311de3cf780469b2a842b67,Climber,Ycx,2025,49,37,15,-0.25742540,-0.20265404,-0.42817635,0.02233494,True,0.40540541
pair-fee39f3fbbc32765,oe:team:48d7941ccbd5b89aca46c57b0c2f8fb,Ninjas in Pyjamas,oe:player:a7b51467f09577883d7150f37393964,oe:player:b42e757e6ed7f3eb263f69eb034f092,naiyou,Solokill,2025,38,38,13,-0.15921087,-0.12604194,-0.28080570,0.02875228,True,0.60526316
