kind,team_id,team,team_short,season,split,player_id,player,role,lineup_id,lineup_name,lineup_index,n_games,top_id,jng_id,mid_id,bot_id,sup_id,top_player,jng_player,mid_player,bot_player,sup_player
player,oe:team:ed28f87f0cfdba0a2a8f183cebae73a,Anyone's Legend,AL,2025,Split 2,oe:player:aad3806ef26a116c73b11efa07e9bd8,Flandre,top,,,,,,,,,,,,,,
player,oe:team:ed28f87f0cfdba0a2a8f183cebae73a,Anyone's Legend,AL,2025,Split 2,oe:player:62922f2b370657a966de4d84f5586bf,Tarzan,jng,,,,,,,,,,,,,,
player,oe:team:ed28f87f0cfdba0a2a8f183cebae73a,Anyone's Legend,AL,2025,Split 2,oe:player:0e2f0d3ded24c190dd6a4b3d6f89f04,Shanks,mid,,,,,,,,,,,,,,
player,oe:team:ed28f87f0cfdba0a2a8f183cebae73a,Anyone's Legend,AL,2025,Split 2,oe:player:7cf68f44e5dc31827b1d3f0a3b4a28e,Hope,bot,,,,,,,,,,,,,,
player,oe:team:ed28f87f0cfdba0a2a8f183cebae73a,Anyone's Legend,AL,2025,Split 2,oe:player:d24f38ec30ce6f7577066f80e43e4bf,Kael,sup,,,,,,,,,,,,,,
lineup,oe:team:ed28f87f0cfdba0a2a8f183cebae73a,Anyone's Legend,AL,2025,Split 2,,,,lineup-0c70b9657c01361a,AL-01,1,142,oe:player:aad3806ef26a116c73b11efa07e9bd8,oe:player:62922f2b370657a966de4d84f5586bf,oe:player:0e2f0d3ded24c190dd6a4b3d6f89f04,oe:player:7cf68f44e5dc31827b1d3f0a3b4a28e,oe:player:d24f38ec30ce6f7577066f80e43e4bf,Flandre,Tarzan,Shanks,Hope,Kael
player,oe:team:d356a144644879dabb5f34cd99c886d,Bilibili Gaming,BLG,2025,Split 2,oe:player:fb66ef5885b4be9323905b821dc3a42,Bin,top,,,,,,,,,,,,,,
player,oe:team:d356a144644879dabb5f34cd99c886d,Bilibili Gaming,BLG,2025,Split 2,oe:player:05326a1c42e9c27a1067768c88955e7,Beichuan,jng,,,,,,,,,,,,,,
player,oe:team:d356a144644879dabb5f34cd99c886d,Bilibili Gaming,BLG,2025,Split 2,oe:player:c332dc879e14f1feb266190c7f396fd,Shad0w,jng,,,,,,,,,,,,,,
player,oe:team:d356a144644879dabb5f34cd99c886d,Bilibili Gaming,BLG,2025,Split 2,oe:player:b61e517b1a6027160aafaf56e9867c0,Wei,jng,,,,,,,,,,,,,,
player,oe:team:d356a144644879dabb5f34cd99c886d,Bilibili Gaming,BLG,2025,Split 2,oe:player:ed29043422e3c515e1cb292464b990b,Knight,mid,,,,,,,,,,,,,,
player,oe:team:d356a144644879dabb5f34cd99c886d,Bilibili Gaming,BLG,2025,Split 2,oe:player:a58a0d41103cdc5b58cbb547eeaca2d,Elk,bot,,,,,,,,,,,,,,
player,oe:team:d356a144644879dabb5f34cd99c886d,Bilibili Gaming,BLG,2025,Split 2,oe:player:90651ebea9a35ec4e018c8157492e17,ON,sup,,,,,,,,,,,,,,
lineup,oe:team:d356a144644879dabb5f34cd99c886d,Bilibili Gaming,BLG,2025,Split 2,,,,lineup-19592bbd08167791,BLG-01,1,53,oe:player:fb66ef5885b4be9323905b821dc3a42,oe:player:05326a1c42e9c27a1067768c88955e7,oe:player:ed29043422e3c515e1cb292464b990b,oe:player:a58a0d41103cdc5b58cbb547eeaca2d,oe:player:90651ebea9a35ec4e018c8157492e17,Bin,Beichuan,Knight,Elk,ON
lineup,oe:team:d356a144644879dabb5f34cd99c886d,Bilibili Gaming,BLG,2025,Split 2,,,,lineup-9ac2889342540ec4,BLG-02,2,52,oe:player:fb66ef5885b4be9323905b821dc3a42,oe:player:b61e517b1a6027160aafaf56e9867c0,oe:player:ed29043422e3c515e1cb292464b990b,oe:player:a58a0d41103cdc5b58cbb547eeaca2d,oe:player:90651ebea9a35ec4e018c8157492e17,Bin,Wei,Knight,Elk,ON
lineup,oe:team:d356a144644879dabb5f34cd99c886d,Bilibili Gaming,BLG,2025,Split 2,,,,lineup-efcf749fb92ad5f0,BLG-03,3,43,oe:player:fb66ef5885b4be9323905b821dc3a42,oe:player:c332dc879e14f1feb266190c7f396fd,oe:player:ed29043422e3c515e1cb292464b990b,oe:player:a58a0d41103cdc5b58cbb547eeaca2d,oe:player:90651ebea9a35ec4e018c8157492e17,Bin,Shad0w,Knight,Elk,ON
player,oe:team:056c3140a119e44a03d462e2c832f27,EDward Gaming,EDG,2025,Split 3,oe:player:132ee4b29ebeac294a420dcebe64bdc,Zdz,top,,,,,,,,,,,,,,
player,oe:team:056c3140a119e44a03d462e2c832f27,EDward Gaming,EDG,2025,Split 3,oe:player:58771d428ade54dd5983bbe70ce0383,Xiaohao,jng,,,,,,,,,,,,,,
player,oe:team:056c3140a119e44a03d462e2c832f27,EDward Gaming,EDG,2025,Split 3,oe:player:542b1268b090a5fc82442efbd8d8165,Angel,mid,,,,,,,,,,,,,,
player,oe:team:056c3140a119e44a03d462e2c832f27,EDward Gaming,EDG,2025,Split 3,oe:player:66d0ff0f8f9b5296770c1dbda549950,Ahn,bot,,,,,,,,,,,,,,
player,oe:team:056c3140a119e44a03d462e2c832f27,EDward Gaming,EDG,2025,Split 3,oe:player:da3299cd46f1ad8a86bbadeb6b8a320,Assum,bot,,,,,,,,,,,,,,
player,oe:team:056c3140a119e44a03d462e2c832f27,EDward Gaming,EDG,2025,Split 3,oe:player:13166913111075999f2adeb687548eb,Parukia,sup,,,,,,,,,,,,,,
player,oe:team:056c3140a119e44a03d462e2c832f27,EDward Gaming,EDG,2025,Split 3,oe:player:39d7885ab4602a7f8d202883d253f5e,Wink,sup,,,,,,,,,,,,,,
lineup,oe:team:056c3140a119e44a03d462e2c832f27,EDward Gaming,EDG,2025,Split 3,,,,lineup-f24753d375f22dc0,EDG-01,1,34,oe:player:132ee4b29ebeac294a420dcebe64bdc,oe:player:58771d428ade54dd5983bbe70ce0383,oe:player:542b1268b090a5fc82442efbd8d8165,oe:player:66d0ff0f8f9b5296770c1dbda549950,oe:player:13166913111075999f2adeb687548eb,Zdz,Xiaohao,Angel,Ahn,Parukia
lineup,oe:team:056c3140a119e44a03d462e2c832f27,EDward Gaming,EDG,2025,Split 3,,,,lineup-a62b4b30391550c8,EDG-02,2,24,oe:player:132ee4b29ebeac294a420dcebe64bdc,oe:player:58771d428ade54dd5983bbe70ce0383,oe:player:542b1268b090a5fc82442efbd8d8165,oe:player:66d0ff0f8f9b5296770c1dbda549950,oe:player:39d7885ab4602a7f8d202883d253f5e,Zdz,Xiaohao,Angel,Ahn,Wink
lineup,oe:team:056c3140a119e44a03d462e2c832f27,EDward Gaming,EDG,2025,Split 3,,,,lineup-0d17ec9b5e982280,EDG-03,3,10,oe:player:132ee4b29ebeac294a420dcebe64bdc,oe:player:58771d428ade54dd5983bbe70ce0383,oe:player:542b1268b090a5fc82442efbd8d8165,oe:player:da3299cd46f1ad8a86bbadeb6b8a320,oe:player:39d7885ab4602a7f8d202883d253f5e,Zdz,Xiaohao,Angel,Assum,Wink
player,oe:team:33d17f3717f58e12a3da80b377221fb,FunPlus Phoenix,FPX,2025,Split 2,oe:player:3ce68cf813bc34243279fd7fe3cecbb,sheer,top,,,,,,,,,,,,,,
player,oe:team:33d17f3717f58e12a3da80b377221fb,FunPlus Phoenix,FPX,2025,Split 2,oe:player:88bba3108e62145a9780becd3eb553d,Jiejie,jng,,,,,,,,,,,,,,
player,oe:team:33d17f3717f58e12a3da80b377221fb,FunPlus Phoenix,FPX,2025,Split 2,oe:player:c332dc879e14f1feb266190c7f396fd,Shad0w,jng,,,,,,,,,,,,,,
player,oe:team:33d17f3717f58e12a3da80b377221fb,FunPlus Phoenix,FPX,2025,Split 2,oe:player:b8d0c78f3ecdcf7ca398a77dc8ef5af,iyy,jng,,,,,,,,,,,,,,
player,oe:team:33d17f3717f58e12a3da80b377221fb,FunPlus Phoenix,FPX,2025,Split 2,oe:player:31b62cc3cf89d670fdef677faed2789,milkyway,jng,,,,,,,,,,,,,,
player,oe:team:33d17f3717f58e12a3da80b377221fb,FunPlus Phoenix,FPX,2025,Split 2,oe:player:4aa496a041ce3b1febfc4887d057f11,sorrow,jng,,,,,,,,,,,,,,
player,oe:team:33d17f3717f58e12a3da80b377221fb,FunPlus Phoenix,FPX,2025,Split 2,oe:player:6bc43cc1537fa4ac6295b4899e972cf,Care,mid,,,,,,,,,,,,,,
player,oe:team:33d17f3717f58e12a3da80b377221fb,FunPlus Phoenix,FPX,2025,Split 2,oe:player:da3299cd46f1ad8a86bbadeb6b8a320,Assum,bot,,,,,,,,,,,,,,
player,oe:team:33d17f3717f58e12a3da80b377221fb,FunPlus Phoenix,FPX,2025,Split 2,oe:player:d971df9441d60af93a87545e6a8f884,JiaQi,bot,,,,,,,,,,,,,,
player,oe:team:33d17f3717f58e12a3da80b377221fb,FunPlus Phoenix,FPX,2025,Split 2,oe:player:4462a94df8bf2cf755c0c5da35f0282,bat,bot,,,,,,,,,,,,,,
player,oe:team:33d17f3717f58e12a3da80b377221fb,FunPlus Phoenix,FPX,2025,Split 2,oe:player:dfe5b204f04f40a84019af080662259,Jwei,sup,,,,,,,,,,,,,,
lineup,oe:team:33d17f3717f58e12a3da80b377221fb,FunPlus Phoenix,FPX,2025,Split 2,,,,lineup-77078f90357d5750,FPX-01,1,68,oe:player:3ce68cf813bc34243279fd7fe3cecbb,oe:player:c332dc879e14f1feb266190c7f396fd,oe:player:6bc43cc1537fa4ac6295b4899e972cf,oe:player:da3299cd46f1ad8a86bbadeb6b8a320,oe:player:dfe5b204f04f40a84019af080662259,sheer,Shad0w,Care,Assum,Jwei
lineup,oe:team:33d17f3717f58e12a3da80b377221fb,FunPlus Phoenix,FPX,2025,Split 2,,,,lineup-a454447aad9f71e8,FPX-02,2,18,oe:player:3ce68cf813bc34243279fd7fe3cecbb,oe:player:b8d0c78f3ecdcf7ca398a77dc8ef5af,oe:player:6bc43cc1537fa4ac6295b4899e972cf,oe:player:d971df9441d60af93a87545e6a8f884,oe:player:dfe5b204f04f40a84019af080662259,sheer,iyy,Care,JiaQi,Jwei
lineup,oe:team:33d17f3717f58e12a3da80b377221fb,FunPlus Phoenix,FPX,2025,Split 2,,,,lineup-47e2fc5eb61aab2b,FPX-03,3,10,oe:player:3ce68cf813bc34243279fd7fe3cecbb,oe:player:88bba3108e62145a9780becd3eb553d,oe:player:6bc43cc1537fa4ac6295b4899e972cf,oe:player:d971df9441d60af93a87545e6a8f884,oe:player:dfe5b204f04f40a84019af080662259,sheer,Jiejie,Care,JiaQi,Jwei
lineup,oe:team:33d17f3717f58e12a3da80b377221fb,FunPlus Phoenix,FPX,2025,Split 2,,,,lineup-4943c8b67300a8c4,FPX-04,4,9,oe:player:3ce68cf813bc34243279fd7fe3cecbb,oe:player:31b62cc3cf89d670fdef677faed2789,oe:player:6bc43cc1537fa4ac6295b4899e972cf,oe:player:d971df9441d60af93a87545e6a8f884,oe:player:dfe5b204f04f40a84019af080662259,sheer,milkyway,Care,JiaQi,Jwei
lineup,oe:team:33d17f3717f58e12a3da80b377221fb,FunPlus Phoenix,FPX,2025,Split 2,,,,lineup-73cb01d94659862f,FPX-05,5,6,oe:player:3ce68cf813bc34243279fd7fe3cecbb,oe:player:c332dc879e14f1feb266190c7f396fd,oe:player:6bc43cc1537fa4ac6295b4899e972cf,oe:player:4462a94df8bf2cf755c0c5da35f0282,oe:player:dfe5b204f04f40a84019af080662259,sheer,Shad0w,Care,bat,Jwei
lineup,oe:team:33d17f3717f58e12a3da80b377221fb,FunPlus Phoenix,FPX,2025,Split 2,,,,lineup-11839ecc3ffe4175,FPX-06,6,4,oe:player:3ce68cf813bc34243279fd7fe3cecbb,oe:player:4aa496a041ce3b1febfc4887d057f11,oe:player:6bc43cc1537fa4ac6295b4899e972cf,oe:player:4462a94df8bf2cf755c0c5da35f0282,oe:player:dfe5b204f04f40a84019af080662259,sheer,sorrow,Care,bat,Jwei
player,oe:team:53a258f289c26d94431c0496a54e151,Invictus Gaming,IG,2025,Split 2,oe:player:37f20525a39d17ec49fd10294f9c994,TheShy,top,,,,,,,,,,,,,,
player,oe:team:53a258f289c26d94431c0496a54e151,Invictus Gaming,IG,2025,Split 2,oe:player:88bba3108e62145a9780becd3eb553d,Jiejie,jng,,,,,,,,,,,,,,
player,oe:team:53a258f289c26d94431c0496a54e151,Invictus Gaming,IG,2025,Split 2,oe:player:b61e517b1a6027160aafaf56e9867c0,Wei,jng,,,,,,,,,,,,,,
player,oe:team:53a258f289c26d94431c0496a54e151,Invictus Gaming,IG,2025,Split 2,oe:player:1213778b5c6d69dcb26aa89f7d0aaa9,Rookie,mid,,,,,,,,,,,,,,
player,oe:team:53a258f289c26d94431c0496a54e151,Invictus Gaming,IG,2025,Split 2,oe:player:867e8957fae1cb59f0808dbcc3aada2,GALA,bot,,,,,,,,,,,,,,
player,oe:team:53a258f289c26d94431c0496a54e151,Invictus Gaming,IG,2025,Split 2,oe:player:bda7cc061d7a1576f1dcad33dd505cd,Meiko,sup,,,,,,,,,,,,,,
lineup,oe:team:53a258f289c26d94431c0496a54e151,Invictus Gaming,IG,2025,Split 2,,,,lineup-6c9b3df9f914e7c9,IG-01,1,90,oe:player:37f20525a39d17ec49fd10294f9c994,oe:player:88bba3108e62145a9780becd3eb553d,oe:player:1213778b5c6d69dcb26aa89f7d0aaa9,oe:player:867e8957fae1cb59f0808dbcc3aada2,oe:player:bda7cc061d7a1576f1dcad33dd505cd,TheShy,Jiejie,Rookie,GALA,Meiko
lineup,oe:team:53a258f289c26d94431c0496a54e151,Invictus Gaming,IG,2025,Split 2,,,,lineup-4bed2c5d0abb0a50,IG-02,2,42,oe:player:37f20525a39d17ec49fd10294f9c994,oe:player:b61e517b1a6027160aafaf56e9867c0,oe:player:1213778b5c6d69dcb26aa89f7d0aaa9,oe:player:867e8957fae1cb59f0808dbcc3aada2,oe:player:bda7cc061d7a1576f1dcad33dd505cd,TheShy,Wei,Rookie,GALA,Meiko
player,oe:team:b42d0f31f2727621b963042276817c4,JD Gaming,JDG,2025,Split 3,oe:player:f40f1b0923c35568f417aef1e01ca6b,Ale,top,,,,,,,,,,,,,,
player,oe:team:b42d0f31f2727621b963042276817c4,JD Gaming,JDG,2025,Split 3,oe:player:8007ba25dee37ac1e4445a6e9f8d252,Xiaoxu,top,,,,,,,,,,,,,,
player,oe:team:b42d0f31f2727621b963042276817c4,JD Gaming,JDG,2025,Split 3,oe:player:fbdc4428b2d095c83aebeed5da4e4b2,Xun,jng,,,,,,,,,,,,,,
player,oe:team:b42d0f31f2727621b963042276817c4,JD Gaming,JDG,2025,Split 3,oe:player:71e79ef80600d398d90cfebe3b0b758,Scout,mid,,,,,,,,,,,,,,
player,oe:team:b42d0f31f2727621b963042276817c4,JD Gaming,JDG,2025,Split 3,oe:player:5bbc2b92348d930ebd500cb9ce71bb7,Peyz,bot,,,,,,,,,,,,,,
player,oe:team:b42d0f31f2727621b963042276817c4,JD Gaming,JDG,2025,Split 3,oe:player:10d1208b485425756fcc932229386b0,MISSING,sup,,,,,,,,,,,,,,
player,oe:team:b42d0f31f2727621b963042276817c4,JD Gaming,JDG,2025,Split 3,oe:player:39d7885ab4602a7f8d202883d253f5e,Wink,sup,,,,,,,,,,,,,,
player,oe:team:b42d0f31f2727621b963042276817c4,JD Gaming,JDG,2025,Split 3,oe:player:e78da55d6db43d982f841204a8e51ac,Zhuo,sup,,,,,,,,,,,,,,
lineup,oe:team:b42d0f31f2727621b963042276817c4,JD Gaming,JDG,2025,Split 3,,,,lineup-9a02b6f5a1c776a0,JDG-01,1,83,oe:player:f40f1b0923c35568f417aef1e01ca6b,oe:player:fbdc4428b2d095c83aebeed5da4e4b2,oe:player:71e79ef80600d398d90cfebe3b0b758,oe:player:5bbc2b92348d930ebd500cb9ce71bb7,oe:player:10d1208b485425756fcc932229386b0,Ale,Xun,Scout,Peyz,MISSING
lineup,oe:team:b42d0f31f2727621b963042276817c4,JD Gaming,JDG,2025,Split 3,,,,lineup-cc555a2107d5cdad,JDG-02,2,38,oe:player:8007ba25dee37ac1e4445a6e9f8d252,oe:player:fbdc4428b2d095c83aebeed5da4e4b2,oe:player:71e79ef80600d398d90cfebe3b0b758,oe:player:5bbc2b92348d930ebd500cb9ce71bb7,oe:player:e78da55d6db43d982f841204a8e51ac,Xiaoxu,Xun,Scout,Peyz,Zhuo
lineup,oe:team:b42d0f31f2727621b963042276817c4,JD Gaming,JDG,2025,Split 3,,,,lineup-825c1f0bcd51ad7a,JDG-03,3,16,oe:player:8007ba25dee37ac1e4445a6e9f8d252,oe:player:fbdc4428b2d095c83aebeed5da4e4b2,oe:player:71e79ef80600d398d90cfebe3b0b758,oe:player:5bbc2b92348d930ebd500cb9ce71bb7,oe:player:39d7885ab4602a7f8d202883d253f5e,Xiaoxu,Xun,Scout,Peyz,Wink
player,oe:team:5f401785b6b78326f9a46b3c6b206ed,LGD Gaming,LGD,2025,Split 3,oe:player:e85e46c5f3d3fcce55af9ca6a4cb45c,sasi,top,,,,,,,,,,,,,,
player,oe:team:5f401785b6b78326f9a46b3c6b206ed,LGD Gaming,LGD,2025,Split 3,oe:player:30b18cd72f0d41ae18f14378d2dab48,Climber,jng,,,,,,,,,,,,,,
player,oe:team:5f401785b6b78326f9a46b3c6b206ed,LGD Gaming,LGD,2025,Split 3,oe:player:a7b51467f09577883d7150f37393964,naiyou,jng,,,,,,,,,,,,,,
player,oe:team:5f401785b6b78326f9a46b3c6b206ed,LGD Gaming,LGD,2025,Split 3,oe:player:905e2f4e54700b9ed0ddfb13deec4e9,xqw,mid,,,,,,,,,,,,,,
player,oe:team:5f401785b6b78326f9a46b3c6b206ed,LGD Gaming,LGD,2025,Split 3,oe:player:6d734e1e86b978852d95cfd63d6a643,Shaoye,bot,,,,,,,,,,,,,,
player,oe:team:5f401785b6b78326f9a46b3c6b206ed,LGD Gaming,LGD,2025,Split 3,oe:player:397bcf46311de3cf780469b2a842b67,Ycx,sup,,,,,,,,,,,,,,
lineup,oe:team:5f401785b6b78326f9a46b3c6b206ed,LGD Gaming,LGD,2025,Split 3,,,,lineup-ad1d6c6934896379,LGD-01,1,49,oe:player:e85e46c5f3d3fcce55af9ca6a4cb45c,oe:player:30b18cd72f0d41ae18f14378d2dab48,oe:player:905e2f4e54700b9ed0ddfb13deec4e9,oe:player:6d734e1e86b978852d95cfd63d6a643,oe:player:397bcf46311de3cf780469b2a842b67,sasi,Climber,xqw,Shaoye,Ycx
lineup,oe:team:5f401785b6b78326f9a46b3c6b206ed,LGD Gaming,LGD,2025,Split 3,,,,lineup-d6dd6b49d8dc55ec,LGD-02,2,13,oe:player:e85e46c5f3d3fcce55af9ca6a4cb45c,oe:player:a7b51467f09577883d7150f37393964,oe:player:905e2f4e54700b9ed0ddfb13deec4e9,oe:player:6d734e1e86b978852d95cfd63d6a643,oe:player:397bcf46311de3cf780469b2a842b67,sasi,naiyou,xqw,Shaoye,Ycx
player,oe:team:a9145b7711873f53e610fbba0493484,LNG Esports,LNG,2025,Split 3,oe:player:65ed20b21e2993fb00dbd21a2fd991b,Zika,top,,,,,,,,,,,,,,
player,oe:team:a9145b7711873f53e610fbba0493484,LNG Esports,LNG,2025,Split 3,oe:player:5e1c1cfafed233a25b0621a15629d20,5t5,jng,,,,,,,,,,,,,,
player,oe:team:a9145b7711873f53e610fbba0493484,LNG Esports,LNG,2025,Split 3,oe:player:57da8dfcfbdb4e5b019fe93003db1c4,Weiwei,jng,,,,,,,,,,,,,,
player,oe:team:a9145b7711873f53e610fbba0493484,LNG Esports,LNG,2025,Split 3,oe:player:863519e5df81ff9b308c90f6a59495b,xiaofang,jng,,,,,,,,,,,,,,
player,oe:team:a9145b7711873f53e610fbba0493484,LNG Esports,LNG,2025,Split 3,oe:player:f886838ee1808c2f217208267a829ce,haichao,mid,,,,,,,,,,,,,,
player,oe:team:a9145b7711873f53e610fbba0493484,LNG Esports,LNG,2025,Split 3,oe:player:233724c5adf28da47784390134db3c6,LP,bot,,,,,,,,,,,,,,
player,oe:team:a9145b7711873f53e610fbba0493484,LNG Esports,LNG,2025,Split 3,oe:player:1c42d9266c8b391c7870b7a39f25a12,Photic,bot,,,,,,,,,,,,,,
player,oe:team:a9145b7711873f53e610fbba0493484,LNG Esports,LNG,2025,Split 3,oe:player:0dcf834c627e57895f26132ec33d99c,fishone,bot,,,,,,,,,,,,,,
player,oe:team:a9145b7711873f53e610fbba0493484,LNG Esports,LNG,2025,Split 3,oe:player:a7bb2d8b4e4c1a1fde8c3e584ef6835,OvO,sup,,,,,,,,,,,,,,
player,oe:team:a9145b7711873f53e610fbba0493484,LNG Esports,LNG,2025,Split 3,oe:player:e78da55d6db43d982f841204a8e51ac,Zhuo,sup,,,,,,,,,,,,,,
lineup,oe:team:a9145b7711873f53e610fbba0493484,LNG Esports,LNG,2025,Split 3,,,,lineup-13e3b23b5665ceca,LNG-01,1,16,oe:player:65ed20b21e2993fb00dbd21a2fd991b,oe:player:57da8dfcfbdb4e5b019fe93003db1c4,oe:player:f886838ee1808c2f217208267a829ce,oe:player:1c42d9266c8b391c7870b7a39f25a12,oe:player:e78da55d6db43d982f841204a8e51ac,Zika,Weiwei,haichao,Photic,Zhuo
lineup,oe:team:a9145b7711873f53e610fbba0493484,LNG Esports,LNG,2025,Split 3,,,,lineup-42571e2cdc89aecc,LNG-02,2,13,oe:player:65ed20b21e2993fb00dbd21a2fd991b,oe:player:863519e5df81ff9b308c90f6a59495b,oe:player:f886838ee1808c2f217208267a829ce,oe:player:233724c5adf28da47784390134db3c6,oe:player:e78da55d6db43d982f841204a8e51ac,Zika,xiaofang,haichao,LP,Zhuo
lineup,oe:team:a9145b7711873f53e610fbba0493484,LNG Esports,LNG,2025,Split 3,,,,lineup-22bf623f01ba552d,LNG-03,3,11,oe:player:65ed20b21e2993fb00dbd21a2fd991b,oe:player:863519e5df81ff9b308c90f6a59495b,oe:player:f886838ee1808c2f217208267a829ce,oe:player:0dcf834c627e57895f26132ec33d99c,oe:player:a7bb2d8b4e4c1a1fde8c3e584ef6835,Zika,xiaofang,haichao,fishone,OvO
lineup,oe:team:a9145b7711873f53e610fbba0493484,LNG Esports,LNG,2025,Split 3,,,,lineup-81bf8b353e4fb910,LNG-04,4,5,oe:player:65ed20b21e2993fb00dbd21a2fd991b,oe:player:863519e5df81ff9b308c90f6a59495b,oe:player:f886838ee1808c2f217208267a829ce,oe:player:0dcf834c627e57895f26132ec33d99c,oe:player:e78da55d6db43d982f841204a8e51ac,Zika,xiaofang,haichao,fishone,Zhuo
lineup,oe:team:a9145b7711873f53e610fbba0493484,LNG Esports,LNG,2025,Split 3,,,,lineup-a655d2af33d9e6c9,LNG-05,5,5,oe:player:65ed20b21e2993fb00dbd21a2fd991b,oe:player:5e1c1cfafed233a25b0621a15629d20,oe:player:f886838ee1808c2f217208267a829ce,oe:player:233724c5adf28da47784390134db3c6,oe:player:e78da55d6db43d982f841204a8e51ac,Zika,5t5,haichao,LP,Zhuo
player,oe:team:48d7941ccbd5b89aca46c57b0c2f8fb,Ninjas in Pyjamas,NIP,2025,Split 2,oe:player:b42e757e6ed7f3eb263f69eb034f092,Solokill,top,,,,,,,,,,,,,,
player,oe:team:48d7941ccbd5b89aca46c57b0c2f8fb,Ninjas in Pyjamas,NIP,2025,Split 2,oe:player:708bbc09836488d812e6775a07d785f,shanji,top,,,,,,,,,,,,,,
player,oe:team:48d7941ccbd5b89aca46c57b0c2f8fb,Ninjas in Pyjamas,NIP,2025,Split 2,oe:player:3faae62fb907ad7cbcf2167beb8b2c7,Aki,jng,,,,,,,,,,,,,,
player,oe:team:48d7941ccbd5b89aca46c57b0c2f8fb,Ninjas in Pyjamas,NIP,2025,Split 2,oe:player:a7b51467f09577883d7150f37393964,naiyou,jng,,,,,,,,,,,,,,
player,oe:team:48d7941ccbd5b89aca46c57b0c2f8fb,Ninjas in Pyjamas,NIP,2025,Split 2,oe:player:9b73925063fe3714ebb4e8c10f551c0,Doinb,mid,,,,,,,,,,,,,,
player,oe:team:48d7941ccbd5b89aca46c57b0c2f8fb,Ninjas in Pyjamas,NIP,2025,Split 2,oe:player:a52945dbe283de2f7e9d63ca3417f36,Leave,bot,,,,,,,,,,,,,,
player,oe:team:48d7941ccbd5b89aca46c57b0c2f8fb,Ninjas in Pyjamas,NIP,2025,Split 2,oe:player:6ad53ca055b82d5e23b83df6093df11,Niket,sup,,,,,,,,,,,,,,
player,oe:team:48d7941ccbd5b89aca46c57b0c2f8fb,Ninjas in Pyjamas,NIP,2025,Split 2,oe:player:615b1f347cdf6bc6df1883ed9e18496,ppgod,sup,,,,,,,,,,,,,,
lineup,oe:team:48d7941ccbd5b89aca46c57b0c2f8fb,Ninjas in Pyjamas,NIP,2025,Split 2,,,,lineup-87d8b8f825359f48,NIP-01,1,47,oe:player:708bbc09836488d812e6775a07d785f,oe:player:3faae62fb907ad7cbcf2167beb8b2c7,oe:player:9b73925063fe3714ebb4e8c10f551c0,oe:player:a52945dbe283de2f7e9d63ca3417f36,oe:player:615b1f347cdf6bc6df1883ed9e18496,shanji,Aki,Doinb,Leave,ppgod
lineup,oe:team:48d7941ccbd5b89aca46c57b0c2f8fb,Ninjas in Pyjamas,NIP,2025,Split 2,,,,lineup-58db8a30ac0d57bf,NIP-02,2,38,oe:player:b42e757e6ed7f3eb263f69eb034f092,oe:player:a7b51467f09577883d7150f37393964,oe:player:9b73925063fe3714ebb4e8c10f551c0,oe:player:a52945dbe283de2f7e9d63ca3417f36,oe:player:6ad53ca055b82d5e23b83df6093df11,Solokill,naiyou,Doinb,Leave,Niket
lineup,oe:team:48d7941ccbd5b89aca46c57b0c2f8fb,Ninjas in Pyjamas,NIP,2025,Split 2,,,,lineup-cda4e176d5f81b81,NIP-03,3,26,oe:player:b42e757e6ed7f3eb263f69eb034f092,oe:player:3faae62fb907ad7cbcf2167beb8b2c7,oe:player:9b73925063fe3714ebb4e8c10f551c0,oe:player:a52945dbe283de2f7e9d63ca3417f36,oe:player:615b1f347cdf6bc6df1883ed9e18496,Solokill,Aki,Doinb,Leave,ppgod
player,oe:team:f4c4528c6981e104a11ea7548630c23,Oh My God,OMG,2025,Split 1,oe:player:407b2b8fcb2fd977fc766d5df3f4dff,Hery,top,,,,,,,,,,,,,,
player,oe:team:f4c4528c6981e104a11ea7548630c23,Oh My God,OMG,2025,Split 1,oe:player:92f0831b560a15d8be3be25275adb08,Heng,jng,,,,,,,,,,,,,,
player,oe:team:f4c4528c6981e104a11ea7548630c23,Oh My God,OMG,2025,Split 1,oe:player:48b7344051c2365da81acb5c3de8eb1,beishang,jng,,,,,,,,,,,,,,
player,oe:team:f4c4528c6981e104a11ea7548630c23,Oh My God,OMG,2025,Split 1,oe:player:cb6616189a21f8e8ed43ccdb3f6904a,Linfeng,mid,,,,,,,,,,,,,,
player,oe:team:f4c4528c6981e104a11ea7548630c23,Oh My God,OMG,2025,Split 1,oe:player:9bcf397008d511151380efd9e6b2ae6,charlotte,mid,,,,,,,,,,,,,,
player,oe:team:f4c4528c6981e104a11ea7548630c23,Oh My God,OMG,2025,Split 1,oe:player:0be01924125adebc1a95bbb09d0c4d1,Starry,bot,,,,,,,,,,,,,,
player,oe:team:f4c4528c6981e104a11ea7548630c23,Oh My God,OMG,2025,Split 1,oe:player:dfc279de8d7bd571aa8edfd7eb89c03,Moham,sup,,,,,,,,,,,,,,
lineup,oe:team:f4c4528c6981e104a11ea7548630c23,Oh My God,OMG,2025,Split 1,,,,lineup-5a0cf5c36a4684f2,OMG-01,1,22,oe:player:407b2b8fcb2fd977fc766d5df3f4dff,oe:player:92f0831b560a15d8be3be25275adb08,oe:player:cb6616189a21f8e8ed43ccdb3f6904a,oe:player:0be01924125adebc1a95bbb09d0c4d1,oe:player:dfc279de8d7bd571aa8edfd7eb89c03,Hery,Heng,Linfeng,Starry,Moham
lineup,oe:team:f4c4528c6981e104a11ea7548630c23,Oh My God,OMG,2025,Split 1,,,,lineup-1bcce99a1737f1e2,OMG-02,2,6,oe:player:407b2b8fcb2fd977fc766d5df3f4dff,oe:player:48b7344051c2365da81acb5c3de8eb1,oe:player:9bcf397008d511151380efd9e6b2ae6,oe:player:0be01924125adebc1a95bbb09d0c4d1,oe:player:dfc279de8d7bd571aa8edfd7eb89c03,Hery,beishang,charlotte,Starry,Moham
lineup,oe:team:f4c4528c6981e104a11ea7548630c23,Oh My God,OMG,2025,Split 1,,,,lineup-be0dda0ce21ab3b4,OMG-03,3,4,oe:player:407b2b8fcb2fd977fc766d5df3f4dff,oe:player:92f0831b560a15d8be3be25275adb08,oe:player:9bcf397008d511151380efd9e6b2ae6,oe:player:0be01924125adebc1a95bbb09d0c4d1,oe:player:dfc279de8d7bd571aa8edfd7eb89c03,Hery,Heng,charlotte,Starry,Moham
player,oe:team:73f3126d91d35faa5d5ce34abadb865,Royal Never Give Up,RNG,2025,Split 2,oe:player:8007ba25dee37ac1e4445a6e9f8d252,Xiaoxu,top,,,,,,,,,,,,,,
player,oe:team:73f3126d91d35faa5d5ce34abadb865,Royal Never Give Up,RNG,2025,Split 2,oe:player:31b62cc3cf89d670fdef677faed2789,milkyway,jng,,,,,,,,,,,,,,
player,oe:team:73f3126d91d35faa5d5ce34abadb865,Royal Never Give Up,RNG,2025,Split 2,oe:player:3c93fcbfb525315f6412904e5b9abbd,Tangyuan,mid,,,,,,,,,,,,,,
player,oe:team:73f3126d91d35faa5d5ce34abadb865,Royal Never Give Up,RNG,2025,Split 2,oe:player:d971df9441d60af93a87545e6a8f884,JiaQi,bot,,,,,,,,,,,,,,
player,oe:team:73f3126d91d35faa5d5ce34abadb865,Royal Never Give Up,RNG,2025,Split 2,oe:player:ad991b9f2f7e553d4eefb9f5d06afc9,Lele,sup,,,,,,,,,,,,,,
player,oe:team:73f3126d91d35faa5d5ce34abadb865,Royal Never Give Up,RNG,2025,Split 2,oe:player:6ad53ca055b82d5e23b83df6093df11,Niket,sup,,,,,,,,,,,,,,
lineup,oe:team:73f3126d91d35faa5d5ce34abadb865,Royal Never Give Up,RNG,2025,Split 2,,,,lineup-7ae03cd7755739fa,RNG-01,1,23,oe:player:8007ba25dee37ac1e4445a6e9f8d252,oe:player:31b62cc3cf89d670fdef677faed2789,oe:player:3c93fcbfb525315f6412904e5b9abbd,oe:player:d971df9441d60af93a87545e6a8f884,oe:player:6ad53ca055b82d5e23b83df6093df11,Xiaoxu,milkyway,Tangyuan,JiaQi,Niket
lineup,oe:team:73f3126d91d35faa5d5ce34abadb865,Royal Never Give Up,RNG,2025,Split 2,,,,lineup-37412e273b2b4e0d,RNG-02,2,8,oe:player:8007ba25dee37ac1e4445a6e9f8d252,oe:player:31b62cc3cf89d670fdef677faed2789,oe:player:3c93fcbfb525315f6412904e5b9abbd,oe:player:d971df9441d60af93a87545e6a8f884,oe:player:ad991b9f2f7e553d4eefb9f5d06afc9,Xiaoxu,milkyway,Tangyuan,JiaQi,Lele
player,oe:team:62c1cd9465dc63824593ee5046f5aa8,Team WE,WE,2025,Split 2,oe:player:b6603b64c5cabad210826735469838b,Cube,top,,,,,,,,,,,,,,
player,oe:team:62c1cd9465dc63824593ee5046f5aa8,Team WE,WE,2025,Split 2,oe:player:a23b45071ea855f85e43db4b5a1683d,Monki,jng,,,,,,,,,,,,,,
player,oe:team:62c1cd9465dc63824593ee5046f5aa8,Team WE,WE,2025,Split 2,oe:player:e9aecf3f86eadc4cabbf95b7d92be0d,Tianzhen,jng,,,,,,,,,,,,,,
player,oe:team:62c1cd9465dc63824593ee5046f5aa8,Team WE,WE,2025,Split 2,oe:player:498246d6c44175256a07ed5f322c817,Karis,mid,,,,,,,,,,,,,,
player,oe:team:62c1cd9465dc63824593ee5046f5aa8,Team WE,WE,2025,Split 2,oe:player:952237fce714ed1eca8ded17523bee9,Taeyoon,bot,,,,,,,,,,,,,,
player,oe:team:62c1cd9465dc63824593ee5046f5aa8,Team WE,WE,2025,Split 2,oe:player:41ad87cfc159526f62529db61162a2a,Vampire,sup,,,,,,,,,,,,,,
lineup,oe:team:62c1cd9465dc63824593ee5046f5aa8,Team WE,WE,2025,Split 2,,,,lineup-d13762557b3d9798,WE-01,1,121,oe:player:b6603b64c5cabad210826735469838b,oe:player:a23b45071ea855f85e43db4b5a1683d,oe:player:498246d6c44175256a07ed5f322c817,oe:player:952237fce714ed1eca8ded17523bee9,oe:player:41ad87cfc159526f62529db61162a2a,Cube,Monki,Karis,Taeyoon,Vampire
lineup,oe:team:62c1cd9465dc63824593ee5046f5aa8,Team WE,WE,2025,Split 2,,,,lineup-bc2e8ce17039c8ad,WE-02,2,6,oe:player:b6603b64c5cabad210826735469838b,oe:player:e9aecf3f86eadc4cabbf95b7d92be0d,oe:player:498246d6c44175256a07ed5f322c817,oe:player:952237fce714ed1eca8ded17523bee9,oe:player:41ad87cfc159526f62529db61162a2a,Cube,Tianzhen,Karis,Taeyoon,Vampire
player,oe:team:df80f468a3f9a722df056fe9104f052,ThunderTalk Gaming,TT,2025,Split 2,oe:player:57ac9f77eae511aeee1e854434f73f2,HOYA,top,,,,,,,,,,,,,,
player,oe:team:df80f468a3f9a722df056fe9104f052,ThunderTalk Gaming,TT,2025,Split 2,oe:player:3faae62fb907ad7cbcf2167beb8b2c7,Aki,jng,,,,,,,,,,,,,,
player,oe:team:df80f468a3f9a722df056fe9104f052,ThunderTalk Gaming,TT,2025,Split 2,oe:player:05326a1c42e9c27a1067768c88955e7,Beichuan,jng,,,,,,,,,,,,,,
player,oe:team:df80f468a3f9a722df056fe9104f052,ThunderTalk Gaming,TT,2025,Split 2,oe:player:a57c46c636a00b1721780dd44f9c42f,xiaohuangren,jng,,,,,,,,,,,,,,
player,oe:team:df80f468a3f9a722df056fe9104f052,ThunderTalk Gaming,TT,2025,Split 2,oe:player:4ff7b91bbc9492e9f96d28dda496653,SeTab,mid,,,,,,,,,,,,,,
player,oe:team:df80f468a3f9a722df056fe9104f052,ThunderTalk Gaming,TT,2025,Split 2,oe:player:d2b317a92a71a850ae3da1e0d83e883,1xn,bot,,,,,,,,,,,,,,
player,oe:team:df80f468a3f9a722df056fe9104f052,ThunderTalk Gaming,TT,2025,Split 2,oe:player:5000a68e43f946c726a17e1008e230a,Feather,sup,,,,,,,,,,,,,,
lineup,oe:team:df80f468a3f9a722df056fe9104f052,ThunderTalk Gaming,TT,2025,Split 2,,,,lineup-2c79b8cdf1374a11,TT-01,1,49,oe:player:57ac9f77eae511aeee1e854434f73f2,oe:player:05326a1c42e9c27a1067768c88955e7,oe:player:4ff7b91bbc9492e9f96d28dda496653,oe:player:d2b317a92a71a850ae3da1e0d83e883,oe:player:5000a68e43f946c726a17e1008e230a,HOYA,Beichuan,SeTab,1xn,Feather
lineup,oe:team:df80f468a3f9a722df056fe9104f052,ThunderTalk Gaming,TT,2025,Split 2,,,,lineup-9d1eb250f31b9d32,TT-02,2,25,oe:player:57ac9f77eae511aeee1e854434f73f2,oe:player:3faae62fb907ad7cbcf2167beb8b2c7,oe:player:4ff7b91bbc9492e9f96d28dda496653,oe:player:d2b317a92a71a850ae3da1e0d83e883,oe:player:5000a68e43f946c726a17e1008e230a,HOYA,Aki,SeTab,1xn,Feather
lineup,oe:team:df80f468a3f9a722df056fe9104f052,ThunderTalk Gaming,TT,2025,Split 2,,,,lineup-293426f1b1dd0465,TT-03,3,24,oe:player:57ac9f77eae511aeee1e854434f73f2,oe:player:a57c46c636a00b1721780dd44f9c42f,oe:player:4ff7b91bbc9492e9f96d28dda496653,oe:player:d2b317a92a71a850ae3da1e0d83e883,oe:player:5000a68e43f946c726a17e1008e230a,HOYA,xiaohuangren,SeTab,1xn,Feather
player,oe:team:fcec508e780bbd1ad493852640f5b36,Top Esports,TES,2025,Split 2,oe:player:0c74b7f78409a4022a2c4c5a5ca3ee1,369,top,,,,,,,,,,,,,,
player,oe:team:fcec508e780bbd1ad493852640f5b36,Top Esports,TES,2025,Split 2,oe:player:41deab55354f57a94135989133f9968,Kanavi,jng,,,,,,,,,,,,,,
player,oe:team:fcec508e780bbd1ad493852640f5b36,Top Esports,TES,2025,Split 2,oe:player:6e7908512cb309a43388bb464a312a2,Creme,mid,,,,,,,,,,,,,,
player,oe:team:fcec508e780bbd1ad493852640f5b36,Top Esports,TES,2025,Split 2,oe:player:c54e1090ef1faa736b12493051c4855,JackeyLove,bot,,,,,,,,,,,,,,
player,oe:team:fcec508e780bbd1ad493852640f5b36,Top Esports,TES,2025,Split 2,oe:player:6059545b206c4b230b97fd3651b473a,Crisp,sup,,,,,,,,,,,,,,
player,oe:team:fcec508e780bbd1ad493852640f5b36,Top Esports,TES,2025,Split 2,oe:player:ab2455e33b8ddb6a9d2d41107a2ed4f,Hang,sup,,,,,,,,,,,,,,
lineup,oe:team:fcec508e780bbd1ad493852640f5b36,Top Esports,TES,2025,Split 2,,,,lineup-7f1d0dbd58fc8f40,TES-01,1,94,oe:player:0c74b7f78409a4022a2c4c5a5ca3ee1,oe:player:41deab55354f57a94135989133f9968,oe:player:6e7908512cb309a43388bb464a312a2,oe:player:c54e1090ef1faa736b12493051c4855,oe:player:6059545b206c4b230b97fd3651b473a,369,Kanavi,Creme,JackeyLove,Crisp
lineup,oe:team:fcec508e780bbd1ad493852640f5b36,Top Esports,TES,2025,Split 2,,,,lineup-48fd878b8c014e95,TES-02,2,58,oe:player:0c74b7f78409a4022a2c4c5a5ca3ee1,oe:player:41deab55354f57a94135989133f9968,oe:player:6e7908512cb309a43388bb464a312a2,oe:player:c54e1090ef1faa736b12493051c4855,oe:player:ab2455e33b8ddb6a9d2d41107a2ed4f,369,Kanavi,Creme,JackeyLove,Hang
player,oe:team:8d09428f093dfbf3c488bce350af0b1,Ultra Prime,UP,2025,Split 3,oe:player:2cec4b6803b4678250233ae79205f2e,1Jiang,top,,,,,,,,,,,,,,
player,oe:team:8d09428f093dfbf3c488bce350af0b1,Ultra Prime,UP,2025,Split 3,oe:player:211333df928f872c063bce4ef25ea63,Junhao,jng,,,,,,,,,,,,,,
player,oe:team:8d09428f093dfbf3c488bce350af0b1,Ultra Prime,UP,2025,Split 3,oe:player:da42b9f18367dc6c30476ec117c29de,Saber,mid,,,,,,,,,,,,,,
player,oe:team:8d09428f093dfbf3c488bce350af0b1,Ultra Prime,UP,2025,Split 3,oe:player:2c356e2803d68c33c11e65496fff9bd,Baiye,bot,,,,,,,,,,,,,,
player,oe:team:8d09428f093dfbf3c488bce350af0b1,Ultra Prime,UP,2025,Split 3,oe:player:64ff4f1dd75a5654ab87c0bbee89c1e,Wako,bot,,,,,,,,,,,,,,
player,oe:team:8d09428f093dfbf3c488bce350af0b1,Ultra Prime,UP,2025,Split 3,oe:player:b0bc58cfe06ee4ee966c77790520a9b,Rosielove,sup,,,,,,,,,,,,,,
player,oe:team:8d09428f093dfbf3c488bce350af0b1,Ultra Prime,UP,2025,Split 3,oe:player:403937c97942cb4634ef8907077ede5,Xiaoxia,sup,,,,,,,,,,,,,,
lineup,oe:team:8d09428f093dfbf3c488bce350af0b1,Ultra Prime,UP,2025,Split 3,,,,lineup-e59a0f660999d879,UP-01,1,31,oe:player:2cec4b6803b4678250233ae79205f2e,oe:player:211333df928f872c063bce4ef25ea63,oe:player:da42b9f18367dc6c30476ec117c29de,oe:player:2c356e2803d68c33c11e65496fff9bd,oe:player:403937c97942cb4634ef8907077ede5,1Jiang,Junhao,Saber,Baiye,Xiaoxia
lineup,oe:team:8d09428f093dfbf3c488bce350af0b1,Ultra Prime,UP,2025,Split 3,,,,lineup-be6e5a578388c4b1,UP-02,2,27,oe:player:2cec4b6803b4678250233ae79205f2e,oe:player:211333df928f872c063bce4ef25ea63,oe:player:da42b9f18367dc6c30476ec117c29de,oe:player:64ff4f1dd75a5654ab87c0bbee89c1e,oe:player:403937c97942cb4634ef8907077ede5,1Jiang,Junhao,Saber,Wako,Xiaoxia
lineup,oe:team:8d09428f093dfbf3c488bce350af0b1,Ultra Prime,UP,2025,Split 3,,,,lineup-4fa41db9a95ef59c,UP-03,3,12,oe:player:2cec4b6803b4678250233ae79205f2e,oe:player:211333df928f872c063bce4ef25ea63,oe:player:da42b9f18367dc6c30476ec117c29de,oe:player:64ff4f1dd75a5654ab87c0bbee89c1e,oe:player:b0bc58cfe06ee4ee966c77790520a9b,1Jiang,Junhao,Saber,Wako,Rosielove
player,oe:team:606c6ac695907af3823ee6405c58ff1,Weibo Gaming,WBG,2025,Split 2,oe:player:0d9b0a3b3a93a8f759c9d8ac8eef97c,Breathe,top,,,,,,,,,,,,,,
player,oe:team:606c6ac695907af3823ee6405c58ff1,Weibo Gaming,WBG,2025,Split 2,oe:player:0da0eeb199e8fa3ab773cf84f9de9ab,Tian,jng,,,,,,,,,,,,,,
player,oe:team:606c6ac695907af3823ee6405c58ff1,Weibo Gaming,WBG,2025,Split 2,oe:player:beea9fe15bff6a7ab0b3913d3d5fde6,Xiaohu,mid,,,,,,,,,,,,,,
player,oe:team:606c6ac695907af3823ee6405c58ff1,Weibo Gaming,WBG,2025,Split 2,oe:player:3c4d21c7addb20fea3fec30418ac3d3,Light,bot,,,,,,,,,,,,,,
player,oe:team:606c6ac695907af3823ee6405c58ff1,Weibo Gaming,WBG,2025,Split 2,oe:player:6059545b206c4b230b97fd3651b473a,Crisp,sup,,,,,,,,,,,,,,
player,oe:team:606c6ac695907af3823ee6405c58ff1,Weibo Gaming,WBG,2025,Split 2,oe:player:a7128975a782c11d8c34525be8e1b6c,Erha,sup,,,,,,,,,,,,,,
player,oe:team:606c6ac695907af3823ee6405c58ff1,Weibo Gaming,WBG,2025,Split 2,oe:player:ab2455e33b8ddb6a9d2d41107a2ed4f,Hang,sup,,,,,,,,,,,,,,
lineup,oe:team:606c6ac695907af3823ee6405c58ff1,Weibo Gaming,WBG,2025,Split 2,,,,lineup-66f832a5985dc122,WBG-01,1,52,oe:player:0d9b0a3b3a93a8f759c9d8ac8eef97c,oe:player:0da0eeb199e8fa3ab773cf84f9de9ab,oe:player:beea9fe15bff6a7ab0b3913d3d5fde6,oe:player:3c4d21c7addb20fea3fec30418ac3d3,oe:player:6059545b206c4b230b97fd3651b473a,Breathe,Tian,Xiaohu,Light,Crisp
lineup,oe:team:606c6ac695907af3823ee6405c58ff1,Weibo Gaming,WBG,2025,Split 2,,,,lineup-e840faf5889997bf,WBG-02,2,48,oe:player:0d9b0a3b3a93a8f759c9d8ac8eef97c,oe:player:0da0eeb199e8fa3ab773cf84f9de9ab,oe:player:beea9fe15bff6a7ab0b3913d3d5fde6,oe:player:3c4d21c7addb20fea3fec30418ac3d3,oe:player:a7128975a782c11d8c34525be8e1b6c,Breathe,Tian,Xiaohu,Light,Erha
lineup,oe:team:606c6ac695907af3823ee6405c58ff1,Weibo Gaming,WBG,2025,Split 2,,,,lineup-ab1939401cffddc5,WBG-03,3,35,oe:player:0d9b0a3b3a93a8f759c9d8ac8eef97c,oe:player:0da0eeb199e8fa3ab773cf84f9de9ab,oe:player:beea9fe15bff6a7ab0b3913d3d5fde6,oe:player:3c4d21c7addb20fea3fec30418ac3d3,oe:player:ab2455e33b8ddb6a9d2d41107a2ed4f,Breathe,Tian,Xiaohu,Light,Hang
