game_id,day,season,split,patch,team_id,team,lineup_id,result,lineup_impact,mean_dpm,mean_vision_per_minute,gold_concentration,damage_concentration,top_id,top_player,top_gold_share,top_damage_share,jng_id,jng_player,jng_gold_share,jng_damage_share,mid_id,mid_player,mid_gold_share,mid_damage_share,bot_id,bot_player,bot_gold_share,bot_damage_share,sup_id,sup_player,sup_gold_share,sup_damage_share
ESPORTSTMNT05_3249219,2023-11-07,2023,Unknown,13.21,oe:team:6d98739f80c37e5b5c2431950983a05,LODIS,lineup-c45d33871b231655,0,,413.79727951,1.57437473,0.20894711,0.28180036,oe:player:e8c8d8ba3cafbcbc8a8d0d0ba7a2853,Yeti,0.21999450,0.14825607,oe:player:318a60c20ad705c05ceb1e1b2067624,Sh4dowUS,0.18345346,0.12710754,oe:player:fd232826ff3976840e994bb85a3bd46,Domoles,0.22787381,0.43690432,oe:player:c98df548b46d873a7994bbe27b43e35,DAMKEXHINO4,0.24352553,0.21931108,oe:player:945f30b38a435b37c2e70d893cb6a72,YuNIshinoya,0.12515270,0.06842099
ESPORTSTMNT05_3249219,2023-11-07,2023,Unknown,13.21,oe:team:9e12a15ab90a0a26c7e4e5308d3924c,Forsaken,lineup-c8d3c0078870fa71,1,,448.63361123,1.59017113,0.21167515,0.26462580,oe:player:563de95758c49f2d41e16ee7e9aca8f,Zora,0.24049408,0.27513116,oe:player:6aec0ace4133efdcd6a8ac81eb48f47,Sawyor,0.16495112,0.06495076,oe:player:78254fba153820035874ec50c87c941,Ribu,0.24327530,0.31507107,oe:player:9bbe92a6cefce18d43887478b670435,Adison,0.22924648,0.28639837,oe:player:ccd47b3ec9b7a034b2b71e8516427e3,ZaFiR,0.12203302,0.05844865
ESPORTSTMNT05_3249249,2023-11-10,2023,Unknown,13.21,oe:team:63ae9b77e466107d6e94d22f956a48a,Anonymo Esports,lineup-7d151b0996945865,1,,675.25872690,1.47843943,0.20763375,0.22652726,oe:player:f3f1edfba7200c65b417d359a6f9c82,pr1me,0.21934035,0.27940922,oe:player:565edcb58e76115e571f38521946e41,Savero,0.22923345,0.20974849,oe:player:1428134d4ece3f00321b6b870ca2152,Roison,0.18045137,0.22198199,oe:player:694ee794a9d3a8c3fbd658becb89769,zamulek,0.23841060,0.22648859,oe:player:df5866d3078c786ce03084b78b1f5d9,Czypsy,0.13256423,0.06237171
ESPORTSTMNT05_3249249,2023-11-10,2023,Unknown,13.21,oe:team:6d98739f80c37e5b5c2431950983a05,LODIS,lineup-129c800f5e536ae8,0,,724.26283368,1.52156057,0.20828110,0.24177329,oe:player:e8c8d8ba3cafbcbc8a8d0d0ba7a2853,Yeti,0.22054311,0.29600585,oe:player:318a60c20ad705c05ceb1e1b2067624,Sh4dowUS,0.18640451,0.20375600,oe:player:fd232826ff3976840e994bb85a3bd46,Domoles,0.21648739,0.23109244,oe:player:c98df548b46d873a7994bbe27b43e35,DAMKEXHINO4,0.24798096,0.24184330,oe:player:e9bee56fd3bd016baf8da8219cdb0ea,GEPARDINHO5,0.12858402,0.02730242
ESPORTSTMNT05_3249252,2023-11-10,2023,Unknown,13.21,name-team-43fa7e3dfea783cf,Duma Easta,lineup-8c42a977e7c34582,1,,454.37538462,1.63938462,0.20704556,0.23563975,oe:player:02a46d823c99446a67df49a7eebe4b6,Haster,0.17954529,0.20674468,oe:player:8b35b40bc03585d8e435ef8029621c4,Kokos,0.18703853,0.16188851,oe:player:ea09d2e7087f7675916de02afc74e02,Blesia,0.21957014,0.31171786,oe:player:885383f16fccd10370814fcd862aa10,Antonio,0.26160538,0.25582643,oe:player:8df56cfdb368db210b702b71e109fb4,Traffy,0.15224066,0.06382253
ESPORTSTMNT05_3249252,2023-11-10,2023,Unknown,13.21,oe:team:125fc4d6b0dc1b21596f4f06a207d62,Zero Tenacity,lineup-b7dc9c839b5c7387,0,,382.61907692,1.32923077,0.20478310,0.23215600,oe:player:cb5feb1b7314637725a2e73bdc9f729,Color,0.24081115,0.30851331,oe:player:9312bfc44c1e0686971d076d1364713,Ryuzaki,0.19207080,0.12334742,oe:player:613a571a4b0b674547093130f2e4093,SlowQ,0.20494519,0.22685426,oe:player:501007c5ed71f0153348a2352ed154f,Mihai,0.21510684,0.24829676,oe:player:dbb4f0b38307e3b2a6c2e6568262dc7,HungryPanda,0.14706602,0.09298825
ESPORTSTMNT05_3249253,2023-11-10,2023,Unknown,13.21,name-team-43fa7e3dfea783cf,Duma Easta,lineup-8c42a977e7c34582,0,,536.80788177,1.32019704,0.20299749,0.26012621,oe:player:02a46d823c99446a67df49a7eebe4b6,Haster,0.18909720,0.15154963,oe:player:8b35b40bc03585d8e435ef8029621c4,Kokos,0.21121223,0.16842247,oe:player:ea09d2e7087f7675916de02afc74e02,Blesia,0.21741900,0.20484773,oe:player:885383f16fccd10370814fcd862aa10,Antonio,0.22499090,0.40180352,oe:player:8df56cfdb368db210b702b71e109fb4,Traffy,0.15728067,0.07337665
ESPORTSTMNT05_3249253,2023-11-10,2023,Unknown,13.21,oe:team:125fc4d6b0dc1b21596f4f06a207d62,Zero Tenacity,lineup-f302b61743174dc3,1,,578.75862069,1.43185550,0.20440443,0.22347118,oe:player:cb5feb1b7314637725a2e73bdc9f729,Color,0.20235364,0.23749376,oe:player:9312bfc44c1e0686971d076d1364713,Ryuzaki,0.21275493,0.18866040,oe:player:613a571a4b0b674547093130f2e4093,SlowQ,0.21965245,0.27775886,oe:player:7705566e63eedc7bd6c4c72d43c9104,Odi11,0.22290482,0.22047074,oe:player:dbb4f0b38307e3b2a6c2e6568262dc7,HungryPanda,0.14233416,0.07561623
ESPORTSTMNT05_3249267,2023-11-14,2023,Unknown,13.21,oe:team:6d98739f80c37e5b5c2431950983a05,LODIS,lineup-129c800f5e536ae8,1,,590.15017065,1.46075085,0.21086811,0.27614022,oe:player:e8c8d8ba3cafbcbc8a8d0d0ba7a2853,Yeti,0.18305397,0.14301907,oe:player:318a60c20ad705c05ceb1e1b2067624,Sh4dowUS,0.17635936,0.12254647,oe:player:fd232826ff3976840e994bb85a3bd46,Domoles,0.25533183,0.42492800,oe:player:c98df548b46d873a7994bbe27b43e35,DAMKEXHINO4,0.25115835,0.23287877,oe:player:e9bee56fd3bd016baf8da8219cdb0ea,GEPARDINHO5,0.13409648,0.07662769
ESPORTSTMNT05_3249267,2023-11-14,2023,Unknown,13.21,oe:team:9e12a15ab90a0a26c7e4e5308d3924c,Forsaken,lineup-c8d3c0078870fa71,0,,373.27645051,1.26962457,0.20558816,0.24905087,oe:player:563de95758c49f2d41e16ee7e9aca8f,Zora,0.22845346,0.29053671,oe:player:6aec0ace4133efdcd6a8ac81eb48f47,Sawyor,0.20339501,0.14821249,oe:player:78254fba153820035874ec50c87c941,Ribu,0.20566710,0.20768035,oe:player:9bbe92a6cefce18d43887478b670435,Adison,0.22613768,0.31286459,oe:player:ccd47b3ec9b7a034b2b71e8516427e3,ZaFiR,0.13634675,0.04070586
ESPORTSTMNT05_3249273,2023-11-14,2023,Unknown,13.21,name-team-43fa7e3dfea783cf,Duma Easta,lineup-8c42a977e7c34582,0,,479.76144578,0.74457831,0.20776681,0.22349249,oe:player:02a46d823c99446a67df49a7eebe4b6,Haster,0.26485020,0.30450374,oe:player:8b35b40bc03585d8e435ef8029621c4,Kokos,0.21762355,0.24004400,oe:player:ea09d2e7087f7675916de02afc74e02,Blesia,0.19809934,0.11547908,oe:player:885383f16fccd10370814fcd862aa10,Antonio,0.16043810,0.20178703,oe:player:8df56cfdb368db210b702b71e109fb4,Traffy,0.15898880,0.13818615
ESPORTSTMNT05_3249273,2023-11-14,2023,Unknown,13.21,oe:team:ccf3ac6ecc7f9a46f87a052deebe32e,AliorBank Team,lineup-5718b32f76d04b09,1,,670.84337349,1.24337349,0.21314860,0.26280924,oe:player:89bee56a2a53bdf22737c6d43eedb9c,Matixx,0.19373728,0.19105603,oe:player:6b7ca7e0fcad1f113f17bc2d30adbf5,adi1,0.17575003,0.12054957,oe:player:9970a9b7dfef2df3002d7217596010e,many,0.25935959,0.35626078,oe:player:1ecc2cf8dc5f05719ca235f6d0be5e2,svns,0.25108109,0.28792026,oe:player:1f892f04e94e144dadcc8be197d4f5b,minemaciek,0.12007202,0.04421336
ESPORTSTMNT05_3249275,2023-11-15,2023,Unknown,13.21,oe:team:63ae9b77e466107d6e94d22f956a48a,Anonymo Esports,lineup-7d151b0996945865,1,,541.30386740,1.34806630,0.21309423,0.25305652,oe:player:f3f1edfba7200c65b417d359a6f9c82,pr1me,0.25492118,0.30964726,oe:player:565edcb58e76115e571f38521946e41,Savero,0.17156654,0.11213971,oe:player:1428134d4ece3f00321b6b870ca2152,Roison,0.20864934,0.31033110,oe:player:694ee794a9d3a8c3fbd658becb89769,zamulek,0.24791933,0.21272557,oe:player:df5866d3078c786ce03084b78b1f5d9,Czypsy,0.11694362,0.05515636
ESPORTSTMNT05_3249275,2023-11-15,2023,Unknown,13.21,oe:team:ccf3ac6ecc7f9a46f87a052deebe32e,AliorBank Team,lineup-5718b32f76d04b09,0,,662.32596685,1.48618785,0.20597196,0.25067554,oe:player:89bee56a2a53bdf22737c6d43eedb9c,Matixx,0.19642125,0.17212069,oe:player:6b7ca7e0fcad1f113f17bc2d30adbf5,adi1,0.23102395,0.21160985,oe:player:9970a9b7dfef2df3002d7217596010e,many,0.20477572,0.17803488,oe:player:1ecc2cf8dc5f05719ca235f6d0be5e2,svns,0.23108471,0.37492180,oe:player:1f892f04e94e144dadcc8be197d4f5b,minemaciek,0.13669436,0.06331279
ESPORTSTMNT05_3249276,2023-11-15,2023,Unknown,13.21,oe:team:63ae9b77e466107d6e94d22f956a48a,Anonymo Esports,lineup-7d151b0996945865,0,,458.15879397,1.21809045,0.20967846,0.24915495,oe:player:f3f1edfba7200c65b417d359a6f9c82,pr1me,0.19169919,0.20115033,oe:player:565edcb58e76115e571f38521946e41,Savero,0.17614469,0.11416463,oe:player:1428134d4ece3f00321b6b870ca2152,Roison,0.23049976,0.26097028,oe:player:694ee794a9d3a8c3fbd658becb89769,zamulek,0.26450262,0.34931164,oe:player:df5866d3078c786ce03084b78b1f5d9,Czypsy,0.13715374,0.07440312
ESPORTSTMNT05_3249276,2023-11-15,2023,Unknown,13.21,oe:team:ccf3ac6ecc7f9a46f87a052deebe32e,AliorBank Team,lineup-5718b32f76d04b09,1,,653.11959799,1.66432161,0.20707418,0.25124624,oe:player:89bee56a2a53bdf22737c6d43eedb9c,Matixx,0.22107122,0.24989613,oe:player:6b7ca7e0fcad1f113f17bc2d30adbf5,adi1,0.23332987,0.19249555,oe:player:9970a9b7dfef2df3002d7217596010e,many,0.23683234,0.35353479,oe:player:1ecc2cf8dc5f05719ca235f6d0be5e2,svns,0.15370802,0.15650592,oe:player:1f892f04e94e144dadcc8be197d4f5b,minemaciek,0.15505855,0.04756761
ESPORTSTMNT05_3249277,2023-11-15,2023,Unknown,13.21,oe:team:63ae9b77e466107d6e94d22f956a48a,Anonymo Esports,lineup-7d151b0996945865,1,,534.86928105,1.46405229,0.20648680,0.22796434,oe:player:f3f1edfba7200c65b417d359a6f9c82,pr1me,0.21688226,0.23654915,oe:player:565edcb58e76115e571f38521946e41,Savero,0.19708312,0.11135822,oe:player:1428134d4ece3f00321b6b870ca2152,Roison,0.22697529,0.27447913,oe:player:694ee794a9d3a8c3fbd658becb89769,zamulek,0.22763134,0.26934686,oe:player:df5866d3078c786ce03084b78b1f5d9,Czypsy,0.13142799,0.10826663
ESPORTSTMNT05_3249277,2023-11-15,2023,Unknown,13.21,oe:team:ccf3ac6ecc7f9a46f87a052deebe32e,AliorBank Team,lineup-5718b32f76d04b09,0,,479.67320261,1.30065359,0.20327578,0.22259324,oe:player:89bee56a2a53bdf22737c6d43eedb9c,Matixx,0.20819033,0.19220602,oe:player:6b7ca7e0fcad1f113f17bc2d30adbf5,adi1,0.19665415,0.13578144,oe:player:9970a9b7dfef2df3002d7217596010e,many,0.20889113,0.16053958,oe:player:1ecc2cf8dc5f05719ca235f6d0be5e2,svns,0.23201739,0.32866876,oe:player:1f892f04e94e144dadcc8be197d4f5b,minemaciek,0.15424700,0.18280420
ESPORTSTMNT05_3249282,2023-11-17,2023,Unknown,13.21,oe:team:125fc4d6b0dc1b21596f4f06a207d62,Zero Tenacity,lineup-b7dc9c839b5c7387,0,,307.65405405,1.18198198,0.21237568,0.22806387,oe:player:cb5feb1b7314637725a2e73bdc9f729,Color,0.18281746,0.31452199,oe:player:9312bfc44c1e0686971d076d1364713,Ryuzaki,0.18430863,0.15119357,oe:player:613a571a4b0b674547093130f2e4093,SlowQ,0.28176725,0.20617518,oe:player:501007c5ed71f0153348a2352ed154f,Mihai,0.22001150,0.23456790,oe:player:dbb4f0b38307e3b2a6c2e6568262dc7,HungryPanda,0.13109516,0.09354136
ESPORTSTMNT05_3249282,2023-11-17,2023,Unknown,13.21,oe:team:63ae9b77e466107d6e94d22f956a48a,Anonymo Esports,lineup-7d151b0996945865,1,,507.09909910,1.40540541,0.21253243,0.22701081,oe:player:f3f1edfba7200c65b417d359a6f9c82,pr1me,0.18877378,0.18699545,oe:player:565edcb58e76115e571f38521946e41,Savero,0.19460697,0.13523309,oe:player:1428134d4ece3f00321b6b870ca2152,Roison,0.20271262,0.20233087,oe:player:694ee794a9d3a8c3fbd658becb89769,zamulek,0.28528996,0.33720864,oe:player:df5866d3078c786ce03084b78b1f5d9,Czypsy,0.12861667,0.13823195
ESPORTSTMNT05_3250227,2023-11-07,2023,Unknown,13.21,oe:team:6d98739f80c37e5b5c2431950983a05,LODIS,lineup-c45d33871b231655,1,,696.84970306,1.68296026,0.20899066,0.23956870,oe:player:e8c8d8ba3cafbcbc8a8d0d0ba7a2853,Yeti,0.22724807,0.28838786,oe:player:318a60c20ad705c05ceb1e1b2067624,Sh4dowUS,0.18335774,0.14005994,oe:player:fd232826ff3976840e994bb85a3bd46,Domoles,0.23250895,0.26105871,oe:player:c98df548b46d873a7994bbe27b43e35,DAMKEXHINO4,0.23314622,0.25631505,oe:player:945f30b38a435b37c2e70d893cb6a72,YuNIshinoya,0.12373902,0.05417843
ESPORTSTMNT05_3250227,2023-11-07,2023,Unknown,13.21,oe:team:9e12a15ab90a0a26c7e4e5308d3924c,Forsaken,lineup-c8d3c0078870fa71,0,,598.48698036,1.32663317,0.21021847,0.23940062,oe:player:563de95758c49f2d41e16ee7e9aca8f,Zora,0.19726403,0.22073937,oe:player:6aec0ace4133efdcd6a8ac81eb48f47,Sawyor,0.18101425,0.24325389,oe:player:78254fba153820035874ec50c87c941,Ribu,0.26044344,0.31765805,oe:player:9bbe92a6cefce18d43887478b670435,Adison,0.23282839,0.16730174,oe:player:ccd47b3ec9b7a034b2b71e8516427e3,ZaFiR,0.12844989,0.05104695
ESPORTSTMNT05_3250240,2023-11-08,2023,Unknown,13.21,oe:team:125fc4d6b0dc1b21596f4f06a207d62,Zero Tenacity,lineup-b7dc9c839b5c7387,1,,433.52512998,1.74003466,0.20961545,0.24536556,oe:player:cb5feb1b7314637725a2e73bdc9f729,Color,0.18276927,0.26675835,oe:player:9312bfc44c1e0686971d076d1364713,Ryuzaki,0.22151110,0.14169438,oe:player:613a571a4b0b674547093130f2e4093,SlowQ,0.24593381,0.32901049,oe:player:501007c5ed71f0153348a2352ed154f,Mihai,0.22726264,0.20682487,oe:player:dbb4f0b38307e3b2a6c2e6568262dc7,HungryPanda,0.12252317,0.05571191
ESPORTSTMNT05_3250240,2023-11-08,2023,Unknown,13.21,oe:team:6cedba5819b5b7c465cb3bb48bfe855,Illuminar Gaming,lineup-4e3395a3a8a86774,0,,266.32235702,1.41421144,0.20700045,0.27397964,oe:player:b5654a6598ed174f4451f5e5dcfb118,Kozi,0.20764892,0.26415389,oe:player:243afb63fb97e1791ffee0cec41ecdf,Krysia,0.18215253,0.07119244,oe:player:193f83b4d6615f92af0776035551008,Mrozku,0.24600632,0.33107739,oe:player:2f4dff060d224582dc34b449697b12c,Lothen,0.22606047,0.29695187,oe:player:6c11403241de4ed54ad453a5d0dd8ef,Syrpy,0.13813177,0.03662441
ESPORTSTMNT05_3250249,2023-11-09,2023,Unknown,13.21,oe:team:544b70d08c7df83ccb74d08a677b902,Back2TheGame,lineup-403d8d3f3778fd2b,0,,518.76761794,1.19510775,0.20770822,0.23390946,oe:player:ae380722f9cab8ed1969201b1fcda6d,Mietek,0.17642009,0.18136258,oe:player:a18df5898bbd2428ef3afb457f47da2,ShazQ,0.25031447,0.29362631,oe:player:1791c6298f798379cfb331fc03b7a34,Syzyf,0.22194270,0.14326323,oe:player:3ec4168709e1af5cdf9f8fd66dec6f2,Salami,0.21409604,0.29434033,oe:player:34d6eca11d668197b2ee589a331bad4,Acorderr,0.13722671,0.08740755
ESPORTSTMNT05_3250249,2023-11-09,2023,Unknown,13.21,oe:team:9e12a15ab90a0a26c7e4e5308d3924c,Forsaken,lineup-c8d3c0078870fa71,1,,548.53348864,1.46767618,0.20791264,0.22117867,oe:player:563de95758c49f2d41e16ee7e9aca8f,Zora,0.24732112,0.22031955,oe:player:6aec0ace4133efdcd6a8ac81eb48f47,Sawyor,0.22339189,0.21856127,oe:player:78254fba153820035874ec50c87c941,Ribu,0.19674449,0.24436205,oe:player:9bbe92a6cefce18d43887478b670435,Adison,0.20395626,0.24494814,oe:player:ccd47b3ec9b7a034b2b71e8516427e3,ZaFiR,0.12858624,0.07180899
ESPORTSTMNT05_3250250,2023-11-09,2023,Unknown,13.21,oe:team:6cedba5819b5b7c465cb3bb48bfe855,Illuminar Gaming,lineup-4e3395a3a8a86774,0,,588.74879227,1.36714976,0.20631395,0.24001860,oe:player:b5654a6598ed174f4451f5e5dcfb118,Kozi,0.21361425,0.30075243,oe:player:243afb63fb97e1791ffee0cec41ecdf,Krysia,0.18294416,0.12250658,oe:player:193f83b4d6615f92af0776035551008,Mrozku,0.20297946,0.18230752,oe:player:2f4dff060d224582dc34b449697b12c,Lothen,0.25421588,0.30569208,oe:player:6c11403241de4ed54ad453a5d0dd8ef,Syrpy,0.14624625,0.08874137
ESPORTSTMNT05_3250250,2023-11-09,2023,Unknown,13.21,oe:team:ccf3ac6ecc7f9a46f87a052deebe32e,AliorBank Team,lineup-5718b32f76d04b09,1,,639.72463768,1.61352657,0.20747945,0.23548535,oe:player:89bee56a2a53bdf22737c6d43eedb9c,Matixx,0.22197556,0.19313865,oe:player:6b7ca7e0fcad1f113f17bc2d30adbf5,adi1,0.19276628,0.15054787,oe:player:9970a9b7dfef2df3002d7217596010e,many,0.21237216,0.27697605,oe:player:1ecc2cf8dc5f05719ca235f6d0be5e2,svns,0.24311549,0.30554360,oe:player:1f892f04e94e144dadcc8be197d4f5b,minemaciek,0.12977052,0.07379383
ESPORTSTMNT05_3250251,2023-11-09,2023,Unknown,13.21,oe:team:6cedba5819b5b7c465cb3bb48bfe855,Illuminar Gaming,lineup-4e3395a3a8a86774,0,,475.97695853,1.47235023,0.20828055,0.22726165,oe:player:b5654a6598ed174f4451f5e5dcfb118,Kozi,0.22670031,0.31081356,oe:player:243afb63fb97e1791ffee0cec41ecdf,Krysia,0.18977572,0.20614889,oe:player:193f83b4d6615f92af0776035551008,Mrozku,0.21010883,0.20662813,oe:player:2f4dff060d224582dc34b449697b12c,Lothen,0.24590024,0.19846641,oe:player:6c11403241de4ed54ad453a5d0dd8ef,Syrpy,0.12751491,0.07794301
ESPORTSTMNT05_3250251,2023-11-09,2023,Unknown,13.21,oe:team:ccf3ac6ecc7f9a46f87a052deebe32e,AliorBank Team,lineup-5718b32f76d04b09,1,,458.32258065,1.40322581,0.20632573,0.23328560,oe:player:89bee56a2a53bdf22737c6d43eedb9c,Matixx,0.19880157,0.20042531,oe:player:6b7ca7e0fcad1f113f17bc2d30adbf5,adi1,0.20513036,0.18107505,oe:player:9970a9b7dfef2df3002d7217596010e,many,0.24091498,0.29215432,oe:player:1ecc2cf8dc5f05719ca235f6d0be5e2,svns,0.22011075,0.26738960,oe:player:1f892f04e94e144dadcc8be197d4f5b,minemaciek,0.13504233,0.05895572
ESPORTSTMNT05_3250253,2023-11-10,2023,Unknown,13.21,oe:team:63ae9b77e466107d6e94d22f956a48a,Anonymo Esports,lineup-7d151b0996945865,1,,610.07308970,1.79401993,0.20873390,0.23229707,oe:player:f3f1edfba7200c65b417d359a6f9c82,pr1me,0.18091329,0.20226322,oe:player:565edcb58e76115e571f38521946e41,Savero,0.22818253,0.17939139,oe:player:1428134d4ece3f00321b6b870ca2152,Roison,0.24265807,0.32628300,oe:player:694ee794a9d3a8c3fbd658becb89769,zamulek,0.22111452,0.21707546,oe:player:df5866d3078c786ce03084b78b1f5d9,Czypsy,0.12713159,0.07498693
ESPORTSTMNT05_3250253,2023-11-10,2023,Unknown,13.21,oe:team:6d98739f80c37e5b5c2431950983a05,LODIS,lineup-129c800f5e536ae8,0,,450.95016611,1.22923588,0.20639634,0.25036689,oe:player:e8c8d8ba3cafbcbc8a8d0d0ba7a2853,Yeti,0.21711746,0.33045029,oe:player:318a60c20ad705c05ceb1e1b2067624,Sh4dowUS,0.20140293,0.16680910,oe:player:fd232826ff3976840e994bb85a3bd46,Domoles,0.21623273,0.29536748,oe:player:c98df548b46d873a7994bbe27b43e35,DAMKEXHINO4,0.23377991,0.15164732,oe:player:e9bee56fd3bd016baf8da8219cdb0ea,GEPARDINHO5,0.13146697,0.05572582
ESPORTSTMNT05_3250256,2023-11-10,2023,Unknown,13.21,name-team-43fa7e3dfea783cf,Duma Easta,lineup-8c42a977e7c34582,0,,416.10881393,1.14907508,0.21301016,0.25038260,oe:player:02a46d823c99446a67df49a7eebe4b6,Haster,0.14847040,0.12919321,oe:player:8b35b40bc03585d8e435ef8029621c4,Kokos,0.20975881,0.20653027,oe:player:ea09d2e7087f7675916de02afc74e02,Blesia,0.21572756,0.30647692,oe:player:885383f16fccd10370814fcd862aa10,Antonio,0.28256708,0.30754385,oe:player:8df56cfdb368db210b702b71e109fb4,Traffy,0.14347614,0.05025575
ESPORTSTMNT05_3250256,2023-11-10,2023,Unknown,13.21,oe:team:125fc4d6b0dc1b21596f4f06a207d62,Zero Tenacity,lineup-f302b61743174dc3,1,,457.82807399,1.35146899,0.21653773,0.24520334,oe:player:cb5feb1b7314637725a2e73bdc9f729,Color,0.16439536,0.27144772,oe:player:9312bfc44c1e0686971d076d1364713,Ryuzaki,0.17721345,0.10837944,oe:player:613a571a4b0b674547093130f2e4093,SlowQ,0.28110194,0.28151560,oe:player:7705566e63eedc7bd6c4c72d43c9104,Odi11,0.25155488,0.27698078,oe:player:dbb4f0b38307e3b2a6c2e6568262dc7,HungryPanda,0.12573437,0.06167646
ESPORTSTMNT05_3250281,2023-11-14,2023,Unknown,13.21,oe:team:6d98739f80c37e5b5c2431950983a05,LODIS,lineup-129c800f5e536ae8,0,,469.02768835,1.12813909,0.20797449,0.28754581,oe:player:e8c8d8ba3cafbcbc8a8d0d0ba7a2853,Yeti,0.18112084,0.21998353,oe:player:318a60c20ad705c05ceb1e1b2067624,Sh4dowUS,0.20413313,0.11219110,oe:player:fd232826ff3976840e994bb85a3bd46,Domoles,0.25507810,0.44326194,oe:player:c98df548b46d873a7994bbe27b43e35,DAMKEXHINO4,0.22315864,0.16163097,oe:player:e9bee56fd3bd016baf8da8219cdb0ea,GEPARDINHO5,0.13650930,0.06293245
ESPORTSTMNT05_3250281,2023-11-14,2023,Unknown,13.21,oe:team:9e12a15ab90a0a26c7e4e5308d3924c,Forsaken,lineup-c8d3c0078870fa71,1,,587.06503542,1.26722473,0.21290116,0.24649358,oe:player:563de95758c49f2d41e16ee7e9aca8f,Zora,0.25042147,0.27840371,oe:player:6aec0ace4133efdcd6a8ac81eb48f47,Sawyor,0.16719935,0.10929767,oe:player:78254fba153820035874ec50c87c941,Ribu,0.20960944,0.29068390,oe:player:9bbe92a6cefce18d43887478b670435,Adison,0.25279222,0.26284616,oe:player:ccd47b3ec9b7a034b2b71e8516427e3,ZaFiR,0.11997752,0.05876856
ESPORTSTMNT05_3250288,2023-11-15,2023,Unknown,13.21,oe:team:63ae9b77e466107d6e94d22f956a48a,Anonymo Esports,lineup-7d151b0996945865,1,,450.33065442,1.73593571,0.20559586,0.23506655,oe:player:f3f1edfba7200c65b417d359a6f9c82,pr1me,0.23195977,0.22061096,oe:player:565edcb58e76115e571f38521946e41,Savero,0.18428131,0.08188396,oe:player:1428134d4ece3f00321b6b870ca2152,Roison,0.22860707,0.33896257,oe:player:694ee794a9d3a8c3fbd658becb89769,zamulek,0.21295466,0.19540177,oe:player:df5866d3078c786ce03084b78b1f5d9,Czypsy,0.14219719,0.16314075
ESPORTSTMNT05_3250288,2023-11-15,2023,Unknown,13.21,oe:team:ccf3ac6ecc7f9a46f87a052deebe32e,AliorBank Team,lineup-5718b32f76d04b09,0,,414.42709529,1.50172216,0.20858020,0.22868730,oe:player:89bee56a2a53bdf22737c6d43eedb9c,Matixx,0.18688688,0.14559266,oe:player:6b7ca7e0fcad1f113f17bc2d30adbf5,adi1,0.18156958,0.15079537,oe:player:9970a9b7dfef2df3002d7217596010e,many,0.22920826,0.25990259,oe:player:1ecc2cf8dc5f05719ca235f6d0be5e2,svns,0.26122059,0.31871146,oe:player:1f892f04e94e144dadcc8be197d4f5b,minemaciek,0.14111468,0.12499792
ESPORTSTMNT05_3250293,2023-11-16,2023,Unknown,13.21,oe:team:125fc4d6b0dc1b21596f4f06a207d62,Zero Tenacity,lineup-f302b61743174dc3,1,,517.65467626,1.58992806,0.20737044,0.23059772,oe:player:cb5feb1b7314637725a2e73bdc9f729,Color,0.20753623,0.30980904,oe:player:9312bfc44c1e0686971d076d1364713,Ryuzaki,0.22369565,0.21309448,oe:player:613a571a4b0b674547093130f2e4093,SlowQ,0.19137681,0.17458376,oe:player:7705566e63eedc7bd6c4c72d43c9104,Odi11,0.24536232,0.23178698,oe:player:dbb4f0b38307e3b2a6c2e6568262dc7,HungryPanda,0.13202899,0.07072574
ESPORTSTMNT05_3250293,2023-11-16,2023,Unknown,13.21,oe:team:9e12a15ab90a0a26c7e4e5308d3924c,Forsaken,lineup-c8d3c0078870fa71,0,,358.61151079,1.17266187,0.21047954,0.28341275,oe:player:563de95758c49f2d41e16ee7e9aca8f,Zora,0.19861881,0.18994122,oe:player:6aec0ace4133efdcd6a8ac81eb48f47,Sawyor,0.18116781,0.26162056,oe:player:78254fba153820035874ec50c87c941,Ribu,0.26805062,0.41007483,oe:player:9bbe92a6cefce18d43887478b670435,Adison,0.22270697,0.09322527,oe:player:ccd47b3ec9b7a034b2b71e8516427e3,ZaFiR,0.12945579,0.04513812
ESPORTSTMNT05_3250298,2023-11-17,2023,Unknown,13.21,oe:team:125fc4d6b0dc1b21596f4f06a207d62,Zero Tenacity,lineup-f302b61743174dc3,1,,504.83233206,1.57946477,0.20657809,0.22825955,oe:player:cb5feb1b7314637725a2e73bdc9f729,Color,0.20416824,0.18189253,oe:player:9312bfc44c1e0686971d076d1364713,Ryuzaki,0.21292440,0.17077984,oe:player:613a571a4b0b674547093130f2e4093,SlowQ,0.20558816,0.28671020,oe:player:7705566e63eedc7bd6c4c72d43c9104,Odi11,0.24391014,0.27722027,oe:player:dbb4f0b38307e3b2a6c2e6568262dc7,HungryPanda,0.13340906,0.08339716
ESPORTSTMNT05_3250298,2023-11-17,2023,Unknown,13.21,oe:team:63ae9b77e466107d6e94d22f956a48a,Anonymo Esports,lineup-7d151b0996945865,0,,385.02239214,1.33042054,0.20975423,0.23006596,oe:player:f3f1edfba7200c65b417d359a6f9c82,pr1me,0.19329609,0.23289303,oe:player:565edcb58e76115e571f38521946e41,Savero,0.18512202,0.13549397,oe:player:1428134d4ece3f00321b6b870ca2152,Roison,0.22761933,0.26363451,oe:player:694ee794a9d3a8c3fbd658becb89769,zamulek,0.26296187,0.28463948,oe:player:df5866d3078c786ce03084b78b1f5d9,Czypsy,0.13100069,0.08333901
ESPORTSTMNT05_3252044,2023-11-07,2023,Unknown,13.21,oe:team:6d98739f80c37e5b5c2431950983a05,LODIS,lineup-c45d33871b231655,1,,502.01607348,1.59127440,0.20548981,0.22314401,oe:player:e8c8d8ba3cafbcbc8a8d0d0ba7a2853,Yeti,0.19912599,0.18337999,oe:player:318a60c20ad705c05ceb1e1b2067624,Sh4dowUS,0.20332052,0.18998024,oe:player:fd232826ff3976840e994bb85a3bd46,Domoles,0.22671511,0.28404413,oe:player:c98df548b46d873a7994bbe27b43e35,DAMKEXHINO4,0.23199775,0.25513201,oe:player:945f30b38a435b37c2e70d893cb6a72,YuNIshinoya,0.13884063,0.08746364
ESPORTSTMNT05_3252044,2023-11-07,2023,Unknown,13.21,oe:team:9e12a15ab90a0a26c7e4e5308d3924c,Forsaken,lineup-c8d3c0078870fa71,0,,278.16991963,1.20551091,0.20741083,0.24647268,oe:player:563de95758c49f2d41e16ee7e9aca8f,Zora,0.20191461,0.25576385,oe:player:6aec0ace4133efdcd6a8ac81eb48f47,Sawyor,0.18069982,0.08035958,oe:player:78254fba153820035874ec50c87c941,Ribu,0.23140405,0.27428741,oe:player:9bbe92a6cefce18d43887478b670435,Adison,0.24753521,0.30313761,oe:player:ccd47b3ec9b7a034b2b71e8516427e3,ZaFiR,0.13844630,0.08645155
ESPORTSTMNT05_3252051,2023-11-07,2023,Unknown,13.21,oe:team:544b70d08c7df83ccb74d08a677b902,Back2TheGame,lineup-403d8d3f3778fd2b,0,,354.76800000,1.11200000,0.20742328,0.21241599,oe:player:ae380722f9cab8ed1969201b1fcda6d,Mietek,0.17071380,0.19435800,oe:player:a18df5898bbd2428ef3afb457f47da2,ShazQ,0.18393133,0.12264917,oe:player:1791c6298f798379cfb331fc03b7a34,Syzyf,0.23902970,0.20450548,oe:player:3ec4168709e1af5cdf9f8fd66dec6f2,Salami,0.25196870,0.27986741,oe:player:34d6eca11d668197b2ee589a331bad4,Acorderr,0.15435647,0.19861994
ESPORTSTMNT05_3252051,2023-11-07,2023,Unknown,13.21,oe:team:63ae9b77e466107d6e94d22f956a48a,Anonymo Esports,lineup-7d151b0996945865,1,,493.96000000,1.15200000,0.20881349,0.25466942,oe:player:f3f1edfba7200c65b417d359a6f9c82,pr1me,0.21455889,0.16781926,oe:player:565edcb58e76115e571f38521946e41,Savero,0.19131640,0.11314276,oe:player:1428134d4ece3f00321b6b870ca2152,Roison,0.24077598,0.35228763,oe:player:694ee794a9d3a8c3fbd658becb89769,zamulek,0.23041109,0.28907604,oe:player:df5866d3078c786ce03084b78b1f5d9,Czypsy,0.12293764,0.07767431
ESPORTSTMNT05_3252052,2023-11-07,2023,Unknown,13.21,oe:team:544b70d08c7df83ccb74d08a677b902,Back2TheGame,lineup-403d8d3f3778fd2b,0,,468.56804734,1.07297830,0.21033548,0.25132001,oe:player:ae380722f9cab8ed1969201b1fcda6d,Mietek,0.25458021,0.37482110,oe:player:a18df5898bbd2428ef3afb457f47da2,ShazQ,0.16120076,0.11119530,oe:player:1791c6298f798379cfb331fc03b7a34,Syzyf,0.22317304,0.20075432,oe:player:3ec4168709e1af5cdf9f8fd66dec6f2,Salami,0.22824825,0.22409119,oe:player:34d6eca11d668197b2ee589a331bad4,Acorderr,0.13279774,0.08913808
ESPORTSTMNT05_3252052,2023-11-07,2023,Unknown,13.21,oe:team:63ae9b77e466107d6e94d22f956a48a,Anonymo Esports,lineup-7d151b0996945865,1,,620.98619329,1.40433925,0.20695059,0.23565206,oe:player:f3f1edfba7200c65b417d359a6f9c82,pr1me,0.22586735,0.26955914,oe:player:565edcb58e76115e571f38521946e41,Savero,0.18913564,0.14905349,oe:player:1428134d4ece3f00321b6b870ca2152,Roison,0.19164050,0.19855165,oe:player:694ee794a9d3a8c3fbd658becb89769,zamulek,0.25177583,0.30988439,oe:player:df5866d3078c786ce03084b78b1f5d9,Czypsy,0.14158068,0.07295134
ESPORTSTMNT05_3252061,2023-11-08,2023,Unknown,13.21,name-team-43fa7e3dfea783cf,Duma Easta,lineup-8c42a977e7c34582,1,,632.93092105,1.61348684,0.20577724,0.25960763,oe:player:02a46d823c99446a67df49a7eebe4b6,Haster,0.18077761,0.08237055,oe:player:8b35b40bc03585d8e435ef8029621c4,Kokos,0.23713776,0.20101501,oe:player:ea09d2e7087f7675916de02afc74e02,Blesia,0.22008053,0.32602086,oe:player:885383f16fccd10370814fcd862aa10,Antonio,0.21910357,0.31745326,oe:player:8df56cfdb368db210b702b71e109fb4,Traffy,0.14290052,0.07314031
ESPORTSTMNT05_3252061,2023-11-08,2023,Unknown,13.21,oe:team:ccf3ac6ecc7f9a46f87a052deebe32e,AliorBank Team,lineup-5718b32f76d04b09,0,,450.61677632,1.65789474,0.20939109,0.24094931,oe:player:89bee56a2a53bdf22737c6d43eedb9c,Matixx,0.23374341,0.21068711,oe:player:6b7ca7e0fcad1f113f17bc2d30adbf5,adi1,0.19924724,0.19995620,oe:player:9970a9b7dfef2df3002d7217596010e,many,0.20784796,0.33127840,oe:player:1ecc2cf8dc5f05719ca235f6d0be5e2,svns,0.24022894,0.21128935,oe:player:1f892f04e94e144dadcc8be197d4f5b,minemaciek,0.11893245,0.04678894
ESPORTSTMNT05_3252063,2023-11-08,2023,Unknown,13.21,name-team-43fa7e3dfea783cf,Duma Easta,lineup-8c42a977e7c34582,1,,609.14509804,0.86274510,0.20324346,0.23000444,oe:player:02a46d823c99446a67df49a7eebe4b6,Haster,0.18053515,0.13703551,oe:player:8b35b40bc03585d8e435ef8029621c4,Kokos,0.20661797,0.16927613,oe:player:ea09d2e7087f7675916de02afc74e02,Blesia,0.24715153,0.32172379,oe:player:885383f16fccd10370814fcd862aa10,Antonio,0.18071380,0.25628975,oe:player:8df56cfdb368db210b702b71e109fb4,Traffy,0.18498154,0.11567481
ESPORTSTMNT05_3252063,2023-11-08,2023,Unknown,13.21,oe:team:ccf3ac6ecc7f9a46f87a052deebe32e,AliorBank Team,lineup-5718b32f76d04b09,0,,433.17647059,1.33333333,0.20634990,0.21746406,oe:player:89bee56a2a53bdf22737c6d43eedb9c,Matixx,0.20775201,0.24580844,oe:player:6b7ca7e0fcad1f113f17bc2d30adbf5,adi1,0.22355685,0.23257288,oe:player:9970a9b7dfef2df3002d7217596010e,many,0.22224887,0.25368459,oe:player:1ecc2cf8dc5f05719ca235f6d0be5e2,svns,0.21684252,0.17072243,oe:player:1f892f04e94e144dadcc8be197d4f5b,minemaciek,0.12959976,0.09721166
ESPORTSTMNT05_3252065,2023-11-08,2023,Unknown,13.21,oe:team:125fc4d6b0dc1b21596f4f06a207d62,Zero Tenacity,lineup-f302b61743174dc3,1,,655.77101968,1.45974955,0.21204030,0.25679666,oe:player:cb5feb1b7314637725a2e73bdc9f729,Color,0.18981889,0.26904107,oe:player:9312bfc44c1e0686971d076d1364713,Ryuzaki,0.17529752,0.09710401,oe:player:613a571a4b0b674547093130f2e4093,SlowQ,0.23476513,0.22635415,oe:player:7705566e63eedc7bd6c4c72d43c9104,Odi11,0.27118522,0.34643839,oe:player:dbb4f0b38307e3b2a6c2e6568262dc7,HungryPanda,0.12893324,0.06106237
ESPORTSTMNT05_3252065,2023-11-08,2023,Unknown,13.21,oe:team:6cedba5819b5b7c465cb3bb48bfe855,Illuminar Gaming,lineup-4e3395a3a8a86774,0,,466.31842576,1.09481216,0.20524246,0.23974133,oe:player:b5654a6598ed174f4451f5e5dcfb118,Kozi,0.20879171,0.35620243,oe:player:243afb63fb97e1791ffee0cec41ecdf,Krysia,0.20671475,0.21950958,oe:player:193f83b4d6615f92af0776035551008,Mrozku,0.21630073,0.19653818,oe:player:2f4dff060d224582dc34b449697b12c,Lothen,0.23072534,0.12143997,oe:player:6c11403241de4ed54ad453a5d0dd8ef,Syrpy,0.13746748,0.10630985
ESPORTSTMNT05_3252069,2023-11-09,2023,Unknown,13.21,oe:team:544b70d08c7df83ccb74d08a677b902,Back2TheGame,lineup-403d8d3f3778fd2b,0,,387.73722628,1.26277372,0.20675207,0.28789265,oe:player:ae380722f9cab8ed1969201b1fcda6d,Mietek,0.23156632,0.19659262,oe:player:a18df5898bbd2428ef3afb457f47da2,ShazQ,0.17241698,0.07720256,oe:player:1791c6298f798379cfb331fc03b7a34,Syzyf,0.22842768,0.21417545,oe:player:3ec4168709e1af5cdf9f8fd66dec6f2,Salami,0.22658143,0.43812123,oe:player:34d6eca11d668197b2ee589a331bad4,Acorderr,0.14100759,0.07390813
ESPORTSTMNT05_3252069,2023-11-09,2023,Unknown,13.21,oe:team:9e12a15ab90a0a26c7e4e5308d3924c,Forsaken,lineup-c8d3c0078870fa71,1,,487.62043796,1.26277372,0.20938525,0.25552797,oe:player:563de95758c49f2d41e16ee7e9aca8f,Zora,0.21353607,0.27815700,oe:player:6aec0ace4133efdcd6a8ac81eb48f47,Sawyor,0.16906902,0.09776361,oe:player:78254fba153820035874ec50c87c941,Ribu,0.22955175,0.22854919,oe:player:9bbe92a6cefce18d43887478b670435,Adison,0.25432894,0.33586312,oe:player:ccd47b3ec9b7a034b2b71e8516427e3,ZaFiR,0.13351422,0.05966709
ESPORTSTMNT05_3252099,2023-11-14,2023,Unknown,13.21,oe:team:6d98739f80c37e5b5c2431950983a05,LODIS,lineup-129c800f5e536ae8,0,,304.05988024,1.15688623,0.20509764,0.23722719,oe:player:e8c8d8ba3cafbcbc8a8d0d0ba7a2853,Yeti,0.19401676,0.18537162,oe:player:318a60c20ad705c05ceb1e1b2067624,Sh4dowUS,0.19967221,0.16715113,oe:player:fd232826ff3976840e994bb85a3bd46,Domoles,0.22760324,0.30204419,oe:player:c98df548b46d873a7994bbe27b43e35,DAMKEXHINO4,0.23448212,0.28233487,oe:player:e9bee56fd3bd016baf8da8219cdb0ea,GEPARDINHO5,0.14422566,0.06309819
ESPORTSTMNT05_3252099,2023-11-14,2023,Unknown,13.21,oe:team:9e12a15ab90a0a26c7e4e5308d3924c,Forsaken,lineup-c8d3c0078870fa71,1,,504.70419162,1.62395210,0.21013097,0.25715964,oe:player:563de95758c49f2d41e16ee7e9aca8f,Zora,0.26622243,0.29274752,oe:player:6aec0ace4133efdcd6a8ac81eb48f47,Sawyor,0.18315793,0.10388963,oe:player:78254fba153820035874ec50c87c941,Ribu,0.22483121,0.34326148,oe:player:9bbe92a6cefce18d43887478b670435,Adison,0.19523331,0.19717247,oe:player:ccd47b3ec9b7a034b2b71e8516427e3,ZaFiR,0.13055511,0.06292890
ESPORTSTMNT05_3252101,2023-11-14,2023,Unknown,13.21,name-team-43fa7e3dfea783cf,Duma Easta,lineup-8c42a977e7c34582,0,,399.22152261,1.04407556,0.21007020,0.22268389,oe:player:02a46d823c99446a67df49a7eebe4b6,Haster,0.19958955,0.25072264,oe:player:8b35b40bc03585d8e435ef8029621c4,Kokos,0.19935920,0.20655540,oe:player:ea09d2e7087f7675916de02afc74e02,Blesia,0.18888866,0.17875086,oe:player:885383f16fccd10370814fcd862aa10,Antonio,0.27633866,0.27937027,oe:player:8df56cfdb368db210b702b71e109fb4,Traffy,0.13582393,0.08460083
ESPORTSTMNT05_3252101,2023-11-14,2023,Unknown,13.21,oe:team:ccf3ac6ecc7f9a46f87a052deebe32e,AliorBank Team,lineup-5718b32f76d04b09,1,,724.71894677,1.51116199,0.20963069,0.24261378,oe:player:89bee56a2a53bdf22737c6d43eedb9c,Matixx,0.22880530,0.22876207,oe:player:6b7ca7e0fcad1f113f17bc2d30adbf5,adi1,0.17099304,0.12166017,oe:player:9970a9b7dfef2df3002d7217596010e,many,0.21310047,0.32368468,oe:player:1ecc2cf8dc5f05719ca235f6d0be5e2,svns,0.25561803,0.25676969,oe:player:1f892f04e94e144dadcc8be197d4f5b,minemaciek,0.13148316,0.06912338
ESPORTSTMNT05_3252105,2023-11-16,2023,Unknown,13.21,oe:team:125fc4d6b0dc1b21596f4f06a207d62,Zero Tenacity,lineup-f302b61743174dc3,1,,465.66843501,1.30503979,0.20960449,0.23014268,oe:player:cb5feb1b7314637725a2e73bdc9f729,Color,0.17695345,0.18019788,oe:player:9312bfc44c1e0686971d076d1364713,Ryuzaki,0.19727559,0.14398742,oe:player:613a571a4b0b674547093130f2e4093,SlowQ,0.21624440,0.30229498,oe:player:7705566e63eedc7bd6c4c72d43c9104,Odi11,0.27093224,0.27563697,oe:player:dbb4f0b38307e3b2a6c2e6568262dc7,HungryPanda,0.13859431,0.09788274
ESPORTSTMNT05_3252105,2023-11-16,2023,Unknown,13.21,oe:team:9e12a15ab90a0a26c7e4e5308d3924c,Forsaken,lineup-c8d3c0078870fa71,0,,319.45623342,1.27320955,0.20645810,0.25713263,oe:player:563de95758c49f2d41e16ee7e9aca8f,Zora,0.23397097,0.34196039,oe:player:6aec0ace4133efdcd6a8ac81eb48f47,Sawyor,0.19114505,0.14340516,oe:player:78254fba153820035874ec50c87c941,Ribu,0.22306805,0.16617262,oe:player:9bbe92a6cefce18d43887478b670435,Adison,0.21793581,0.29933989,oe:player:ccd47b3ec9b7a034b2b71e8516427e3,ZaFiR,0.13388012,0.04912193
ESPORTSTMNT05_3252110,2023-11-16,2023,Unknown,13.21,oe:team:125fc4d6b0dc1b21596f4f06a207d62,Zero Tenacity,lineup-b7dc9c839b5c7387,1,,522.80597015,1.52927669,0.20836779,0.22209835,oe:player:cb5feb1b7314637725a2e73bdc9f729,Color,0.18947720,0.19013361,oe:player:9312bfc44c1e0686971d076d1364713,Ryuzaki,0.24965270,0.30196063,oe:player:613a571a4b0b674547093130f2e4093,SlowQ,0.20240210,0.19734103,oe:player:501007c5ed71f0153348a2352ed154f,Mihai,0.22884977,0.21692097,oe:player:dbb4f0b38307e3b2a6c2e6568262dc7,HungryPanda,0.12961823,0.09364377
ESPORTSTMNT05_3252110,2023-11-16,2023,Unknown,13.21,oe:team:9e12a15ab90a0a26c7e4e5308d3924c,Forsaken,lineup-c8d3c0078870fa71,0,,487.80482204,1.26061998,0.20721189,0.26212388,oe:player:563de95758c49f2d41e16ee7e9aca8f,Zora,0.20285605,0.27120726,oe:player:6aec0ace4133efdcd6a8ac81eb48f47,Sawyor,0.21528852,0.11167441,oe:player:78254fba153820035874ec50c87c941,Ribu,0.22946836,0.17347097,oe:player:9bbe92a6cefce18d43887478b670435,Adison,0.22603386,0.37608914,oe:player:ccd47b3ec9b7a034b2b71e8516427e3,ZaFiR,0.12635321,0.06755822
ESPORTSTMNT05_3252111,2023-11-17,2023,Unknown,13.21,oe:team:125fc4d6b0dc1b21596f4f06a207d62,Zero Tenacity,lineup-f302b61743174dc3,1,,462.51057550,1.61141171,0.21095678,0.27673050,oe:player:cb5feb1b7314637725a2e73bdc9f729,Color,0.19788688,0.20432125,oe:player:9312bfc44c1e0686971d076d1364713,Ryuzaki,0.18763351,0.09622625,oe:player:613a571a4b0b674547093130f2e4093,SlowQ,0.20973414,0.24045076,oe:player:7705566e63eedc7bd6c4c72d43c9104,Odi11,0.27549377,0.40637084,oe:player:dbb4f0b38307e3b2a6c2e6568262dc7,HungryPanda,0.12925170,0.05263091
ESPORTSTMNT05_3252111,2023-11-17,2023,Unknown,13.21,oe:team:63ae9b77e466107d6e94d22f956a48a,Anonymo Esports,lineup-7d151b0996945865,0,,393.39104771,1.69404820,0.20864811,0.26087597,oe:player:f3f1edfba7200c65b417d359a6f9c82,pr1me,0.20847694,0.29368164,oe:player:565edcb58e76115e571f38521946e41,Savero,0.17846667,0.09737873,oe:player:1428134d4ece3f00321b6b870ca2152,Roison,0.23630564,0.35207886,oe:player:694ee794a9d3a8c3fbd658becb89769,zamulek,0.24549021,0.19244677,oe:player:df5866d3078c786ce03084b78b1f5d9,Czypsy,0.13126054,0.06441400
ESPORTSTMNT05_3252112,2023-11-17,2023,Unknown,13.21,oe:team:125fc4d6b0dc1b21596f4f06a207d62,Zero Tenacity,lineup-f302b61743174dc3,1,,528.85054945,1.37142857,0.21049744,0.21727356,oe:player:cb5feb1b7314637725a2e73bdc9f729,Color,0.19508551,0.18571482,oe:player:9312bfc44c1e0686971d076d1364713,Ryuzaki,0.20884941,0.19068932,oe:player:613a571a4b0b674547093130f2e4093,SlowQ,0.19445459,0.26665337,oe:player:7705566e63eedc7bd6c4c72d43c9104,Odi11,0.27278765,0.25467217,oe:player:dbb4f0b38307e3b2a6c2e6568262dc7,HungryPanda,0.12882285,0.10227032
ESPORTSTMNT05_3252112,2023-11-17,2023,Unknown,13.21,oe:team:63ae9b77e466107d6e94d22f956a48a,Anonymo Esports,lineup-7d151b0996945865,0,,510.50769231,1.21318681,0.21094869,0.22733591,oe:player:f3f1edfba7200c65b417d359a6f9c82,pr1me,0.24893751,0.22284216,oe:player:565edcb58e76115e571f38521946e41,Savero,0.17121832,0.18249448,oe:player:1428134d4ece3f00321b6b870ca2152,Roison,0.18971352,0.29113875,oe:player:694ee794a9d3a8c3fbd658becb89769,zamulek,0.25659137,0.23406564,oe:player:df5866d3078c786ce03084b78b1f5d9,Czypsy,0.13353927,0.06945897
