player_id,player,team_id,team,role,day,n_games,actual_dpm,expected_dpm,adjusted_impact
oe:player:013f680f2d7950a0a8c2bf24078815a,Jellou,oe:team:5e86e312935ad545ee215e67adcee9c,GLORE,jng,2025-07-22,2,437.75681686,419.97334694,0.09817948
oe:player:013f680f2d7950a0a8c2bf24078815a,Jellou,oe:team:5e86e312935ad545ee215e67adcee9c,GLORE,sup,2025-07-27,3,238.91684534,179.69515233,0.77344863
oe:player:013f680f2d7950a0a8c2bf24078815a,Jellou,oe:team:5e86e312935ad545ee215e67adcee9c,GLORE,sup,2025-08-01,2,420.93898410,218.14403855,2.64854759
oe:player:013f680f2d7950a0a8c2bf24078815a,Jellou,oe:team:5e86e312935ad545ee215e67adcee9c,GLORE,sup,2025-08-05,2,221.06246302,197.18315295,0.31186916
oe:player:013f680f2d7950a0a8c2bf24078815a,Jellou,oe:team:5e86e312935ad545ee215e67adcee9c,GLORE,sup,2025-08-11,3,298.71435234,220.41082781,0.95451796
oe:player:04a5411dd8c9a2cbfacf479dfd20fa2,Tada,oe:team:ddb6aa775eebeffd5cc41ba5c35c6a1,BRUTE,top,2025-07-20,4,567.63651693,577.80998327,-0.05107053
oe:player:04a5411dd8c9a2cbfacf479dfd20fa2,Tada,oe:team:ddb6aa775eebeffd5cc41ba5c35c6a1,BRUTE,top,2025-07-22,2,307.96115895,595.48669441,-1.44337047
oe:player:04a5411dd8c9a2cbfacf479dfd20fa2,Tada,oe:team:ddb6aa775eebeffd5cc41ba5c35c6a1,BRUTE,top,2025-07-26,2,427.14068210,615.29629012,-0.94453610
oe:player:04a5411dd8c9a2cbfacf479dfd20fa2,Tada,oe:team:ddb6aa775eebeffd5cc41ba5c35c6a1,BRUTE,top,2025-07-29,2,391.94338536,584.47062451,-0.96648157
oe:player:04a5411dd8c9a2cbfacf479dfd20fa2,Tada,oe:team:ddb6aa775eebeffd5cc41ba5c35c6a1,BRUTE,top,2025-08-11,2,536.68767705,632.51048319,-0.46556233
oe:player:054278a12ab2dc32b90504436297f38,UniqueCORN,oe:team:6e322bda09963acbe90845ce95e76f4,Team UNiTY,mid,2025-04-24,3,554.91070364,672.50286420,-0.54648066
oe:player:054278a12ab2dc32b90504436297f38,UniqueCORN,oe:team:6e322bda09963acbe90845ce95e76f4,Team UNiTY,mid,2025-04-29,2,859.36052618,605.29193775,1.18072131
oe:player:054278a12ab2dc32b90504436297f38,UniqueCORN,oe:team:6e322bda09963acbe90845ce95e76f4,Team UNiTY,mid,2025-05-06,3,806.28635138,671.54397244,0.62618208
oe:player:054278a12ab2dc32b90504436297f38,UniqueCORN,oe:team:6e322bda09963acbe90845ce95e76f4,Team UNiTY,mid,2025-05-09,2,976.50720957,630.36977968,1.60858861
oe:player:054278a12ab2dc32b90504436297f38,UniqueCORN,oe:team:6e322bda09963acbe90845ce95e76f4,Team UNiTY,mid,2025-05-14,3,534.58199463,676.91938940,-0.68792554
oe:player:054278a12ab2dc32b90504436297f38,UniqueCORN,oe:team:6e322bda09963acbe90845ce95e76f4,Team UNiTY,mid,2025-05-15,5,717.03634492,711.30246633,0.02771219
oe:player:07b4119a38f1ee37083a2f941345906,Marbirius,oe:team:6e322bda09963acbe90845ce95e76f4,Team UNiTY,mid,2025-07-19,2,646.25353120,668.80844076,-0.10900929
oe:player:07b4119a38f1ee37083a2f941345906,Marbirius,oe:team:6e322bda09963acbe90845ce95e76f4,Team UNiTY,mid,2025-07-20,2,718.56384679,658.94773919,0.28357417
oe:player:07b4119a38f1ee37083a2f941345906,Marbirius,oe:team:6e322bda09963acbe90845ce95e76f4,Team UNiTY,mid,2025-07-25,3,632.41629469,658.03719315,-0.12187017
oe:player:07b4119a38f1ee37083a2f941345906,Marbirius,oe:team:6e322bda09963acbe90845ce95e76f4,Team UNiTY,mid,2025-07-27,2,496.24941398,661.93599898,-0.78811647
oe:player:07b4119a38f1ee37083a2f941345906,Marbirius,oe:team:6e322bda09963acbe90845ce95e76f4,Team UNiTY,mid,2025-07-29,2,728.45178740,723.47100695,0.02369193
oe:player:07b4119a38f1ee37083a2f941345906,Marbirius,oe:team:6e322bda09963acbe90845ce95e76f4,Team UNiTY,mid,2025-08-05,2,798.52207242,655.08724374,0.68227220
oe:player:07b4119a38f1ee37083a2f941345906,Marbirius,oe:team:6e322bda09963acbe90845ce95e76f4,Team UNiTY,mid,2025-08-11,3,938.90054563,735.93649204,0.91841057
oe:player:07b4119a38f1ee37083a2f941345906,Marbirius,oe:team:6e322bda09963acbe90845ce95e76f4,Team UNiTY,mid,2025-08-23,3,754.91122548,692.43939575,0.28268448
oe:player:0d096a22f71f5490c8347723966d7cb,KOUBEE,oe:team:dba2e551039e079ceae513ba7386109,EXILE esports,mid,2025-07-19,3,495.04916144,666.42599687,-0.82827498
oe:player:0d096a22f71f5490c8347723966d7cb,KOUBEE,oe:team:dba2e551039e079ceae513ba7386109,EXILE esports,mid,2025-07-20,2,872.37316570,723.27314625,0.70921964
oe:player:0d096a22f71f5490c8347723966d7cb,KOUBEE,oe:team:dba2e551039e079ceae513ba7386109,EXILE esports,mid,2025-07-25,2,547.81182481,661.45827356,-0.54057869
oe:player:0d096a22f71f5490c8347723966d7cb,KOUBEE,oe:team:dba2e551039e079ceae513ba7386109,EXILE esports,mid,2025-07-26,2,753.68234722,743.64540396,0.04774243
oe:player:0d096a22f71f5490c8347723966d7cb,KOUBEE,oe:team:dba2e551039e079ceae513ba7386109,EXILE esports,mid,2025-07-29,2,363.99340024,621.37379047,-1.22427367
oe:player:0d096a22f71f5490c8347723966d7cb,KOUBEE,oe:team:dba2e551039e079ceae513ba7386109,EXILE esports,mid,2025-08-05,2,666.85213761,584.92494919,0.38970063
oe:player:0d096a22f71f5490c8347723966d7cb,KOUBEE,oe:team:dba2e551039e079ceae513ba7386109,EXILE esports,mid,2025-08-12,2,543.97449508,630.61310371,-0.39203895
oe:player:0d096a22f71f5490c8347723966d7cb,KOUBEE,oe:team:dba2e551039e079ceae513ba7386109,EXILE esports,mid,2025-08-23,3,569.92231919,656.08259015,-0.38987447
oe:player:0d096a22f71f5490c8347723966d7cb,KOUBEE,oe:team:e3f89acb10ecd65327fa954ff2ec047,Dynamo Eclot,mid,2025-04-18,3,536.84923655,633.90399956,-0.45103815
oe:player:0d096a22f71f5490c8347723966d7cb,KOUBEE,oe:team:e3f89acb10ecd65327fa954ff2ec047,Dynamo Eclot,mid,2025-04-24,2,795.86493476,590.50534485,0.95435821
oe:player:0d096a22f71f5490c8347723966d7cb,KOUBEE,oe:team:e3f89acb10ecd65327fa954ff2ec047,Dynamo Eclot,mid,2025-04-25,3,666.61371249,621.00498832,0.21195533
oe:player:0d096a22f71f5490c8347723966d7cb,KOUBEE,oe:team:e3f89acb10ecd65327fa954ff2ec047,Dynamo Eclot,mid,2025-05-02,2,749.33030981,573.88451114,0.81534122
oe:player:0d096a22f71f5490c8347723966d7cb,KOUBEE,oe:team:e3f89acb10ecd65327fa954ff2ec047,Dynamo Eclot,mid,2025-05-08,3,776.88746407,636.86729283,0.65070932
oe:player:0d096a22f71f5490c8347723966d7cb,KOUBEE,oe:team:e3f89acb10ecd65327fa954ff2ec047,Dynamo Eclot,mid,2025-05-16,5,529.42210846,663.48240519,-0.64792181
oe:player:104bc94e9848863de7e626cb443e9f7,Max1,oe:team:3faefd9245a4ef6ba347fbcf2a51515,eSuba,sup,2025-07-19,2,211.15400327,290.56498217,-1.07491474
oe:player:104bc94e9848863de7e626cb443e9f7,Max1,oe:team:3faefd9245a4ef6ba347fbcf2a51515,eSuba,sup,2025-07-20,2,277.02741956,235.49090868,0.54247617
oe:player:104bc94e9848863de7e626cb443e9f7,Max1,oe:team:3faefd9245a4ef6ba347fbcf2a51515,eSuba,sup,2025-07-22,2,449.22682915,295.07438435,2.01326560
oe:player:104bc94e9848863de7e626cb443e9f7,Max1,oe:team:3faefd9245a4ef6ba347fbcf2a51515,eSuba,sup,2025-07-26,3,216.06569303,290.97354102,-0.97831334
oe:player:104bc94e9848863de7e626cb443e9f7,Max1,oe:team:3faefd9245a4ef6ba347fbcf2a51515,eSuba,sup,2025-07-29,2,313.58492418,297.33455997,0.21223341
oe:player:104bc94e9848863de7e626cb443e9f7,Max1,oe:team:3faefd9245a4ef6ba347fbcf2a51515,eSuba,sup,2025-08-08,2,174.53049434,224.37894890,-0.65103203
oe:player:104bc94e9848863de7e626cb443e9f7,Max1,oe:team:3faefd9245a4ef6ba347fbcf2a51515,eSuba,sup,2025-08-12,2,216.15146922,244.84215006,-0.34973866
oe:player:104bc94e9848863de7e626cb443e9f7,Max1,oe:team:3faefd9245a4ef6ba347fbcf2a51515,eSuba,sup,2025-08-16,5,289.94831328,267.85389503,0.26933039
oe:player:104bc94e9848863de7e626cb443e9f7,Max1,oe:team:3faefd9245a4ef6ba347fbcf2a51515,eSuba,sup,2025-08-23,3,232.52637302,270.36529948,-0.46125554
oe:player:104bc94e9848863de7e626cb443e9f7,Max1,oe:team:3faefd9245a4ef6ba347fbcf2a51515,eSuba,sup,2025-08-24,3,192.53065746,266.85885220,-0.90605879
oe:player:104bc94e9848863de7e626cb443e9f7,Max1,oe:team:3faefd9245a4ef6ba347fbcf2a51515,eSuba,sup,2025-08-29,3,165.25712141,230.41339120,-0.79425326
oe:player:104bc94e9848863de7e626cb443e9f7,Max1,oe:team:3faefd9245a4ef6ba347fbcf2a51515,eSuba,sup,2025-08-30,3,242.44714233,241.49296945,0.01163134
oe:player:1428134d4ece3f00321b6b870ca2152,Roison,oe:team:3faefd9245a4ef6ba347fbcf2a51515,eSuba,mid,2025-07-19,2,1082.14890781,737.73500898,1.66457394
oe:player:1428134d4ece3f00321b6b870ca2152,Roison,oe:team:3faefd9245a4ef6ba347fbcf2a51515,eSuba,mid,2025-07-20,2,738.93738209,679.67432143,0.28189484
oe:player:1428134d4ece3f00321b6b870ca2152,Roison,oe:team:3faefd9245a4ef6ba347fbcf2a51515,eSuba,mid,2025-07-22,2,878.23072718,771.53348435,0.50752361
oe:player:1428134d4ece3f00321b6b870ca2152,Roison,oe:team:3faefd9245a4ef6ba347fbcf2a51515,eSuba,mid,2025-07-26,3,712.44159966,736.45077822,-0.11420375
oe:player:1428134d4ece3f00321b6b870ca2152,Roison,oe:team:3faefd9245a4ef6ba347fbcf2a51515,eSuba,mid,2025-07-29,2,831.25567252,754.66142177,0.36433360
oe:player:1428134d4ece3f00321b6b870ca2152,Roison,oe:team:3faefd9245a4ef6ba347fbcf2a51515,eSuba,mid,2025-08-08,2,977.14111104,686.99438018,1.38013235
oe:player:1428134d4ece3f00321b6b870ca2152,Roison,oe:team:3faefd9245a4ef6ba347fbcf2a51515,eSuba,mid,2025-08-12,2,539.76608149,703.10315388,-0.73909882
oe:player:1428134d4ece3f00321b6b870ca2152,Roison,oe:team:3faefd9245a4ef6ba347fbcf2a51515,eSuba,mid,2025-08-16,5,704.36032614,661.25446375,0.19505365
oe:player:1428134d4ece3f00321b6b870ca2152,Roison,oe:team:3faefd9245a4ef6ba347fbcf2a51515,eSuba,mid,2025-08-23,3,796.49068961,754.41452763,0.19039427
oe:player:1428134d4ece3f00321b6b870ca2152,Roison,oe:team:3faefd9245a4ef6ba347fbcf2a51515,eSuba,mid,2025-08-24,3,844.39851069,753.82943096,0.40982429
oe:player:1428134d4ece3f00321b6b870ca2152,Roison,oe:team:3faefd9245a4ef6ba347fbcf2a51515,eSuba,mid,2025-08-29,3,666.27769966,693.53595112,-0.12334335
oe:player:1428134d4ece3f00321b6b870ca2152,Roison,oe:team:3faefd9245a4ef6ba347fbcf2a51515,eSuba,mid,2025-08-30,3,1066.72143956,704.78087326,1.63777790
oe:player:2def07523d188aecc96b859475b0346,smifi,oe:team:5e86e312935ad545ee215e67adcee9c,GLORE,sup,2025-07-19,2,196.63506192,197.03241432,-0.00537860
oe:player:2def07523d188aecc96b859475b0346,smifi,oe:team:5e86e312935ad545ee215e67adcee9c,GLORE,sup,2025-07-20,2,161.55231687,186.14433523,-0.32117729
oe:player:2def07523d188aecc96b859475b0346,smifi,oe:team:5e86e312935ad545ee215e67adcee9c,GLORE,sup,2025-07-22,2,229.23436091,165.85074515,0.82780428
oe:player:38d5e33541772c0f8c8499f455a5bb4,Speedy,oe:team:ddb6aa775eebeffd5cc41ba5c35c6a1,BRUTE,sup,2025-07-20,4,238.20438163,195.59969049,0.55642685
oe:player:38d5e33541772c0f8c8499f455a5bb4,Speedy,oe:team:ddb6aa775eebeffd5cc41ba5c35c6a1,BRUTE,sup,2025-07-22,2,150.51158203,200.36078373,-0.65104178
oe:player:38d5e33541772c0f8c8499f455a5bb4,Speedy,oe:team:ddb6aa775eebeffd5cc41ba5c35c6a1,BRUTE,sup,2025-07-26,2,161.06426629,244.40420841,-1.08843839
oe:player:3a9f2bb3d2438a1c49039f276537820,Zoiren,oe:team:5e86e312935ad545ee215e67adcee9c,GLORE,mid,2025-07-19,2,725.21026832,637.46488890,0.42407891
oe:player:3b0f577c21959b7efc0086ab81b76d7,Yen,oe:team:06554c70cfe8a6be14b004b3c18abe6,Entropiq,bot,2025-07-20,5,752.84648811,745.06196550,0.03421923
oe:player:3b0f577c21959b7efc0086ab81b76d7,Yen,oe:team:06554c70cfe8a6be14b004b3c18abe6,Entropiq,bot,2025-07-25,3,611.45071921,677.32799239,-0.28958354
oe:player:3b0f577c21959b7efc0086ab81b76d7,Yen,oe:team:06554c70cfe8a6be14b004b3c18abe6,Entropiq,bot,2025-07-27,3,745.48863960,693.59196439,0.22812758
oe:player:3b0f577c21959b7efc0086ab81b76d7,Yen,oe:team:06554c70cfe8a6be14b004b3c18abe6,Entropiq,bot,2025-08-01,2,577.09399667,653.44559353,-0.33562660
oe:player:3b0f577c21959b7efc0086ab81b76d7,Yen,oe:team:06554c70cfe8a6be14b004b3c18abe6,Entropiq,bot,2025-08-08,2,523.90005235,665.54356182,-0.62263701
oe:player:3b0f577c21959b7efc0086ab81b76d7,Yen,oe:team:06554c70cfe8a6be14b004b3c18abe6,Entropiq,bot,2025-08-12,2,764.04166555,710.32089215,0.23631242
oe:player:3b0f577c21959b7efc0086ab81b76d7,Yen,oe:team:06554c70cfe8a6be14b004b3c18abe6,Entropiq,bot,2025-08-16,5,835.15545660,690.13998592,0.63790885
oe:player:3b0f577c21959b7efc0086ab81b76d7,Yen,oe:team:06554c70cfe8a6be14b004b3c18abe6,Entropiq,bot,2025-08-19,3,680.32028439,645.88987604,0.15145599
oe:player:3b0f577c21959b7efc0086ab81b76d7,Yen,oe:team:06554c70cfe8a6be14b004b3c18abe6,Entropiq,bot,2025-08-30,3,655.27157385,683.63366884,-0.12476208
oe:player:3b32fe34a610a6a7e433b0741923b96,Peto,oe:team:785213aebf3ebc4bf4e9aeef665d698,Nightbirds,sup,2025-04-24,2,186.45609690,312.59427827,-1.87844041
oe:player:3b32fe34a610a6a7e433b0741923b96,Peto,oe:team:785213aebf3ebc4bf4e9aeef665d698,Nightbirds,sup,2025-04-29,2,184.18989516,346.57157037,-2.41817582
oe:player:3b32fe34a610a6a7e433b0741923b96,Peto,oe:team:785213aebf3ebc4bf4e9aeef665d698,Nightbirds,sup,2025-05-06,2,258.26893584,319.64131796,-0.91395295
oe:player:3b32fe34a610a6a7e433b0741923b96,Peto,oe:team:785213aebf3ebc4bf4e9aeef665d698,Nightbirds,sup,2025-05-09,2,259.53127436,312.21631551,-0.78458171
oe:player:3b32fe34a610a6a7e433b0741923b96,Peto,oe:team:785213aebf3ebc4bf4e9aeef665d698,Nightbirds,sup,2025-05-14,3,259.89661957,289.51091246,-0.40086195
oe:player:3b32fe34a610a6a7e433b0741923b96,Peto,oe:team:785213aebf3ebc4bf4e9aeef665d698,Nightbirds,sup,2025-05-20,4,196.94396313,296.48802088,-1.34743805
oe:player:3b32fe34a610a6a7e433b0741923b96,Peto,oe:team:785213aebf3ebc4bf4e9aeef665d698,Nightbirds,sup,2025-05-30,4,192.20756408,313.74463561,-1.64513762
oe:player:3b32fe34a610a6a7e433b0741923b96,Peto,oe:team:785213aebf3ebc4bf4e9aeef665d698,Nightbirds,sup,2025-07-19,3,179.84590745,304.30254600,-1.68465717
oe:player:3b32fe34a610a6a7e433b0741923b96,Peto,oe:team:785213aebf3ebc4bf4e9aeef665d698,Nightbirds,sup,2025-07-20,2,320.07078674,368.30639632,-0.62996791
oe:player:3b32fe34a610a6a7e433b0741923b96,Peto,oe:team:785213aebf3ebc4bf4e9aeef665d698,Nightbirds,sup,2025-07-22,2,246.19452336,391.62290089,-1.89932732
oe:player:3b32fe34a610a6a7e433b0741923b96,Peto,oe:team:785213aebf3ebc4bf4e9aeef665d698,Nightbirds,sup,2025-07-27,2,161.18456882,305.99829046,-1.89129977
oe:player:3b32fe34a610a6a7e433b0741923b96,Peto,oe:team:785213aebf3ebc4bf4e9aeef665d698,Nightbirds,sup,2025-08-01,2,219.82600626,291.66686280,-0.93825774
oe:player:3b32fe34a610a6a7e433b0741923b96,Peto,oe:team:785213aebf3ebc4bf4e9aeef665d698,Nightbirds,sup,2025-08-08,3,162.90771752,338.15987841,-2.28883263
oe:player:3b32fe34a610a6a7e433b0741923b96,Peto,oe:team:785213aebf3ebc4bf4e9aeef665d698,Nightbirds,sup,2025-08-12,2,172.63457532,303.92670055,-1.60044764
oe:player:3b32fe34a610a6a7e433b0741923b96,Peto,oe:team:785213aebf3ebc4bf4e9aeef665d698,Nightbirds,sup,2025-08-17,4,230.26192095,328.16645884,-1.19345381
oe:player:3b32fe34a610a6a7e433b0741923b96,Peto,oe:team:785213aebf3ebc4bf4e9aeef665d698,Nightbirds,sup,2025-08-19,3,139.37030124,245.43598650,-1.29293799
oe:player:3b32fe34a610a6a7e433b0741923b96,Peto,oe:team:785213aebf3ebc4bf4e9aeef665d698,Nightbirds,sup,2025-08-29,3,134.31452269,276.59507872,-1.73439633
oe:player:3ecce3085c6886d516d2b8659880394,Robertoos,oe:team:dba2e551039e079ceae513ba7386109,EXILE esports,sup,2025-07-19,3,222.04076128,204.17566965,0.24182362
oe:player:3ecce3085c6886d516d2b8659880394,Robertoos,oe:team:dba2e551039e079ceae513ba7386109,EXILE esports,sup,2025-07-20,2,204.65394962,249.97762725,-0.59193742
oe:player:3ecce3085c6886d516d2b8659880394,Robertoos,oe:team:dba2e551039e079ceae513ba7386109,EXILE esports,sup,2025-07-25,2,184.72118871,255.13182725,-0.91957877
oe:player:3ecce3085c6886d516d2b8659880394,Robertoos,oe:team:dba2e551039e079ceae513ba7386109,EXILE esports,sup,2025-07-26,2,163.94732957,245.92305807,-1.07062145
oe:player:3ecce3085c6886d516d2b8659880394,Robertoos,oe:team:dba2e551039e079ceae513ba7386109,EXILE esports,sup,2025-07-29,2,183.50946329,234.04596685,-0.66001810
oe:player:3ecce3085c6886d516d2b8659880394,Robertoos,oe:team:dba2e551039e079ceae513ba7386109,EXILE esports,sup,2025-08-05,2,239.32617270,178.61942765,0.79284374
oe:player:3ecce3085c6886d516d2b8659880394,Robertoos,oe:team:dba2e551039e079ceae513ba7386109,EXILE esports,sup,2025-08-12,2,240.40651695,213.25106103,0.33102431
oe:player:3ecce3085c6886d516d2b8659880394,Robertoos,oe:team:dba2e551039e079ceae513ba7386109,EXILE esports,sup,2025-08-23,3,193.50944712,178.06132869,0.18831217
oe:player:3f9aef592d06e0bff9eb3d8f38adc72,BlackSwan,oe:team:e3f89acb10ecd65327fa954ff2ec047,Dynamo Eclot,bot,2025-04-18,3,667.89238723,644.10119323,0.12647136
oe:player:3f9aef592d06e0bff9eb3d8f38adc72,BlackSwan,oe:team:e3f89acb10ecd65327fa954ff2ec047,Dynamo Eclot,bot,2025-04-24,2,701.64910608,622.38098517,0.42138059
oe:player:3f9aef592d06e0bff9eb3d8f38adc72,BlackSwan,oe:team:e3f89acb10ecd65327fa954ff2ec047,Dynamo Eclot,bot,2025-04-25,3,594.54985034,629.53866165,-0.18599666
oe:player:3f9aef592d06e0bff9eb3d8f38adc72,BlackSwan,oe:team:e3f89acb10ecd65327fa954ff2ec047,Dynamo Eclot,bot,2025-05-02,2,929.83976812,583.54345667,1.84087300
oe:player:3f9aef592d06e0bff9eb3d8f38adc72,BlackSwan,oe:team:e3f89acb10ecd65327fa954ff2ec047,Dynamo Eclot,bot,2025-05-08,3,770.54782886,653.05838026,0.62456095
oe:player:3f9aef592d06e0bff9eb3d8f38adc72,BlackSwan,oe:team:e3f89acb10ecd65327fa954ff2ec047,Dynamo Eclot,bot,2025-05-16,5,698.80282048,648.60185654,0.24052784
oe:player:48b88375b88ea3c0d85739b5ae8cc3e,Mita,oe:team:ddb6aa775eebeffd5cc41ba5c35c6a1,BRUTE,sup,2025-04-18,2,202.23111268,243.39669919,-0.61303485
oe:player:48b88375b88ea3c0d85739b5ae8cc3e,Mita,oe:team:ddb6aa775eebeffd5cc41ba5c35c6a1,BRUTE,sup,2025-04-22,3,235.93772372,249.01076725,-0.19468279
oe:player:48b88375b88ea3c0d85739b5ae8cc3e,Mita,oe:team:ddb6aa775eebeffd5cc41ba5c35c6a1,BRUTE,sup,2025-04-29,3,251.86159837,263.68552154,-0.17608098
oe:player:48b88375b88ea3c0d85739b5ae8cc3e,Mita,oe:team:ddb6aa775eebeffd5cc41ba5c35c6a1,BRUTE,sup,2025-05-06,2,150.15844827,223.22814333,-1.08814846
oe:player:48b88375b88ea3c0d85739b5ae8cc3e,Mita,oe:team:ddb6aa775eebeffd5cc41ba5c35c6a1,BRUTE,sup,2025-05-09,2,130.22856688,263.55228199,-1.98544685
oe:player:51e62ff878bc8e2c27c1d5512cbf45e,Carnage,oe:team:a1f7a79516b418bae38cd4d5b46903e,Tan'i eSports CZ,jng,2025-07-19,2,502.83425711,457.66506901,0.24387746
oe:player:51e62ff878bc8e2c27c1d5512cbf45e,Carnage,oe:team:a1f7a79516b418bae38cd4d5b46903e,Tan'i eSports CZ,jng,2025-07-20,3,451.40879487,462.21756736,-0.05967337
oe:player:51e62ff878bc8e2c27c1d5512cbf45e,Carnage,oe:team:a1f7a79516b418bae38cd4d5b46903e,Tan'i eSports CZ,jng,2025-07-25,2,375.59407844,490.35827325,-0.63359338
oe:player:51e62ff878bc8e2c27c1d5512cbf45e,Carnage,oe:team:a1f7a79516b418bae38cd4d5b46903e,Tan'i eSports CZ,jng,2025-07-26,3,414.43781395,468.26730368,-0.29718335
oe:player:51e62ff878bc8e2c27c1d5512cbf45e,Carnage,oe:team:a1f7a79516b418bae38cd4d5b46903e,Tan'i eSports CZ,jng,2025-08-01,2,586.52193584,528.61773698,0.31967912
oe:player:51e62ff878bc8e2c27c1d5512cbf45e,Carnage,oe:team:a1f7a79516b418bae38cd4d5b46903e,Tan'i eSports CZ,jng,2025-08-08,3,512.12047832,436.84446391,0.41558592
oe:player:51e62ff878bc8e2c27c1d5512cbf45e,Carnage,oe:team:a1f7a79516b418bae38cd4d5b46903e,Tan'i eSports CZ,jng,2025-08-11,2,561.77315864,572.27704611,-0.05692918
oe:player:51e62ff878bc8e2c27c1d5512cbf45e,Carnage,oe:team:a1f7a79516b418bae38cd4d5b46903e,Tan'i eSports CZ,jng,2025-08-17,4,455.48785286,471.81782083,-0.08850549
oe:player:51e62ff878bc8e2c27c1d5512cbf45e,Carnage,oe:team:a1f7a79516b418bae38cd4d5b46903e,Tan'i eSports CZ,jng,2025-08-23,3,488.95889994,459.79856355,0.15804378
oe:player:51e62ff878bc8e2c27c1d5512cbf45e,Carnage,oe:team:a1f7a79516b418bae38cd4d5b46903e,Tan'i eSports CZ,jng,2025-08-24,3,347.81541585,475.21671595,-0.69049213
oe:player:55e35458830cbecac40b04619bd6029,STANIK,oe:team:785213aebf3ebc4bf4e9aeef665d698,Nightbirds,mid,2025-04-24,2,922.94643253,711.95483367,0.98053159
oe:player:55e35458830cbecac40b04619bd6029,STANIK,oe:team:785213aebf3ebc4bf4e9aeef665d698,Nightbirds,mid,2025-04-29,2,647.45770967,725.40954678,-0.36226200
oe:player:55e35458830cbecac40b04619bd6029,STANIK,oe:team:785213aebf3ebc4bf4e9aeef665d698,Nightbirds,mid,2025-05-06,2,793.72163117,691.22902572,0.47630919
oe:player:55e35458830cbecac40b04619bd6029,STANIK,oe:team:785213aebf3ebc4bf4e9aeef665d698,Nightbirds,mid,2025-05-09,2,890.38541504,719.55511558,0.79389182
oe:player:55e35458830cbecac40b04619bd6029,STANIK,oe:team:785213aebf3ebc4bf4e9aeef665d698,Nightbirds,mid,2025-05-14,3,831.63543631,753.81926396,0.37609043
oe:player:55e35458830cbecac40b04619bd6029,STANIK,oe:team:785213aebf3ebc4bf4e9aeef665d698,Nightbirds,mid,2025-05-20,4,812.70219353,758.15501301,0.26362994
oe:player:55e35458830cbecac40b04619bd6029,STANIK,oe:team:785213aebf3ebc4bf4e9aeef665d698,Nightbirds,mid,2025-05-30,4,686.68995362,751.69512288,-0.31417405
oe:player:55e35458830cbecac40b04619bd6029,STANIK,oe:team:785213aebf3ebc4bf4e9aeef665d698,Nightbirds,mid,2025-07-19,3,766.63919501,756.97242650,0.04672010
oe:player:55e35458830cbecac40b04619bd6029,STANIK,oe:team:785213aebf3ebc4bf4e9aeef665d698,Nightbirds,mid,2025-07-20,2,640.60741166,787.88863784,-0.70056824
oe:player:55e35458830cbecac40b04619bd6029,STANIK,oe:team:785213aebf3ebc4bf4e9aeef665d698,Nightbirds,mid,2025-07-22,2,499.88712937,787.79452299,-1.36948056
oe:player:55e35458830cbecac40b04619bd6029,STANIK,oe:team:785213aebf3ebc4bf4e9aeef665d698,Nightbirds,mid,2025-07-27,2,508.83542885,749.18929730,-1.14328412
oe:player:55e35458830cbecac40b04619bd6029,STANIK,oe:team:785213aebf3ebc4bf4e9aeef665d698,Nightbirds,mid,2025-08-01,2,533.50988929,717.99922061,-0.87755493
oe:player:55e35458830cbecac40b04619bd6029,STANIK,oe:team:785213aebf3ebc4bf4e9aeef665d698,Nightbirds,mid,2025-08-08,3,542.73438957,763.69595159,-1.05104131
oe:player:55e35458830cbecac40b04619bd6029,STANIK,oe:team:785213aebf3ebc4bf4e9aeef665d698,Nightbirds,mid,2025-08-12,2,667.93165817,708.58386023,-0.18395086
oe:player:55e35458830cbecac40b04619bd6029,STANIK,oe:team:785213aebf3ebc4bf4e9aeef665d698,Nightbirds,mid,2025-08-17,4,594.00813853,744.41574514,-0.68059311
oe:player:55e35458830cbecac40b04619bd6029,STANIK,oe:team:785213aebf3ebc4bf4e9aeef665d698,Nightbirds,mid,2025-08-19,3,422.36116731,707.39260371,-1.28976476
oe:player:55e35458830cbecac40b04619bd6029,STANIK,oe:team:785213aebf3ebc4bf4e9aeef665d698,Nightbirds,mid,2025-08-29,3,359.47225480,694.14634603,-1.51439734
oe:player:5657e08aa206a6122f8d38e1676bdc5,Wolorz,oe:team:06554c70cfe8a6be14b004b3c18abe6,Entropiq,mid,2025-07-20,5,718.14485789,689.82252867,0.13471998
oe:player:5657e08aa206a6122f8d38e1676bdc5,Wolorz,oe:team:06554c70cfe8a6be14b004b3c18abe6,Entropiq,mid,2025-07-25,3,620.42227547,630.08094791,-0.04594312
oe:player:5657e08aa206a6122f8d38e1676bdc5,Wolorz,oe:team:06554c70cfe8a6be14b004b3c18abe6,Entropiq,mid,2025-07-27,3,580.43614152,733.91451438,-0.73004603
oe:player:5657e08aa206a6122f8d38e1676bdc5,Wolorz,oe:team:06554c70cfe8a6be14b004b3c18abe6,Entropiq,mid,2025-08-01,2,677.00787181,632.76087470,0.21046838
oe:player:5657e08aa206a6122f8d38e1676bdc5,Wolorz,oe:team:06554c70cfe8a6be14b004b3c18abe6,Entropiq,mid,2025-08-08,2,626.24851719,628.37369575,-0.01010877
oe:player:5657e08aa206a6122f8d38e1676bdc5,Wolorz,oe:team:06554c70cfe8a6be14b004b3c18abe6,Entropiq,mid,2025-08-12,2,865.34520814,774.09574875,0.41290301
oe:player:5657e08aa206a6122f8d38e1676bdc5,Wolorz,oe:team:06554c70cfe8a6be14b004b3c18abe6,Entropiq,mid,2025-08-16,5,850.80257060,678.73726147,0.77859402
oe:player:5657e08aa206a6122f8d38e1676bdc5,Wolorz,oe:team:06554c70cfe8a6be14b004b3c18abe6,Entropiq,mid,2025-08-19,3,595.11737988,646.78306890,-0.23378679
oe:player:5657e08aa206a6122f8d38e1676bdc5,Wolorz,oe:team:06554c70cfe8a6be14b004b3c18abe6,Entropiq,mid,2025-08-30,3,801.64877016,641.66945165,0.72390502
oe:player:565edcb58e76115e571f38521946e41,Savero,oe:team:3faefd9245a4ef6ba347fbcf2a51515,eSuba,jng,2025-04-22,3,430.32000711,512.80520665,-0.40709793
oe:player:565edcb58e76115e571f38521946e41,Savero,oe:team:3faefd9245a4ef6ba347fbcf2a51515,eSuba,jng,2025-04-25,3,359.22167540,517.38137153,-0.78058227
oe:player:565edcb58e76115e571f38521946e41,Savero,oe:team:3faefd9245a4ef6ba347fbcf2a51515,eSuba,jng,2025-05-02,2,655.24822533,558.94863119,0.47527757
oe:player:565edcb58e76115e571f38521946e41,Savero,oe:team:3faefd9245a4ef6ba347fbcf2a51515,eSuba,jng,2025-05-08,3,484.80367432,501.70736880,-0.08342659
oe:player:565edcb58e76115e571f38521946e41,Savero,oe:team:3faefd9245a4ef6ba347fbcf2a51515,eSuba,jng,2025-05-13,4,453.51833577,518.61675048,-0.35147933
oe:player:565edcb58e76115e571f38521946e41,Savero,oe:team:3faefd9245a4ef6ba347fbcf2a51515,eSuba,jng,2025-05-20,4,517.07186656,477.04814242,0.21609608
oe:player:565edcb58e76115e571f38521946e41,Savero,oe:team:3faefd9245a4ef6ba347fbcf2a51515,eSuba,jng,2025-05-27,4,508.13128816,486.28156042,0.11797104
oe:player:565edcb58e76115e571f38521946e41,Savero,oe:team:3faefd9245a4ef6ba347fbcf2a51515,eSuba,jng,2025-05-30,4,428.91214691,472.40754207,-0.23484032
oe:player:565edcb58e76115e571f38521946e41,Savero,oe:team:3faefd9245a4ef6ba347fbcf2a51515,eSuba,jng,2025-07-19,2,659.57064843,556.87787723,0.55445877
oe:player:565edcb58e76115e571f38521946e41,Savero,oe:team:3faefd9245a4ef6ba347fbcf2a51515,eSuba,jng,2025-07-20,2,691.89114988,515.36392608,0.97457643
oe:player:565edcb58e76115e571f38521946e41,Savero,oe:team:3faefd9245a4ef6ba347fbcf2a51515,eSuba,jng,2025-07-22,2,392.17972008,537.77228554,-0.80379151
oe:player:565edcb58e76115e571f38521946e41,Savero,oe:team:3faefd9245a4ef6ba347fbcf2a51515,eSuba,jng,2025-07-26,3,528.93868341,557.54662658,-0.15793953
oe:player:565edcb58e76115e571f38521946e41,Savero,oe:team:3faefd9245a4ef6ba347fbcf2a51515,eSuba,jng,2025-07-29,2,530.69221119,555.61504922,-0.13759470
oe:player:565edcb58e76115e571f38521946e41,Savero,oe:team:3faefd9245a4ef6ba347fbcf2a51515,eSuba,jng,2025-08-08,2,674.43482583,478.08144052,1.08403326
oe:player:565edcb58e76115e571f38521946e41,Savero,oe:team:3faefd9245a4ef6ba347fbcf2a51515,eSuba,jng,2025-08-12,2,393.44799185,482.14228414,-0.48070711
oe:player:565edcb58e76115e571f38521946e41,Savero,oe:team:3faefd9245a4ef6ba347fbcf2a51515,eSuba,jng,2025-08-16,5,507.62230235,482.89087701,0.13403988
oe:player:565edcb58e76115e571f38521946e41,Savero,oe:team:3faefd9245a4ef6ba347fbcf2a51515,eSuba,jng,2025-08-23,3,495.56200741,544.43093093,-0.26486077
oe:player:565edcb58e76115e571f38521946e41,Savero,oe:team:3faefd9245a4ef6ba347fbcf2a51515,eSuba,jng,2025-08-24,3,528.64438962,511.61729329,0.09228380
oe:player:565edcb58e76115e571f38521946e41,Savero,oe:team:3faefd9245a4ef6ba347fbcf2a51515,eSuba,jng,2025-08-29,3,415.39172687,473.44012242,-0.31461186
oe:player:565edcb58e76115e571f38521946e41,Savero,oe:team:3faefd9245a4ef6ba347fbcf2a51515,eSuba,jng,2025-08-30,3,643.96484911,509.90511602,0.72657964
oe:player:5975309b7ecb20e410be3726e79f1ff,WeeDnek,oe:team:ddb6aa775eebeffd5cc41ba5c35c6a1,BRUTE,jng,2025-07-20,4,235.62646158,423.68778027,-1.03825419
oe:player:5975309b7ecb20e410be3726e79f1ff,WeeDnek,oe:team:ddb6aa775eebeffd5cc41ba5c35c6a1,BRUTE,jng,2025-07-22,2,225.15094666,471.85122286,-1.36198978
oe:player:5975309b7ecb20e410be3726e79f1ff,WeeDnek,oe:team:ddb6aa775eebeffd5cc41ba5c35c6a1,BRUTE,jng,2025-07-26,2,221.25695137,501.97239216,-1.54978165
oe:player:5975309b7ecb20e410be3726e79f1ff,WeeDnek,oe:team:ddb6aa775eebeffd5cc41ba5c35c6a1,BRUTE,jng,2025-07-29,2,268.73040701,459.56851091,-1.05358434
oe:player:5975309b7ecb20e410be3726e79f1ff,WeeDnek,oe:team:ddb6aa775eebeffd5cc41ba5c35c6a1,BRUTE,jng,2025-08-05,2,301.35745302,482.62472471,-1.00074542
oe:player:5975309b7ecb20e410be3726e79f1ff,WeeDnek,oe:team:ddb6aa775eebeffd5cc41ba5c35c6a1,BRUTE,jng,2025-08-11,2,295.66713881,458.62999536,-0.88322937
oe:player:5acd44683c7d16973b5ad18c1722708,Fogzy,oe:team:a1f7a79516b418bae38cd4d5b46903e,Tan'i eSports CZ,mid,2025-04-18,3,697.42163114,651.64474450,0.21273683
oe:player:5acd44683c7d16973b5ad18c1722708,Fogzy,oe:team:a1f7a79516b418bae38cd4d5b46903e,Tan'i eSports CZ,mid,2025-04-22,2,728.26802786,641.90352892,0.40135778
oe:player:5acd44683c7d16973b5ad18c1722708,Fogzy,oe:team:a1f7a79516b418bae38cd4d5b46903e,Tan'i eSports CZ,mid,2025-04-29,3,873.01106910,642.59408899,1.07080627
oe:player:5acd44683c7d16973b5ad18c1722708,Fogzy,oe:team:a1f7a79516b418bae38cd4d5b46903e,Tan'i eSports CZ,mid,2025-05-06,3,705.40485017,640.42014939,0.30200042
oe:player:5acd44683c7d16973b5ad18c1722708,Fogzy,oe:team:a1f7a79516b418bae38cd4d5b46903e,Tan'i eSports CZ,mid,2025-05-09,2,637.76292381,638.08256812,-0.00148547
oe:player:5acd44683c7d16973b5ad18c1722708,Fogzy,oe:team:a1f7a79516b418bae38cd4d5b46903e,Tan'i eSports CZ,mid,2025-05-15,5,701.07480114,672.46197388,0.13828759
oe:player:5acd44683c7d16973b5ad18c1722708,Fogzy,oe:team:a1f7a79516b418bae38cd4d5b46903e,Tan'i eSports CZ,mid,2025-05-23,3,576.83831068,655.61130550,-0.38071482
oe:player:5d36172323ff0ff9fb8e37f163bf44a,EdbyK,oe:team:5e86e312935ad545ee215e67adcee9c,GLORE,top,2025-07-19,2,589.57494840,602.24608463,-0.06368309
oe:player:5d36172323ff0ff9fb8e37f163bf44a,EdbyK,oe:team:5e86e312935ad545ee215e67adcee9c,GLORE,top,2025-07-20,2,749.38224546,565.31750581,0.92400005
oe:player:5d36172323ff0ff9fb8e37f163bf44a,EdbyK,oe:team:5e86e312935ad545ee215e67adcee9c,GLORE,top,2025-07-27,3,603.98805954,596.20207539,0.03908543
oe:player:5d36172323ff0ff9fb8e37f163bf44a,EdbyK,oe:team:5e86e312935ad545ee215e67adcee9c,GLORE,top,2025-08-05,2,667.15501969,615.96393506,0.25697787
oe:player:5d36172323ff0ff9fb8e37f163bf44a,EdbyK,oe:team:5e86e312935ad545ee215e67adcee9c,GLORE,top,2025-08-11,3,653.11584180,634.84332099,0.08877842
oe:player:6425cdfcdd02de2de34b914e20c41a7,SeMike,oe:team:5e86e312935ad545ee215e67adcee9c,GLORE,mid,2025-04-24,3,501.52686944,606.95477871,-0.48995029
oe:player:6425cdfcdd02de2de34b914e20c41a7,SeMike,oe:team:5e86e312935ad545ee215e67adcee9c,GLORE,mid,2025-04-25,2,686.52655399,567.24081595,0.55435114
oe:player:6425cdfcdd02de2de34b914e20c41a7,SeMike,oe:team:5e86e312935ad545ee215e67adcee9c,GLORE,mid,2025-05-02,2,643.20590467,616.11499524,0.12589834
oe:player:6425cdfcdd02de2de34b914e20c41a7,SeMike,oe:team:5e86e312935ad545ee215e67adcee9c,GLORE,mid,2025-05-08,3,700.87504628,611.28745168,0.41633632
oe:player:658a2a25bf5e14b866e38d832ec9ba6,Kio,oe:team:3faefd9245a4ef6ba347fbcf2a51515,eSuba,top,2025-07-19,2,994.06647747,706.41056533,1.44571231
oe:player:658a2a25bf5e14b866e38d832ec9ba6,Kio,oe:team:3faefd9245a4ef6ba347fbcf2a51515,eSuba,top,2025-07-20,2,930.42003612,713.29555944,1.08995905
oe:player:658a2a25bf5e14b866e38d832ec9ba6,Kio,oe:team:3faefd9245a4ef6ba347fbcf2a51515,eSuba,top,2025-07-22,2,835.25182678,726.72645345,0.54479446
oe:player:658a2a25bf5e14b866e38d832ec9ba6,Kio,oe:team:3faefd9245a4ef6ba347fbcf2a51515,eSuba,top,2025-07-26,3,863.70970837,726.85186087,0.68702272
oe:player:658a2a25bf5e14b866e38d832ec9ba6,Kio,oe:team:3faefd9245a4ef6ba347fbcf2a51515,eSuba,top,2025-07-29,2,592.47500545,689.44660745,-0.48679484
oe:player:658a2a25bf5e14b866e38d832ec9ba6,Kio,oe:team:3faefd9245a4ef6ba347fbcf2a51515,eSuba,top,2025-08-08,2,679.89270912,601.19614724,0.39505463
oe:player:658a2a25bf5e14b866e38d832ec9ba6,Kio,oe:team:3faefd9245a4ef6ba347fbcf2a51515,eSuba,top,2025-08-12,2,726.16205529,726.90461815,-0.00360780
oe:player:658a2a25bf5e14b866e38d832ec9ba6,Kio,oe:team:3faefd9245a4ef6ba347fbcf2a51515,eSuba,top,2025-08-16,5,699.67435733,661.97063308,0.18318639
oe:player:658a2a25bf5e14b866e38d832ec9ba6,Kio,oe:team:3faefd9245a4ef6ba347fbcf2a51515,eSuba,top,2025-08-23,3,842.65357065,692.37621554,0.73013386
oe:player:658a2a25bf5e14b866e38d832ec9ba6,Kio,oe:team:3faefd9245a4ef6ba347fbcf2a51515,eSuba,top,2025-08-24,3,813.61706342,697.62931941,0.56353520
oe:player:658a2a25bf5e14b866e38d832ec9ba6,Kio,oe:team:3faefd9245a4ef6ba347fbcf2a51515,eSuba,top,2025-08-29,3,739.77410775,702.45008114,0.18134160
oe:player:658a2a25bf5e14b866e38d832ec9ba6,Kio,oe:team:3faefd9245a4ef6ba347fbcf2a51515,eSuba,top,2025-08-30,3,743.04458925,610.49886716,0.64398338
oe:player:66d040632ba3e1ae771ddced2f6e050,Esko,oe:team:a1f7a79516b418bae38cd4d5b46903e,Tan'i eSports CZ,bot,2025-07-19,2,622.43518684,650.32716919,-0.13363884
oe:player:66d040632ba3e1ae771ddced2f6e050,Esko,oe:team:a1f7a79516b418bae38cd4d5b46903e,Tan'i eSports CZ,bot,2025-07-20,3,795.22206139,650.36638240,0.63675708
oe:player:66d040632ba3e1ae771ddced2f6e050,Esko,oe:team:a1f7a79516b418bae38cd4d5b46903e,Tan'i eSports CZ,bot,2025-07-25,2,926.62705533,707.34964768,0.96390036
oe:player:66d040632ba3e1ae771ddced2f6e050,Esko,oe:team:a1f7a79516b418bae38cd4d5b46903e,Tan'i eSports CZ,bot,2025-07-26,3,585.62873122,676.68617791,-0.40027063
oe:player:66d040632ba3e1ae771ddced2f6e050,Esko,oe:team:a1f7a79516b418bae38cd4d5b46903e,Tan'i eSports CZ,bot,2025-08-01,2,1074.65071885,794.08597145,1.23330745
oe:player:66d040632ba3e1ae771ddced2f6e050,Esko,oe:team:a1f7a79516b418bae38cd4d5b46903e,Tan'i eSports CZ,bot,2025-08-08,3,648.39643431,673.17894080,-0.10893902
oe:player:66d040632ba3e1ae771ddced2f6e050,Esko,oe:team:a1f7a79516b418bae38cd4d5b46903e,Tan'i eSports CZ,bot,2025-08-11,2,635.62492918,763.27008317,-0.56149852
oe:player:66d040632ba3e1ae771ddced2f6e050,Esko,oe:team:a1f7a79516b418bae38cd4d5b46903e,Tan'i eSports CZ,bot,2025-08-17,4,680.56113540,693.62325660,-0.05745899
oe:player:66d040632ba3e1ae771ddced2f6e050,Esko,oe:team:a1f7a79516b418bae38cd4d5b46903e,Tan'i eSports CZ,bot,2025-08-23,3,1112.36776386,665.26326991,1.96676886
oe:player:66d040632ba3e1ae771ddced2f6e050,Esko,oe:team:a1f7a79516b418bae38cd4d5b46903e,Tan'i eSports CZ,bot,2025-08-24,3,853.46573382,698.44946268,0.68190139
oe:player:66d040632ba3e1ae771ddced2f6e050,Esko,oe:team:ddb6aa775eebeffd5cc41ba5c35c6a1,BRUTE,bot,2025-04-18,2,701.19344788,633.55600506,0.35955319
oe:player:66d040632ba3e1ae771ddced2f6e050,Esko,oe:team:ddb6aa775eebeffd5cc41ba5c35c6a1,BRUTE,bot,2025-04-22,3,702.45084449,653.93626541,0.25789815
oe:player:66d040632ba3e1ae771ddced2f6e050,Esko,oe:team:ddb6aa775eebeffd5cc41ba5c35c6a1,BRUTE,bot,2025-04-29,3,735.86894381,665.57292177,0.37368590
oe:player:66d040632ba3e1ae771ddced2f6e050,Esko,oe:team:ddb6aa775eebeffd5cc41ba5c35c6a1,BRUTE,bot,2025-05-06,2,421.74153938,648.50755716,-1.20546314
oe:player:66d040632ba3e1ae771ddced2f6e050,Esko,oe:team:ddb6aa775eebeffd5cc41ba5c35c6a1,BRUTE,bot,2025-05-09,2,683.39755669,649.49176192,0.18023947
oe:player:6aec0ace4133efdcd6a8ac81eb48f47,Sawyor,oe:team:5e86e312935ad545ee215e67adcee9c,GLORE,mid,2025-07-20,2,524.04613776,703.09664142,-0.85168422
oe:player:6b7ca7e0fcad1f113f17bc2d30adbf5,adi1,oe:team:785213aebf3ebc4bf4e9aeef665d698,Nightbirds,jng,2025-04-24,2,501.28149200,538.86988817,-0.18551399
oe:player:6b7ca7e0fcad1f113f17bc2d30adbf5,adi1,oe:team:785213aebf3ebc4bf4e9aeef665d698,Nightbirds,jng,2025-04-29,2,609.67779143,574.56038790,0.17331864
oe:player:6b7ca7e0fcad1f113f17bc2d30adbf5,adi1,oe:team:785213aebf3ebc4bf4e9aeef665d698,Nightbirds,jng,2025-05-06,2,744.43997345,552.92197710,0.94521902
oe:player:6b7ca7e0fcad1f113f17bc2d30adbf5,adi1,oe:team:785213aebf3ebc4bf4e9aeef665d698,Nightbirds,jng,2025-05-09,2,643.04339439,550.92696946,0.45463193
oe:player:6b7ca7e0fcad1f113f17bc2d30adbf5,adi1,oe:team:785213aebf3ebc4bf4e9aeef665d698,Nightbirds,jng,2025-05-14,3,701.79656529,535.84964598,0.89598054
oe:player:6b7ca7e0fcad1f113f17bc2d30adbf5,adi1,oe:team:785213aebf3ebc4bf4e9aeef665d698,Nightbirds,jng,2025-05-20,4,578.15585980,559.64361465,0.09995131
oe:player:6b7ca7e0fcad1f113f17bc2d30adbf5,adi1,oe:team:785213aebf3ebc4bf4e9aeef665d698,Nightbirds,jng,2025-05-30,4,520.65709643,555.52200218,-0.18824259
oe:player:6b7ca7e0fcad1f113f17bc2d30adbf5,adi1,oe:team:785213aebf3ebc4bf4e9aeef665d698,Nightbirds,jng,2025-07-19,3,616.08725944,576.86457415,0.21177111
oe:player:6b7ca7e0fcad1f113f17bc2d30adbf5,adi1,oe:team:785213aebf3ebc4bf4e9aeef665d698,Nightbirds,jng,2025-07-20,2,588.60293284,607.04291770,-0.10180398
oe:player:6b7ca7e0fcad1f113f17bc2d30adbf5,adi1,oe:team:785213aebf3ebc4bf4e9aeef665d698,Nightbirds,jng,2025-07-22,2,780.51722724,635.05179260,0.80308964
oe:player:6b7ca7e0fcad1f113f17bc2d30adbf5,adi1,oe:team:785213aebf3ebc4bf4e9aeef665d698,Nightbirds,jng,2025-07-27,2,399.14021566,559.56443054,-0.88567449
oe:player:6b7ca7e0fcad1f113f17bc2d30adbf5,adi1,oe:team:785213aebf3ebc4bf4e9aeef665d698,Nightbirds,jng,2025-08-01,2,306.56484556,537.71818763,-1.27615783
oe:player:6b7ca7e0fcad1f113f17bc2d30adbf5,adi1,oe:team:785213aebf3ebc4bf4e9aeef665d698,Nightbirds,jng,2025-08-08,3,574.40731518,562.76653966,0.06426672
oe:player:6b7ca7e0fcad1f113f17bc2d30adbf5,adi1,oe:team:785213aebf3ebc4bf4e9aeef665d698,Nightbirds,jng,2025-08-12,2,797.72285777,575.16479111,1.20622468
oe:player:6b7ca7e0fcad1f113f17bc2d30adbf5,adi1,oe:team:785213aebf3ebc4bf4e9aeef665d698,Nightbirds,jng,2025-08-17,4,676.94255917,581.38879294,0.51788422
oe:player:6b7ca7e0fcad1f113f17bc2d30adbf5,adi1,oe:team:785213aebf3ebc4bf4e9aeef665d698,Nightbirds,jng,2025-08-19,3,356.51434133,522.39779191,-0.89905846
oe:player:6b7ca7e0fcad1f113f17bc2d30adbf5,adi1,oe:team:785213aebf3ebc4bf4e9aeef665d698,Nightbirds,jng,2025-08-29,3,459.56093183,546.95133535,-0.47364027
oe:player:716b3e05828a7072ca9b36b35829123,kahura,oe:team:5e86e312935ad545ee215e67adcee9c,GLORE,top,2025-05-02,2,462.68441895,573.93605615,-0.58801235
oe:player:73933848061d300bbe7293d9b38a2d4,Ace,oe:team:5e86e312935ad545ee215e67adcee9c,GLORE,bot,2025-07-27,3,739.58211087,646.01999920,0.41128064
oe:player:73933848061d300bbe7293d9b38a2d4,Ace,oe:team:5e86e312935ad545ee215e67adcee9c,GLORE,bot,2025-08-01,2,667.32466102,673.43678580,-0.02686770
oe:player:73933848061d300bbe7293d9b38a2d4,Ace,oe:team:5e86e312935ad545ee215e67adcee9c,GLORE,bot,2025-08-05,2,841.55097048,696.00524761,0.63979038
oe:player:73933848061d300bbe7293d9b38a2d4,Ace,oe:team:5e86e312935ad545ee215e67adcee9c,GLORE,bot,2025-08-11,3,893.34566848,695.69278431,0.86945567
oe:player:758544da193f152aa5ca5dcc833a83a,Fade,oe:team:3faefd9245a4ef6ba347fbcf2a51515,eSuba,mid,2025-04-22,3,699.86719254,630.07140028,0.32435879
oe:player:758544da193f152aa5ca5dcc833a83a,Fade,oe:team:3faefd9245a4ef6ba347fbcf2a51515,eSuba,mid,2025-04-25,3,778.46244066,670.35145861,0.50241921
oe:player:758544da193f152aa5ca5dcc833a83a,Fade,oe:team:3faefd9245a4ef6ba347fbcf2a51515,eSuba,mid,2025-05-02,2,791.18253141,722.90683907,0.31729450
oe:player:758544da193f152aa5ca5dcc833a83a,Fade,oe:team:3faefd9245a4ef6ba347fbcf2a51515,eSuba,mid,2025-05-08,3,491.96578484,636.61194889,-0.67220749
oe:player:758544da193f152aa5ca5dcc833a83a,Fade,oe:team:3faefd9245a4ef6ba347fbcf2a51515,eSuba,mid,2025-05-13,4,527.46986912,690.37635889,-0.78733727
oe:player:758544da193f152aa5ca5dcc833a83a,Fade,oe:team:3faefd9245a4ef6ba347fbcf2a51515,eSuba,mid,2025-05-20,4,624.62474830,682.21555027,-0.27833995
oe:player:758544da193f152aa5ca5dcc833a83a,Fade,oe:team:3faefd9245a4ef6ba347fbcf2a51515,eSuba,mid,2025-05-27,4,451.16874319,665.85962099,-1.03761446
oe:player:758544da193f152aa5ca5dcc833a83a,Fade,oe:team:3faefd9245a4ef6ba347fbcf2a51515,eSuba,mid,2025-05-30,4,558.95535907,674.71767101,-0.55948650
oe:player:76a278bd72ec24ed1558d0fbd61399e,Sojo,oe:team:6e322bda09963acbe90845ce95e76f4,Team UNiTY,jng,2025-04-24,3,371.98985752,521.95225818,-0.74012529
oe:player:76a278bd72ec24ed1558d0fbd61399e,Sojo,oe:team:6e322bda09963acbe90845ce95e76f4,Team UNiTY,jng,2025-04-29,2,294.86578050,437.06792483,-0.70182528
oe:player:76a278bd72ec24ed1558d0fbd61399e,Sojo,oe:team:6e322bda09963acbe90845ce95e76f4,Team UNiTY,jng,2025-05-06,3,422.47712394,521.74544853,-0.48992946
oe:player:76a278bd72ec24ed1558d0fbd61399e,Sojo,oe:team:6e322bda09963acbe90845ce95e76f4,Team UNiTY,jng,2025-05-09,2,438.94238093,448.64416473,-0.04788224
oe:player:76a278bd72ec24ed1558d0fbd61399e,Sojo,oe:team:6e322bda09963acbe90845ce95e76f4,Team UNiTY,jng,2025-05-14,3,518.31513851,488.09224221,0.16317945
oe:player:76a278bd72ec24ed1558d0fbd61399e,Sojo,oe:team:6e322bda09963acbe90845ce95e76f4,Team UNiTY,jng,2025-05-15,5,425.40369205,493.01669462,-0.36505610
oe:player:76a278bd72ec24ed1558d0fbd61399e,Sojo,oe:team:dba2e551039e079ceae513ba7386109,EXILE esports,jng,2025-07-19,3,493.03088958,470.17309897,0.12341377
oe:player:76a278bd72ec24ed1558d0fbd61399e,Sojo,oe:team:dba2e551039e079ceae513ba7386109,EXILE esports,jng,2025-07-20,2,704.50468649,561.53836838,0.78929245
oe:player:76a278bd72ec24ed1558d0fbd61399e,Sojo,oe:team:dba2e551039e079ceae513ba7386109,EXILE esports,jng,2025-07-25,2,419.39365364,514.58812631,-0.52555231
oe:player:76a278bd72ec24ed1558d0fbd61399e,Sojo,oe:team:dba2e551039e079ceae513ba7386109,EXILE esports,jng,2025-07-26,2,539.68326690,515.09853907,0.13572805
oe:player:76a278bd72ec24ed1558d0fbd61399e,Sojo,oe:team:dba2e551039e079ceae513ba7386109,EXILE esports,jng,2025-07-29,2,329.19379295,468.91090127,-0.77135412
oe:player:76a278bd72ec24ed1558d0fbd61399e,Sojo,oe:team:dba2e551039e079ceae513ba7386109,EXILE esports,jng,2025-08-05,2,634.06960843,447.69763320,1.02892761
oe:player:76a278bd72ec24ed1558d0fbd61399e,Sojo,oe:team:dba2e551039e079ceae513ba7386109,EXILE esports,jng,2025-08-12,2,287.19333183,452.08127964,-0.89366301
oe:player:76a278bd72ec24ed1558d0fbd61399e,Sojo,oe:team:dba2e551039e079ceae513ba7386109,EXILE esports,jng,2025-08-23,3,460.62686372,419.93531318,0.22054088
oe:player:7a27b91a1ea41f157f4b3df8889621f,Sirinox,oe:team:a1f7a79516b418bae38cd4d5b46903e,Tan'i eSports CZ,bot,2025-04-18,3,698.90509962,661.91418478,0.19663962
oe:player:7a27b91a1ea41f157f4b3df8889621f,Sirinox,oe:team:a1f7a79516b418bae38cd4d5b46903e,Tan'i eSports CZ,bot,2025-04-22,2,507.63128418,661.57080714,-0.81832553
oe:player:7a27b91a1ea41f157f4b3df8889621f,Sirinox,oe:team:a1f7a79516b418bae38cd4d5b46903e,Tan'i eSports CZ,bot,2025-04-29,3,766.54318041,658.40061758,0.57487394
oe:player:7a27b91a1ea41f157f4b3df8889621f,Sirinox,oe:team:a1f7a79516b418bae38cd4d5b46903e,Tan'i eSports CZ,bot,2025-05-06,3,539.58970514,662.13108374,-0.65141645
oe:player:7a27b91a1ea41f157f4b3df8889621f,Sirinox,oe:team:a1f7a79516b418bae38cd4d5b46903e,Tan'i eSports CZ,bot,2025-05-09,2,508.60560210,592.92283843,-0.44822113
oe:player:7a27b91a1ea41f157f4b3df8889621f,Sirinox,oe:team:a1f7a79516b418bae38cd4d5b46903e,Tan'i eSports CZ,bot,2025-05-15,5,641.96998802,681.86011931,-0.19112556
oe:player:7a27b91a1ea41f157f4b3df8889621f,Sirinox,oe:team:a1f7a79516b418bae38cd4d5b46903e,Tan'i eSports CZ,bot,2025-05-23,3,675.17452981,645.20540844,0.14359103
oe:player:825a3d98017bab11815ad2817201324,Shift,oe:team:06554c70cfe8a6be14b004b3c18abe6,Entropiq,jng,2025-04-18,2,408.83793616,475.00964689,-0.32658424
oe:player:825a3d98017bab11815ad2817201324,Shift,oe:team:06554c70cfe8a6be14b004b3c18abe6,Entropiq,jng,2025-04-22,2,653.22480634,474.99580527,0.87963244
oe:player:825a3d98017bab11815ad2817201324,Shift,oe:team:06554c70cfe8a6be14b004b3c18abe6,Entropiq,jng,2025-04-25,2,622.76276911,500.40777144,0.60387156
oe:player:825a3d98017bab11815ad2817201324,Shift,oe:team:06554c70cfe8a6be14b004b3c18abe6,Entropiq,jng,2025-05-02,2,714.42935600,465.12115104,1.23043715
oe:player:825a3d98017bab11815ad2817201324,Shift,oe:team:06554c70cfe8a6be14b004b3c18abe6,Entropiq,jng,2025-05-08,3,482.30856878,472.13715975,0.05020003
oe:player:825a3d98017bab11815ad2817201324,Shift,oe:team:06554c70cfe8a6be14b004b3c18abe6,Entropiq,jng,2025-05-13,4,510.27428670,515.95611702,-0.03067734
oe:player:825a3d98017bab11815ad2817201324,Shift,oe:team:06554c70cfe8a6be14b004b3c18abe6,Entropiq,jng,2025-05-16,5,477.51557430,551.53430266,-0.39964189
oe:player:825a3d98017bab11815ad2817201324,Shift,oe:team:06554c70cfe8a6be14b004b3c18abe6,Entropiq,jng,2025-05-23,3,470.17604005,468.15182247,0.01092915
oe:player:825a3d98017bab11815ad2817201324,Shift,oe:team:06554c70cfe8a6be14b004b3c18abe6,Entropiq,jng,2025-05-27,4,385.49937122,494.22795518,-0.58704733
oe:player:825a3d98017bab11815ad2817201324,Shift,oe:team:06554c70cfe8a6be14b004b3c18abe6,Entropiq,jng,2025-07-20,5,483.25296886,497.69910547,-0.07975463
oe:player:825a3d98017bab11815ad2817201324,Shift,oe:team:06554c70cfe8a6be14b004b3c18abe6,Entropiq,jng,2025-07-25,3,334.58473746,461.40394893,-0.70014705
oe:player:825a3d98017bab11815ad2817201324,Shift,oe:team:06554c70cfe8a6be14b004b3c18abe6,Entropiq,jng,2025-07-27,3,693.39301583,538.75941125,0.85370553
oe:player:825a3d98017bab11815ad2817201324,Shift,oe:team:06554c70cfe8a6be14b004b3c18abe6,Entropiq,jng,2025-08-01,2,536.94500067,444.45507057,0.51062099
oe:player:825a3d98017bab11815ad2817201324,Shift,oe:team:06554c70cfe8a6be14b004b3c18abe6,Entropiq,jng,2025-08-08,2,472.18786470,458.71228540,0.07439635
oe:player:825a3d98017bab11815ad2817201324,Shift,oe:team:06554c70cfe8a6be14b004b3c18abe6,Entropiq,jng,2025-08-12,2,716.56615280,522.09332684,1.05400773
oe:player:825a3d98017bab11815ad2817201324,Shift,oe:team:06554c70cfe8a6be14b004b3c18abe6,Entropiq,jng,2025-08-16,5,535.92720546,462.18200384,0.39968573
oe:player:825a3d98017bab11815ad2817201324,Shift,oe:team:06554c70cfe8a6be14b004b3c18abe6,Entropiq,jng,2025-08-19,3,653.89831462,412.42676948,1.30873234
oe:player:825a3d98017bab11815ad2817201324,Shift,oe:team:06554c70cfe8a6be14b004b3c18abe6,Entropiq,jng,2025-08-30,3,404.07519057,440.55026684,-0.19768835
oe:player:8486d94ef23b38c67c76b647613d881,bobista,oe:team:785213aebf3ebc4bf4e9aeef665d698,Nightbirds,top,2025-04-24,2,1054.95694283,712.50077848,1.81002689
oe:player:8486d94ef23b38c67c76b647613d881,bobista,oe:team:785213aebf3ebc4bf4e9aeef665d698,Nightbirds,top,2025-04-29,2,746.66091242,701.65152421,0.23789381
oe:player:8486d94ef23b38c67c76b647613d881,bobista,oe:team:785213aebf3ebc4bf4e9aeef665d698,Nightbirds,top,2025-05-06,2,782.61488149,658.94020290,0.65367342
oe:player:8486d94ef23b38c67c76b647613d881,bobista,oe:team:785213aebf3ebc4bf4e9aeef665d698,Nightbirds,top,2025-05-09,2,980.77207716,671.92792164,1.63237309
oe:player:8486d94ef23b38c67c76b647613d881,bobista,oe:team:785213aebf3ebc4bf4e9aeef665d698,Nightbirds,top,2025-05-14,3,784.28569867,697.04771099,0.43844408
oe:player:8486d94ef23b38c67c76b647613d881,bobista,oe:team:785213aebf3ebc4bf4e9aeef665d698,Nightbirds,top,2025-05-20,4,680.74907670,705.91141410,-0.12646186
oe:player:8486d94ef23b38c67c76b647613d881,bobista,oe:team:785213aebf3ebc4bf4e9aeef665d698,Nightbirds,top,2025-05-30,4,772.98445349,733.46236475,0.19863166
oe:player:8486d94ef23b38c67c76b647613d881,bobista,oe:team:785213aebf3ebc4bf4e9aeef665d698,Nightbirds,top,2025-07-19,3,789.08907651,734.82927346,0.27270104
oe:player:8486d94ef23b38c67c76b647613d881,bobista,oe:team:785213aebf3ebc4bf4e9aeef665d698,Nightbirds,top,2025-07-20,2,1057.81142176,783.28051035,1.37813781
oe:player:8486d94ef23b38c67c76b647613d881,bobista,oe:team:785213aebf3ebc4bf4e9aeef665d698,Nightbirds,top,2025-07-22,2,1026.79177299,826.46285335,1.00564580
oe:player:8486d94ef23b38c67c76b647613d881,bobista,oe:team:785213aebf3ebc4bf4e9aeef665d698,Nightbirds,top,2025-07-27,2,758.32201165,728.25993491,0.15091082
oe:player:8486d94ef23b38c67c76b647613d881,bobista,oe:team:785213aebf3ebc4bf4e9aeef665d698,Nightbirds,top,2025-08-01,2,307.65348526,667.96258577,-1.80874202
oe:player:8486d94ef23b38c67c76b647613d881,bobista,oe:team:785213aebf3ebc4bf4e9aeef665d698,Nightbirds,top,2025-08-08,3,721.94280439,755.85336026,-0.17023008
oe:player:8486d94ef23b38c67c76b647613d881,bobista,oe:team:785213aebf3ebc4bf4e9aeef665d698,Nightbirds,top,2025-08-12,2,579.11651563,742.30932402,-0.79288456
oe:player:8486d94ef23b38c67c76b647613d881,bobista,oe:team:785213aebf3ebc4bf4e9aeef665d698,Nightbirds,top,2025-08-17,4,759.44162098,735.22552019,0.11765575
oe:player:8486d94ef23b38c67c76b647613d881,bobista,oe:team:785213aebf3ebc4bf4e9aeef665d698,Nightbirds,top,2025-08-19,3,541.46999451,685.43856024,-0.69948213
oe:player:8486d94ef23b38c67c76b647613d881,bobista,oe:team:785213aebf3ebc4bf4e9aeef665d698,Nightbirds,top,2025-08-29,3,574.40047436,682.16103022,-0.52356278
oe:player:85117df5924af087900b300fe0f3ec3,Kulvas,oe:team:dba2e551039e079ceae513ba7386109,EXILE esports,top,2025-07-19,3,518.69777711,587.74244258,-0.34700737
oe:player:85117df5924af087900b300fe0f3ec3,Kulvas,oe:team:dba2e551039e079ceae513ba7386109,EXILE esports,top,2025-07-20,2,665.87334674,733.60492319,-0.34001070
oe:player:85117df5924af087900b300fe0f3ec3,Kulvas,oe:team:dba2e551039e079ceae513ba7386109,EXILE esports,top,2025-07-25,2,576.32477021,608.45905709,-0.16131326
oe:player:85117df5924af087900b300fe0f3ec3,Kulvas,oe:team:dba2e551039e079ceae513ba7386109,EXILE esports,top,2025-07-26,2,524.28780804,688.69372496,-0.82531329
oe:player:85117df5924af087900b300fe0f3ec3,Kulvas,oe:team:dba2e551039e079ceae513ba7386109,EXILE esports,top,2025-07-29,2,695.71376950,617.23466019,0.39396302
oe:player:85117df5924af087900b300fe0f3ec3,Kulvas,oe:team:dba2e551039e079ceae513ba7386109,EXILE esports,top,2025-08-05,2,671.17391085,656.82672622,0.07202248
oe:player:85117df5924af087900b300fe0f3ec3,Kulvas,oe:team:dba2e551039e079ceae513ba7386109,EXILE esports,top,2025-08-12,2,469.81532892,613.17489115,-0.69652324
oe:player:85117df5924af087900b300fe0f3ec3,Kulvas,oe:team:dba2e551039e079ceae513ba7386109,EXILE esports,top,2025-08-23,3,553.09200735,624.17511258,-0.34536262
oe:player:8fcb8690fc999cdd3af5dd530ba7289,Petersen,oe:team:6e322bda09963acbe90845ce95e76f4,Team UNiTY,bot,2025-08-23,3,595.10081478,699.92701565,-0.46112019
oe:player:9203016d817c256b8ad3dbbcf2214fa,FoobaR,oe:team:5e86e312935ad545ee215e67adcee9c,GLORE,jng,2025-04-24,3,448.74496848,441.40425923,0.03622938
oe:player:9203016d817c256b8ad3dbbcf2214fa,FoobaR,oe:team:5e86e312935ad545ee215e67adcee9c,GLORE,jng,2025-04-25,2,440.60109199,415.50120236,0.12387814
oe:player:9203016d817c256b8ad3dbbcf2214fa,FoobaR,oe:team:5e86e312935ad545ee215e67adcee9c,GLORE,jng,2025-05-02,2,453.27462201,444.68966110,0.04237027
oe:player:9203016d817c256b8ad3dbbcf2214fa,FoobaR,oe:team:5e86e312935ad545ee215e67adcee9c,GLORE,jng,2025-05-08,3,419.16524730,457.73770591,-0.19037073
oe:player:9970a9b7dfef2df3002d7217596010e,many,oe:team:06554c70cfe8a6be14b004b3c18abe6,Entropiq,mid,2025-04-18,2,753.12884666,590.79191665,0.75442097
oe:player:9970a9b7dfef2df3002d7217596010e,many,oe:team:06554c70cfe8a6be14b004b3c18abe6,Entropiq,mid,2025-04-22,2,848.23707438,628.50113648,1.02116875
oe:player:9970a9b7dfef2df3002d7217596010e,many,oe:team:06554c70cfe8a6be14b004b3c18abe6,Entropiq,mid,2025-04-25,2,859.14949686,674.58865577,0.85770114
oe:player:9970a9b7dfef2df3002d7217596010e,many,oe:team:06554c70cfe8a6be14b004b3c18abe6,Entropiq,mid,2025-05-02,2,910.27880155,600.48365388,1.43969679
oe:player:9970a9b7dfef2df3002d7217596010e,many,oe:team:06554c70cfe8a6be14b004b3c18abe6,Entropiq,mid,2025-05-08,3,839.47655467,645.82197364,0.89996206
oe:player:9970a9b7dfef2df3002d7217596010e,many,oe:team:06554c70cfe8a6be14b004b3c18abe6,Entropiq,mid,2025-05-13,4,706.50294800,723.76033151,-0.08340602
oe:player:9970a9b7dfef2df3002d7217596010e,many,oe:team:06554c70cfe8a6be14b004b3c18abe6,Entropiq,mid,2025-05-16,5,679.27770991,737.40547108,-0.28093511
oe:player:9970a9b7dfef2df3002d7217596010e,many,oe:team:06554c70cfe8a6be14b004b3c18abe6,Entropiq,mid,2025-05-23,3,694.94175366,690.19477334,0.02294245
oe:player:9970a9b7dfef2df3002d7217596010e,many,oe:team:06554c70cfe8a6be14b004b3c18abe6,Entropiq,mid,2025-05-27,4,515.80990968,703.36765922,-0.90647835
oe:player:99b95ef29b1e18c587457d79910c685,JaVaaa,oe:team:5e86e312935ad545ee215e67adcee9c,GLORE,bot,2025-07-19,2,451.08821379,634.10176071,-0.87687268
oe:player:99b95ef29b1e18c587457d79910c685,JaVaaa,oe:team:5e86e312935ad545ee215e67adcee9c,GLORE,bot,2025-07-20,2,474.66457613,670.06516023,-0.85894254
oe:player:99b95ef29b1e18c587457d79910c685,JaVaaa,oe:team:5e86e312935ad545ee215e67adcee9c,GLORE,bot,2025-07-22,2,614.75146756,648.36846904,-0.14777373
oe:player:9adc23fff49c05d7b22cfd79ca1841d,denyk,oe:team:06554c70cfe8a6be14b004b3c18abe6,Entropiq,sup,2025-04-18,2,140.78636166,249.81196911,-1.62360123
oe:player:9adc23fff49c05d7b22cfd79ca1841d,denyk,oe:team:06554c70cfe8a6be14b004b3c18abe6,Entropiq,sup,2025-04-22,2,198.69284775,234.06323347,-0.52673315
oe:player:9adc23fff49c05d7b22cfd79ca1841d,denyk,oe:team:06554c70cfe8a6be14b004b3c18abe6,Entropiq,sup,2025-04-25,2,257.23560039,275.70725344,-0.27507848
oe:player:9adc23fff49c05d7b22cfd79ca1841d,denyk,oe:team:06554c70cfe8a6be14b004b3c18abe6,Entropiq,sup,2025-05-02,2,247.53023186,246.82517470,0.01049966
oe:player:9adc23fff49c05d7b22cfd79ca1841d,denyk,oe:team:06554c70cfe8a6be14b004b3c18abe6,Entropiq,sup,2025-05-08,3,212.62938901,248.62660179,-0.53606781
oe:player:9adc23fff49c05d7b22cfd79ca1841d,denyk,oe:team:06554c70cfe8a6be14b004b3c18abe6,Entropiq,sup,2025-05-13,4,187.28017833,268.72796918,-1.10248522
oe:player:9adc23fff49c05d7b22cfd79ca1841d,denyk,oe:team:06554c70cfe8a6be14b004b3c18abe6,Entropiq,sup,2025-05-16,5,186.68772945,305.26570378,-1.60508300
oe:player:9adc23fff49c05d7b22cfd79ca1841d,denyk,oe:team:06554c70cfe8a6be14b004b3c18abe6,Entropiq,sup,2025-05-23,3,234.49724138,246.05525374,-0.15645038
oe:player:9adc23fff49c05d7b22cfd79ca1841d,denyk,oe:team:06554c70cfe8a6be14b004b3c18abe6,Entropiq,sup,2025-05-27,4,142.60561437,258.38432068,-1.56719183
oe:player:9adc23fff49c05d7b22cfd79ca1841d,denyk,oe:team:06554c70cfe8a6be14b004b3c18abe6,Entropiq,sup,2025-07-20,5,197.36791010,246.47298349,-0.64132330
oe:player:9adc23fff49c05d7b22cfd79ca1841d,denyk,oe:team:06554c70cfe8a6be14b004b3c18abe6,Entropiq,sup,2025-07-25,3,195.46349913,218.49902867,-0.30084920
oe:player:9adc23fff49c05d7b22cfd79ca1841d,denyk,oe:team:06554c70cfe8a6be14b004b3c18abe6,Entropiq,sup,2025-07-27,3,142.12588979,272.69747960,-1.70529433
oe:player:9adc23fff49c05d7b22cfd79ca1841d,denyk,oe:team:06554c70cfe8a6be14b004b3c18abe6,Entropiq,sup,2025-08-01,2,144.58517963,175.61421535,-0.40524618
oe:player:9adc23fff49c05d7b22cfd79ca1841d,denyk,oe:team:06554c70cfe8a6be14b004b3c18abe6,Entropiq,sup,2025-08-08,2,239.07933474,229.88056136,0.12013805
oe:player:9adc23fff49c05d7b22cfd79ca1841d,denyk,oe:team:06554c70cfe8a6be14b004b3c18abe6,Entropiq,sup,2025-08-12,2,151.40970172,234.77250389,-1.01619042
oe:player:9adc23fff49c05d7b22cfd79ca1841d,denyk,oe:team:06554c70cfe8a6be14b004b3c18abe6,Entropiq,sup,2025-08-16,5,169.49117757,190.26016855,-0.25317347
oe:player:9adc23fff49c05d7b22cfd79ca1841d,denyk,oe:team:06554c70cfe8a6be14b004b3c18abe6,Entropiq,sup,2025-08-19,3,204.61723254,165.52100196,0.47658205
oe:player:9adc23fff49c05d7b22cfd79ca1841d,denyk,oe:team:06554c70cfe8a6be14b004b3c18abe6,Entropiq,sup,2025-08-30,3,266.78606004,205.26087799,0.74999039
oe:player:9ea81871d6eae77bf89f98d3b7ba544,wittman,oe:team:dba2e551039e079ceae513ba7386109,EXILE esports,bot,2025-07-19,3,639.65548528,654.37887643,-0.07054417
oe:player:9ea81871d6eae77bf89f98d3b7ba544,wittman,oe:team:dba2e551039e079ceae513ba7386109,EXILE esports,bot,2025-07-20,2,848.16225306,697.77610911,0.66106791
oe:player:9ea81871d6eae77bf89f98d3b7ba544,wittman,oe:team:dba2e551039e079ceae513ba7386109,EXILE esports,bot,2025-07-25,2,596.90619621,715.99516052,-0.52349167
oe:player:9ea81871d6eae77bf89f98d3b7ba544,wittman,oe:team:dba2e551039e079ceae513ba7386109,EXILE esports,bot,2025-07-26,2,736.30227365,713.62791622,0.09967202
oe:player:9ea81871d6eae77bf89f98d3b7ba544,wittman,oe:team:dba2e551039e079ceae513ba7386109,EXILE esports,bot,2025-07-29,2,421.09558743,651.41973782,-1.01245967
oe:player:9ea81871d6eae77bf89f98d3b7ba544,wittman,oe:team:dba2e551039e079ceae513ba7386109,EXILE esports,bot,2025-08-05,2,709.83808338,675.67456833,0.15017609
oe:player:9ea81871d6eae77bf89f98d3b7ba544,wittman,oe:team:dba2e551039e079ceae513ba7386109,EXILE esports,bot,2025-08-12,2,622.02238889,678.58033120,-0.24879285
oe:player:9ea81871d6eae77bf89f98d3b7ba544,wittman,oe:team:dba2e551039e079ceae513ba7386109,EXILE esports,bot,2025-08-23,3,502.49097917,660.44788517,-0.69483695
oe:player:a0cff4167fb5c141dd41760bcf18b6d,eaRyz,oe:team:6e322bda09963acbe90845ce95e76f4,Team UNiTY,jng,2025-07-19,2,399.34167710,464.81433741,-0.35349996
oe:player:a0cff4167fb5c141dd41760bcf18b6d,eaRyz,oe:team:6e322bda09963acbe90845ce95e76f4,Team UNiTY,jng,2025-07-20,2,373.46802644,478.91559106,-0.58215786
oe:player:a0cff4167fb5c141dd41760bcf18b6d,eaRyz,oe:team:6e322bda09963acbe90845ce95e76f4,Team UNiTY,jng,2025-07-25,3,339.30925237,454.13448305,-0.63393034
oe:player:a0cff4167fb5c141dd41760bcf18b6d,eaRyz,oe:team:6e322bda09963acbe90845ce95e76f4,Team UNiTY,jng,2025-07-27,2,333.76159598,464.72388783,-0.72302028
oe:player:a0cff4167fb5c141dd41760bcf18b6d,eaRyz,oe:team:6e322bda09963acbe90845ce95e76f4,Team UNiTY,jng,2025-07-29,2,495.38251811,509.32233759,-0.07695935
oe:player:a0cff4167fb5c141dd41760bcf18b6d,eaRyz,oe:team:6e322bda09963acbe90845ce95e76f4,Team UNiTY,jng,2025-08-05,2,560.87088777,486.12472692,0.41266069
oe:player:a0cff4167fb5c141dd41760bcf18b6d,eaRyz,oe:team:6e322bda09963acbe90845ce95e76f4,Team UNiTY,jng,2025-08-11,3,657.22882212,555.64776501,0.55055106
oe:player:a0cff4167fb5c141dd41760bcf18b6d,eaRyz,oe:team:6e322bda09963acbe90845ce95e76f4,Team UNiTY,jng,2025-08-23,3,369.72278332,465.38524830,-0.51847335
oe:player:a11a2f5bbd0604fc798b5b63c9b38ba,Pipibaat,oe:team:a1f7a79516b418bae38cd4d5b46903e,Tan'i eSports CZ,jng,2025-04-18,3,432.91105042,468.28254707,-0.17457269
oe:player:a11a2f5bbd0604fc798b5b63c9b38ba,Pipibaat,oe:team:a1f7a79516b418bae38cd4d5b46903e,Tan'i eSports CZ,jng,2025-04-22,2,409.59943283,461.02139379,-0.25378824
oe:player:a11a2f5bbd0604fc798b5b63c9b38ba,Pipibaat,oe:team:a1f7a79516b418bae38cd4d5b46903e,Tan'i eSports CZ,jng,2025-04-29,3,811.98546090,487.62269390,1.60086186
oe:player:a11a2f5bbd0604fc798b5b63c9b38ba,Pipibaat,oe:team:a1f7a79516b418bae38cd4d5b46903e,Tan'i eSports CZ,jng,2025-05-06,3,407.63073196,466.03908071,-0.28826890
oe:player:a11a2f5bbd0604fc798b5b63c9b38ba,Pipibaat,oe:team:a1f7a79516b418bae38cd4d5b46903e,Tan'i eSports CZ,jng,2025-05-09,2,386.72162899,411.56677387,-0.12262087
oe:player:a11a2f5bbd0604fc798b5b63c9b38ba,Pipibaat,oe:team:a1f7a79516b418bae38cd4d5b46903e,Tan'i eSports CZ,jng,2025-05-15,5,402.42021872,472.73654129,-0.37965186
oe:player:a11a2f5bbd0604fc798b5b63c9b38ba,Pipibaat,oe:team:a1f7a79516b418bae38cd4d5b46903e,Tan'i eSports CZ,jng,2025-05-23,3,402.76287983,471.20849754,-0.36955155
oe:player:a2343d04ce4dafae3aa458b006ec880,Fallen,oe:team:ddb6aa775eebeffd5cc41ba5c35c6a1,BRUTE,jng,2025-04-18,2,457.05777946,432.08957409,0.12322822
oe:player:a2343d04ce4dafae3aa458b006ec880,Fallen,oe:team:ddb6aa775eebeffd5cc41ba5c35c6a1,BRUTE,jng,2025-04-22,3,445.68225492,473.42965137,-0.13694466
oe:player:a2343d04ce4dafae3aa458b006ec880,Fallen,oe:team:ddb6aa775eebeffd5cc41ba5c35c6a1,BRUTE,jng,2025-04-29,3,486.77693694,498.92513658,-0.05995629
oe:player:a2343d04ce4dafae3aa458b006ec880,Fallen,oe:team:ddb6aa775eebeffd5cc41ba5c35c6a1,BRUTE,jng,2025-05-06,2,563.69747879,431.63966329,0.65175890
oe:player:a2343d04ce4dafae3aa458b006ec880,Fallen,oe:team:ddb6aa775eebeffd5cc41ba5c35c6a1,BRUTE,jng,2025-05-09,2,420.05145480,464.41340823,-0.21894424
oe:player:a322887f1f9792197e30825f1a6571d,Addusto,oe:team:ddb6aa775eebeffd5cc41ba5c35c6a1,BRUTE,top,2025-04-18,2,694.29903389,575.84234795,0.62609411
oe:player:a322887f1f9792197e30825f1a6571d,Addusto,oe:team:ddb6aa775eebeffd5cc41ba5c35c6a1,BRUTE,top,2025-04-22,3,668.36331480,597.88470354,0.37250952
oe:player:a322887f1f9792197e30825f1a6571d,Addusto,oe:team:ddb6aa775eebeffd5cc41ba5c35c6a1,BRUTE,top,2025-04-29,3,638.46042070,610.14858723,0.14964011
oe:player:a322887f1f9792197e30825f1a6571d,Addusto,oe:team:ddb6aa775eebeffd5cc41ba5c35c6a1,BRUTE,top,2025-05-06,2,583.99541285,579.89008436,0.02169841
oe:player:a322887f1f9792197e30825f1a6571d,Addusto,oe:team:ddb6aa775eebeffd5cc41ba5c35c6a1,BRUTE,top,2025-05-09,2,555.04693916,631.49579425,-0.40406480
oe:player:a39d2bfa964a33bd2781fd469425c3f,VaSKED,oe:team:a1f7a79516b418bae38cd4d5b46903e,Tan'i eSports CZ,sup,2025-04-18,3,247.39064739,266.83377422,-0.28954560
oe:player:a39d2bfa964a33bd2781fd469425c3f,VaSKED,oe:team:a1f7a79516b418bae38cd4d5b46903e,Tan'i eSports CZ,sup,2025-04-22,2,156.87523822,252.41556801,-1.42277948
oe:player:a39d2bfa964a33bd2781fd469425c3f,VaSKED,oe:team:a1f7a79516b418bae38cd4d5b46903e,Tan'i eSports CZ,sup,2025-04-29,3,247.90583172,251.14451105,-0.04823017
oe:player:a39d2bfa964a33bd2781fd469425c3f,VaSKED,oe:team:a1f7a79516b418bae38cd4d5b46903e,Tan'i eSports CZ,sup,2025-05-06,3,228.58401351,268.86773007,-0.59990211
oe:player:a39d2bfa964a33bd2781fd469425c3f,VaSKED,oe:team:a1f7a79516b418bae38cd4d5b46903e,Tan'i eSports CZ,sup,2025-05-09,2,181.67081060,219.23112732,-0.55934544
oe:player:a39d2bfa964a33bd2781fd469425c3f,VaSKED,oe:team:a1f7a79516b418bae38cd4d5b46903e,Tan'i eSports CZ,sup,2025-05-15,5,184.15910602,242.03058197,-0.78335393
oe:player:a39d2bfa964a33bd2781fd469425c3f,VaSKED,oe:team:a1f7a79516b418bae38cd4d5b46903e,Tan'i eSports CZ,sup,2025-05-23,3,147.69004054,209.53311328,-0.83711385
oe:player:a62e7e1e4dfd211e99796aebb24dd87,welcom,oe:team:3faefd9245a4ef6ba347fbcf2a51515,eSuba,top,2025-04-22,3,747.79697762,631.96430297,0.61222509
oe:player:a62e7e1e4dfd211e99796aebb24dd87,welcom,oe:team:3faefd9245a4ef6ba347fbcf2a51515,eSuba,top,2025-04-25,3,945.31436804,661.80165609,1.49848560
oe:player:a62e7e1e4dfd211e99796aebb24dd87,welcom,oe:team:3faefd9245a4ef6ba347fbcf2a51515,eSuba,top,2025-05-02,2,793.92357642,678.00517831,0.61267817
oe:player:a62e7e1e4dfd211e99796aebb24dd87,welcom,oe:team:3faefd9245a4ef6ba347fbcf2a51515,eSuba,top,2025-05-08,3,704.03323477,618.37568062,0.45273671
oe:player:a62e7e1e4dfd211e99796aebb24dd87,welcom,oe:team:3faefd9245a4ef6ba347fbcf2a51515,eSuba,top,2025-05-13,4,677.18064222,682.13849537,-0.02491737
oe:player:a62e7e1e4dfd211e99796aebb24dd87,welcom,oe:team:3faefd9245a4ef6ba347fbcf2a51515,eSuba,top,2025-05-20,4,713.50464905,639.16882076,0.37359991
oe:player:a62e7e1e4dfd211e99796aebb24dd87,welcom,oe:team:3faefd9245a4ef6ba347fbcf2a51515,eSuba,top,2025-05-27,4,600.65483907,634.59893041,-0.17059754
oe:player:a62e7e1e4dfd211e99796aebb24dd87,welcom,oe:team:3faefd9245a4ef6ba347fbcf2a51515,eSuba,top,2025-05-30,4,549.97992499,596.99352783,-0.23628280
oe:player:a62e7e1e4dfd211e99796aebb24dd87,welcom,oe:team:a1f7a79516b418bae38cd4d5b46903e,Tan'i eSports CZ,top,2025-07-19,2,744.39763991,598.05866973,0.73547611
oe:player:a62e7e1e4dfd211e99796aebb24dd87,welcom,oe:team:a1f7a79516b418bae38cd4d5b46903e,Tan'i eSports CZ,top,2025-07-20,3,556.35423631,605.68736721,-0.24765099
oe:player:a62e7e1e4dfd211e99796aebb24dd87,welcom,oe:team:a1f7a79516b418bae38cd4d5b46903e,Tan'i eSports CZ,top,2025-07-25,2,995.73649614,713.59869293,1.41632420
oe:player:a62e7e1e4dfd211e99796aebb24dd87,welcom,oe:team:a1f7a79516b418bae38cd4d5b46903e,Tan'i eSports CZ,top,2025-07-26,3,798.44093197,640.54743599,0.79262111
oe:player:a62e7e1e4dfd211e99796aebb24dd87,welcom,oe:team:a1f7a79516b418bae38cd4d5b46903e,Tan'i eSports CZ,top,2025-08-01,2,991.10957598,761.60558831,1.15210386
oe:player:a62e7e1e4dfd211e99796aebb24dd87,welcom,oe:team:a1f7a79516b418bae38cd4d5b46903e,Tan'i eSports CZ,top,2025-08-08,3,653.17850734,597.59099332,0.27904783
oe:player:a62e7e1e4dfd211e99796aebb24dd87,welcom,oe:team:a1f7a79516b418bae38cd4d5b46903e,Tan'i eSports CZ,top,2025-08-11,2,971.55594901,737.01952750,1.13951288
oe:player:a62e7e1e4dfd211e99796aebb24dd87,welcom,oe:team:a1f7a79516b418bae38cd4d5b46903e,Tan'i eSports CZ,top,2025-08-17,4,849.37871543,627.95794675,1.07578950
oe:player:a62e7e1e4dfd211e99796aebb24dd87,welcom,oe:team:a1f7a79516b418bae38cd4d5b46903e,Tan'i eSports CZ,top,2025-08-23,3,780.98761475,649.19375204,0.64033042
oe:player:a62e7e1e4dfd211e99796aebb24dd87,welcom,oe:team:a1f7a79516b418bae38cd4d5b46903e,Tan'i eSports CZ,top,2025-08-24,3,887.84329428,693.54686048,0.94400387
oe:player:a6aa4786c309511bd63cd8f39bc3e4b,Munet,oe:team:ddb6aa775eebeffd5cc41ba5c35c6a1,BRUTE,bot,2025-07-26,2,203.50248834,677.99786023,-2.08578834
oe:player:a6aa4786c309511bd63cd8f39bc3e4b,Munet,oe:team:ddb6aa775eebeffd5cc41ba5c35c6a1,BRUTE,mid,2025-07-20,2,498.23468825,651.32157149,-0.72818384
oe:player:a6aa4786c309511bd63cd8f39bc3e4b,Munet,oe:team:ddb6aa775eebeffd5cc41ba5c35c6a1,BRUTE,sup,2025-07-29,2,99.67130490,238.12866780,-1.80828430
oe:player:a6aa4786c309511bd63cd8f39bc3e4b,Munet,oe:team:ddb6aa775eebeffd5cc41ba5c35c6a1,BRUTE,sup,2025-08-05,2,187.66281173,257.15366959,-0.90756623
oe:player:a6aa4786c309511bd63cd8f39bc3e4b,Munet,oe:team:ddb6aa775eebeffd5cc41ba5c35c6a1,BRUTE,sup,2025-08-11,2,317.39242210,267.31746725,0.61041242
oe:player:ab9366914e9c694eeb87a3565721379,Akanania,oe:team:6e322bda09963acbe90845ce95e76f4,Team UNiTY,bot,2025-07-19,2,659.41963168,709.10925380,-0.23807785
oe:player:ab9366914e9c694eeb87a3565721379,Akanania,oe:team:6e322bda09963acbe90845ce95e76f4,Team UNiTY,bot,2025-07-20,2,718.48256591,685.04289976,0.14699420
oe:player:ab9366914e9c694eeb87a3565721379,Akanania,oe:team:6e322bda09963acbe90845ce95e76f4,Team UNiTY,bot,2025-07-25,3,643.77768536,670.39288517,-0.11699518
oe:player:ab9366914e9c694eeb87a3565721379,Akanania,oe:team:6e322bda09963acbe90845ce95e76f4,Team UNiTY,bot,2025-07-27,2,265.22608357,627.57255034,-1.59280381
oe:player:ab9366914e9c694eeb87a3565721379,Akanania,oe:team:6e322bda09963acbe90845ce95e76f4,Team UNiTY,bot,2025-07-29,2,624.42489219,769.29027129,-0.63679972
oe:player:ab9366914e9c694eeb87a3565721379,Akanania,oe:team:6e322bda09963acbe90845ce95e76f4,Team UNiTY,bot,2025-08-05,2,899.39295782,657.84941095,1.06177793
oe:player:ab9366914e9c694eeb87a3565721379,Akanania,oe:team:6e322bda09963acbe90845ce95e76f4,Team UNiTY,bot,2025-08-11,3,972.34801169,759.86180366,0.93470601
oe:player:ae1ff54dadd99e50982a3b18a489389,Seelame,oe:team:6e322bda09963acbe90845ce95e76f4,Team UNiTY,bot,2025-05-09,2,878.43255480,658.22865183,1.17057966
oe:player:ae50e71f31d35aee5c589498e3c1b17,nicolaiy,oe:team:5e86e312935ad545ee215e67adcee9c,GLORE,jng,2025-07-27,3,406.57574439,406.34898512,0.00125190
oe:player:ae50e71f31d35aee5c589498e3c1b17,nicolaiy,oe:team:5e86e312935ad545ee215e67adcee9c,GLORE,jng,2025-08-01,2,571.46521359,493.26126630,0.43175054
oe:player:ae50e71f31d35aee5c589498e3c1b17,nicolaiy,oe:team:5e86e312935ad545ee215e67adcee9c,GLORE,jng,2025-08-05,2,796.27659547,486.14321746,1.71219302
oe:player:ae50e71f31d35aee5c589498e3c1b17,nicolaiy,oe:team:5e86e312935ad545ee215e67adcee9c,GLORE,jng,2025-08-11,3,478.25986952,483.41714137,-0.02795149
oe:player:b1f24dee644d5e76deb2b3806d64d9d,Daksider,oe:team:6e322bda09963acbe90845ce95e76f4,Team UNiTY,bot,2025-04-24,3,675.65582781,682.03670655,-0.03392005
oe:player:b1f24dee644d5e76deb2b3806d64d9d,Daksider,oe:team:6e322bda09963acbe90845ce95e76f4,Team UNiTY,bot,2025-04-29,2,821.52443319,627.71239812,1.03028340
oe:player:b1f24dee644d5e76deb2b3806d64d9d,Daksider,oe:team:6e322bda09963acbe90845ce95e76f4,Team UNiTY,bot,2025-05-06,3,733.04769206,663.93437144,0.36739879
oe:player:b1f24dee644d5e76deb2b3806d64d9d,Daksider,oe:team:6e322bda09963acbe90845ce95e76f4,Team UNiTY,bot,2025-05-14,3,485.70293812,639.93299440,-0.73896236
oe:player:b1f24dee644d5e76deb2b3806d64d9d,Daksider,oe:team:6e322bda09963acbe90845ce95e76f4,Team UNiTY,bot,2025-05-15,5,644.22192456,691.63896192,-0.22718922
oe:player:b6d3661d0e5b3a8a54971329bdaed35,Peaker,oe:team:5e86e312935ad545ee215e67adcee9c,GLORE,mid,2025-07-22,2,432.79417510,611.47976194,-0.84994843
oe:player:b6d3661d0e5b3a8a54971329bdaed35,Peaker,oe:team:5e86e312935ad545ee215e67adcee9c,GLORE,mid,2025-07-27,3,783.72782744,628.05775529,0.74047122
oe:player:b6d3661d0e5b3a8a54971329bdaed35,Peaker,oe:team:5e86e312935ad545ee215e67adcee9c,GLORE,mid,2025-08-01,2,844.31210601,697.03082539,0.70056850
oe:player:b6d3661d0e5b3a8a54971329bdaed35,Peaker,oe:team:5e86e312935ad545ee215e67adcee9c,GLORE,mid,2025-08-05,2,927.70224801,681.79553731,1.16969716
oe:player:b6d3661d0e5b3a8a54971329bdaed35,Peaker,oe:team:5e86e312935ad545ee215e67adcee9c,GLORE,mid,2025-08-11,3,840.40413534,662.76714506,0.80380583
oe:player:ba1c003769638fb7993b8d39e47b8a0,KNEZA,oe:team:ddb6aa775eebeffd5cc41ba5c35c6a1,BRUTE,bot,2025-07-20,4,704.66217329,649.62226038,0.24194463
oe:player:ba1c003769638fb7993b8d39e47b8a0,KNEZA,oe:team:ddb6aa775eebeffd5cc41ba5c35c6a1,BRUTE,bot,2025-07-22,2,497.33582789,657.95316098,-0.70604221
oe:player:ba1c003769638fb7993b8d39e47b8a0,KNEZA,oe:team:ddb6aa775eebeffd5cc41ba5c35c6a1,BRUTE,bot,2025-07-29,2,533.41577867,651.14402196,-0.51751021
oe:player:ba1c003769638fb7993b8d39e47b8a0,KNEZA,oe:team:ddb6aa775eebeffd5cc41ba5c35c6a1,BRUTE,bot,2025-08-05,2,715.22897100,684.69749247,0.13421038
oe:player:ba1c003769638fb7993b8d39e47b8a0,KNEZA,oe:team:ddb6aa775eebeffd5cc41ba5c35c6a1,BRUTE,bot,2025-08-11,2,546.52740793,720.58209658,-0.76564952
oe:player:bb0b65400dfa98b18cc4287b86bd6de,Shourdy,oe:team:e3f89acb10ecd65327fa954ff2ec047,Dynamo Eclot,top,2025-04-18,3,604.80180657,557.43251534,0.25036691
oe:player:bb0b65400dfa98b18cc4287b86bd6de,Shourdy,oe:team:e3f89acb10ecd65327fa954ff2ec047,Dynamo Eclot,top,2025-04-24,2,539.57257550,528.06214821,0.06083752
oe:player:bb0b65400dfa98b18cc4287b86bd6de,Shourdy,oe:team:e3f89acb10ecd65327fa954ff2ec047,Dynamo Eclot,top,2025-04-25,3,683.00816035,559.83527037,0.65102126
oe:player:bb0b65400dfa98b18cc4287b86bd6de,Shourdy,oe:team:e3f89acb10ecd65327fa954ff2ec047,Dynamo Eclot,top,2025-05-02,2,641.12268843,514.49545778,0.66927892
oe:player:bb0b65400dfa98b18cc4287b86bd6de,Shourdy,oe:team:e3f89acb10ecd65327fa954ff2ec047,Dynamo Eclot,top,2025-05-08,3,742.61580271,597.01180440,0.76957923
oe:player:bb0b65400dfa98b18cc4287b86bd6de,Shourdy,oe:team:e3f89acb10ecd65327fa954ff2ec047,Dynamo Eclot,top,2025-05-16,5,497.24345643,605.65485757,-0.54485825
oe:player:bf0fcdb863d11c4f6e7802f434de734,Robocop,oe:team:06554c70cfe8a6be14b004b3c18abe6,Entropiq,top,2025-04-18,2,828.37893948,606.11759342,1.17474601
oe:player:bf0fcdb863d11c4f6e7802f434de734,Robocop,oe:team:06554c70cfe8a6be14b004b3c18abe6,Entropiq,top,2025-04-22,2,467.53050065,560.00400285,-0.48876190
oe:player:bf0fcdb863d11c4f6e7802f434de734,Robocop,oe:team:06554c70cfe8a6be14b004b3c18abe6,Entropiq,top,2025-04-25,2,746.80466411,652.06929139,0.50071685
oe:player:bf0fcdb863d11c4f6e7802f434de734,Robocop,oe:team:06554c70cfe8a6be14b004b3c18abe6,Entropiq,top,2025-05-02,2,641.75545213,610.95268903,0.16280574
oe:player:bf0fcdb863d11c4f6e7802f434de734,Robocop,oe:team:06554c70cfe8a6be14b004b3c18abe6,Entropiq,top,2025-05-08,3,494.35859609,590.11061330,-0.50609025
oe:player:bf0fcdb863d11c4f6e7802f434de734,Robocop,oe:team:06554c70cfe8a6be14b004b3c18abe6,Entropiq,top,2025-05-13,4,473.38921004,663.50983913,-0.95551568
oe:player:bf0fcdb863d11c4f6e7802f434de734,Robocop,oe:team:06554c70cfe8a6be14b004b3c18abe6,Entropiq,top,2025-05-16,5,607.03474141,703.52283765,-0.48493364
oe:player:bf0fcdb863d11c4f6e7802f434de734,Robocop,oe:team:06554c70cfe8a6be14b004b3c18abe6,Entropiq,top,2025-05-23,3,647.38556488,644.32437789,0.01538503
oe:player:bf0fcdb863d11c4f6e7802f434de734,Robocop,oe:team:06554c70cfe8a6be14b004b3c18abe6,Entropiq,top,2025-05-27,4,556.86989425,666.67142825,-0.55184484
oe:player:bf0fcdb863d11c4f6e7802f434de734,Robocop,oe:team:06554c70cfe8a6be14b004b3c18abe6,Entropiq,top,2025-07-20,5,701.07645048,690.80499596,0.05156243
oe:player:bf0fcdb863d11c4f6e7802f434de734,Robocop,oe:team:06554c70cfe8a6be14b004b3c18abe6,Entropiq,top,2025-07-25,3,526.13163938,648.01295674,-0.61184094
oe:player:bf0fcdb863d11c4f6e7802f434de734,Robocop,oe:team:06554c70cfe8a6be14b004b3c18abe6,Entropiq,top,2025-07-27,3,579.80507257,692.77952668,-0.56712873
oe:player:bf0fcdb863d11c4f6e7802f434de734,Robocop,oe:team:06554c70cfe8a6be14b004b3c18abe6,Entropiq,top,2025-08-01,2,666.40611745,641.47411769,0.12515797
oe:player:bf0fcdb863d11c4f6e7802f434de734,Robocop,oe:team:06554c70cfe8a6be14b004b3c18abe6,Entropiq,top,2025-08-08,2,660.27509497,623.42927696,0.18496502
oe:player:bf0fcdb863d11c4f6e7802f434de734,Robocop,oe:team:06554c70cfe8a6be14b004b3c18abe6,Entropiq,top,2025-08-12,2,600.97259719,659.08037504,-0.28232102
oe:player:bf0fcdb863d11c4f6e7802f434de734,Robocop,oe:team:06554c70cfe8a6be14b004b3c18abe6,Entropiq,top,2025-08-16,5,634.15885756,598.06335535,0.17537272
oe:player:bf0fcdb863d11c4f6e7802f434de734,Robocop,oe:team:06554c70cfe8a6be14b004b3c18abe6,Entropiq,top,2025-08-19,3,738.28203096,594.30321636,0.69953192
oe:player:bf0fcdb863d11c4f6e7802f434de734,Robocop,oe:team:06554c70cfe8a6be14b004b3c18abe6,Entropiq,top,2025-08-30,3,651.93616073,657.83452659,-0.02865766
oe:player:c02e230d02c0a012babdd6ec7c5e9d2,Wuis,oe:team:6e322bda09963acbe90845ce95e76f4,Team UNiTY,sup,2025-04-24,3,168.39134238,290.95949129,-1.82527575
oe:player:c02e230d02c0a012babdd6ec7c5e9d2,Wuis,oe:team:6e322bda09963acbe90845ce95e76f4,Team UNiTY,sup,2025-04-29,2,202.16318469,217.75332565,-0.23216722
oe:player:c02e230d02c0a012babdd6ec7c5e9d2,Wuis,oe:team:6e322bda09963acbe90845ce95e76f4,Team UNiTY,sup,2025-05-06,3,271.57882969,281.11695585,-0.14204107
oe:player:c02e230d02c0a012babdd6ec7c5e9d2,Wuis,oe:team:6e322bda09963acbe90845ce95e76f4,Team UNiTY,sup,2025-05-09,2,241.43428886,240.79584850,0.00950761
oe:player:c02e230d02c0a012babdd6ec7c5e9d2,Wuis,oe:team:6e322bda09963acbe90845ce95e76f4,Team UNiTY,sup,2025-05-14,3,241.24686076,249.03463649,-0.10541609
oe:player:c02e230d02c0a012babdd6ec7c5e9d2,Wuis,oe:team:6e322bda09963acbe90845ce95e76f4,Team UNiTY,sup,2025-05-15,5,309.24022034,267.58966638,0.56378595
oe:player:c032df73970ffb2f2b585d912f6b20d,Neramin,oe:team:5e86e312935ad545ee215e67adcee9c,GLORE,bot,2025-04-24,3,549.90340253,636.33154771,-0.45944249
oe:player:c032df73970ffb2f2b585d912f6b20d,Neramin,oe:team:5e86e312935ad545ee215e67adcee9c,GLORE,bot,2025-04-25,2,754.99286106,605.06579177,0.79699576
oe:player:c032df73970ffb2f2b585d912f6b20d,Neramin,oe:team:5e86e312935ad545ee215e67adcee9c,GLORE,bot,2025-05-02,2,547.55450079,612.99194053,-0.34785821
oe:player:c032df73970ffb2f2b585d912f6b20d,Neramin,oe:team:5e86e312935ad545ee215e67adcee9c,GLORE,bot,2025-05-08,3,739.04993510,624.78363729,0.60742704
oe:player:c334ee63e5cf0c65f52cefd3f68a7d2,Tamoz,oe:team:a1f7a79516b418bae38cd4d5b46903e,Tan'i eSports CZ,top,2025-04-18,3,838.74826258,620.06618388,1.15582805
oe:player:c334ee63e5cf0c65f52cefd3f68a7d2,Tamoz,oe:team:a1f7a79516b418bae38cd4d5b46903e,Tan'i eSports CZ,top,2025-04-22,2,685.64691149,624.78549265,0.32167856
oe:player:c334ee63e5cf0c65f52cefd3f68a7d2,Tamoz,oe:team:a1f7a79516b418bae38cd4d5b46903e,Tan'i eSports CZ,top,2025-04-29,3,633.94495620,566.56796186,0.35611615
oe:player:c334ee63e5cf0c65f52cefd3f68a7d2,Tamoz,oe:team:a1f7a79516b418bae38cd4d5b46903e,Tan'i eSports CZ,top,2025-05-06,3,590.79161333,605.21005803,-0.07620763
oe:player:c334ee63e5cf0c65f52cefd3f68a7d2,Tamoz,oe:team:a1f7a79516b418bae38cd4d5b46903e,Tan'i eSports CZ,top,2025-05-09,2,642.96515004,566.54024561,0.40393822
oe:player:c334ee63e5cf0c65f52cefd3f68a7d2,Tamoz,oe:team:a1f7a79516b418bae38cd4d5b46903e,Tan'i eSports CZ,top,2025-05-15,5,642.30107491,619.74594993,0.11335843
oe:player:c334ee63e5cf0c65f52cefd3f68a7d2,Tamoz,oe:team:a1f7a79516b418bae38cd4d5b46903e,Tan'i eSports CZ,top,2025-05-23,3,826.63428855,622.80200698,1.02442824
oe:player:cf009e2ce4392b47be19c983b6a7064,Strode,oe:team:06554c70cfe8a6be14b004b3c18abe6,Entropiq,bot,2025-04-18,2,831.49390315,647.10660467,0.98018254
oe:player:cf009e2ce4392b47be19c983b6a7064,Strode,oe:team:06554c70cfe8a6be14b004b3c18abe6,Entropiq,bot,2025-04-22,2,656.89555161,664.96749212,-0.04290955
oe:player:cf009e2ce4392b47be19c983b6a7064,Strode,oe:team:06554c70cfe8a6be14b004b3c18abe6,Entropiq,bot,2025-04-25,2,1004.41219436,669.30095439,1.78141439
oe:player:cf009e2ce4392b47be19c983b6a7064,Strode,oe:team:06554c70cfe8a6be14b004b3c18abe6,Entropiq,bot,2025-05-02,2,719.54796102,649.90353686,0.37022208
oe:player:cf009e2ce4392b47be19c983b6a7064,Strode,oe:team:06554c70cfe8a6be14b004b3c18abe6,Entropiq,bot,2025-05-08,3,626.01456955,653.14707375,-0.14423340
oe:player:cf009e2ce4392b47be19c983b6a7064,Strode,oe:team:06554c70cfe8a6be14b004b3c18abe6,Entropiq,bot,2025-05-13,4,514.32422802,708.77147660,-0.93165497
oe:player:cf009e2ce4392b47be19c983b6a7064,Strode,oe:team:06554c70cfe8a6be14b004b3c18abe6,Entropiq,bot,2025-05-16,5,680.74055124,750.00876773,-0.33188476
oe:player:cf009e2ce4392b47be19c983b6a7064,Strode,oe:team:06554c70cfe8a6be14b004b3c18abe6,Entropiq,bot,2025-05-23,3,907.10050484,687.68254260,1.05129713
oe:player:cf009e2ce4392b47be19c983b6a7064,Strode,oe:team:06554c70cfe8a6be14b004b3c18abe6,Entropiq,bot,2025-05-27,4,492.05667155,689.92773868,-0.94805951
oe:player:cf009e2ce4392b47be19c983b6a7064,Strode,oe:team:785213aebf3ebc4bf4e9aeef665d698,Nightbirds,bot,2025-07-19,3,828.02014710,757.10427113,0.33977919
oe:player:cf009e2ce4392b47be19c983b6a7064,Strode,oe:team:785213aebf3ebc4bf4e9aeef665d698,Nightbirds,bot,2025-07-20,2,896.43611832,810.70356148,0.37686346
oe:player:cf009e2ce4392b47be19c983b6a7064,Strode,oe:team:785213aebf3ebc4bf4e9aeef665d698,Nightbirds,bot,2025-07-22,2,732.01560895,823.26894775,-0.40113173
oe:player:cf009e2ce4392b47be19c983b6a7064,Strode,oe:team:785213aebf3ebc4bf4e9aeef665d698,Nightbirds,bot,2025-07-27,2,584.01493418,793.56607251,-0.92114559
oe:player:cf009e2ce4392b47be19c983b6a7064,Strode,oe:team:785213aebf3ebc4bf4e9aeef665d698,Nightbirds,bot,2025-08-01,2,661.68455911,751.84066849,-0.39630853
oe:player:cf009e2ce4392b47be19c983b6a7064,Strode,oe:team:785213aebf3ebc4bf4e9aeef665d698,Nightbirds,bot,2025-08-08,3,854.54438147,802.74316080,0.22770798
oe:player:cf009e2ce4392b47be19c983b6a7064,Strode,oe:team:785213aebf3ebc4bf4e9aeef665d698,Nightbirds,bot,2025-08-12,2,648.08610943,745.03341327,-0.42646169
oe:player:cf009e2ce4392b47be19c983b6a7064,Strode,oe:team:785213aebf3ebc4bf4e9aeef665d698,Nightbirds,bot,2025-08-17,4,747.17789911,758.98850806,-0.05195371
oe:player:cf009e2ce4392b47be19c983b6a7064,Strode,oe:team:785213aebf3ebc4bf4e9aeef665d698,Nightbirds,bot,2025-08-19,3,467.18057419,727.09346652,-1.14333135
oe:player:cf009e2ce4392b47be19c983b6a7064,Strode,oe:team:785213aebf3ebc4bf4e9aeef665d698,Nightbirds,bot,2025-08-29,3,460.27690336,756.62505265,-1.30360647
oe:player:d0c52a9400db78779e0baae662a3fc2,Adiss,oe:team:ddb6aa775eebeffd5cc41ba5c35c6a1,BRUTE,top,2025-08-05,2,456.63656735,669.87884338,-1.07047050
oe:player:d22aa92e1e9482e79e8a58fb42b5b7b,Malice,oe:team:5e86e312935ad545ee215e67adcee9c,GLORE,jng,2025-07-19,2,520.82629214,458.87636856,0.33448000
oe:player:d22aa92e1e9482e79e8a58fb42b5b7b,Malice,oe:team:5e86e312935ad545ee215e67adcee9c,GLORE,jng,2025-07-20,2,447.41126371,459.82541580,-0.06853640
oe:player:d2c3f469076bec7c92eb899661a441d,Bobsik,oe:team:6e322bda09963acbe90845ce95e76f4,Team UNiTY,top,2025-04-24,3,793.72771978,659.74255176,0.70816876
oe:player:d2c3f469076bec7c92eb899661a441d,Bobsik,oe:team:6e322bda09963acbe90845ce95e76f4,Team UNiTY,top,2025-04-29,2,506.03348716,556.19086221,-0.26510312
oe:player:d2c3f469076bec7c92eb899661a441d,Bobsik,oe:team:6e322bda09963acbe90845ce95e76f4,Team UNiTY,top,2025-05-06,3,789.08285368,631.05499769,0.83524462
oe:player:d2c3f469076bec7c92eb899661a441d,Bobsik,oe:team:6e322bda09963acbe90845ce95e76f4,Team UNiTY,top,2025-05-09,2,587.17510545,579.14470919,0.04244407
oe:player:d2c3f469076bec7c92eb899661a441d,Bobsik,oe:team:6e322bda09963acbe90845ce95e76f4,Team UNiTY,top,2025-05-14,3,495.99436049,605.98036721,-0.55277197
oe:player:d2c3f469076bec7c92eb899661a441d,Bobsik,oe:team:6e322bda09963acbe90845ce95e76f4,Team UNiTY,top,2025-05-15,5,807.02786708,654.46170367,0.76677298
oe:player:d2c3f469076bec7c92eb899661a441d,Bobsik,oe:team:6e322bda09963acbe90845ce95e76f4,Team UNiTY,top,2025-07-19,2,572.53674236,652.33737934,-0.40106516
oe:player:d2c3f469076bec7c92eb899661a441d,Bobsik,oe:team:6e322bda09963acbe90845ce95e76f4,Team UNiTY,top,2025-07-20,2,660.30080081,671.22401242,-0.05483423
oe:player:d2c3f469076bec7c92eb899661a441d,Bobsik,oe:team:6e322bda09963acbe90845ce95e76f4,Team UNiTY,top,2025-07-25,3,453.24966360,586.73757708,-0.67010574
oe:player:d2c3f469076bec7c92eb899661a441d,Bobsik,oe:team:6e322bda09963acbe90845ce95e76f4,Team UNiTY,top,2025-07-27,2,529.02286524,629.23798964,-0.50307724
oe:player:d2c3f469076bec7c92eb899661a441d,Bobsik,oe:team:6e322bda09963acbe90845ce95e76f4,Team UNiTY,top,2025-07-29,2,766.00112969,678.13186844,0.44110133
oe:player:d2c3f469076bec7c92eb899661a441d,Bobsik,oe:team:6e322bda09963acbe90845ce95e76f4,Team UNiTY,top,2025-08-05,2,605.56646035,617.59309196,-0.06037337
oe:player:d2c3f469076bec7c92eb899661a441d,Bobsik,oe:team:6e322bda09963acbe90845ce95e76f4,Team UNiTY,top,2025-08-11,3,599.01613382,711.37551415,-0.54590652
oe:player:d2c3f469076bec7c92eb899661a441d,Bobsik,oe:team:6e322bda09963acbe90845ce95e76f4,Team UNiTY,top,2025-08-23,3,610.53114109,630.89666465,-0.09894743
oe:player:dcd93cc48ba71890cc0580de524f536,FGG,oe:team:3faefd9245a4ef6ba347fbcf2a51515,eSuba,sup,2025-04-22,3,198.74939844,274.83353618,-1.13303932
oe:player:dcd93cc48ba71890cc0580de524f536,FGG,oe:team:3faefd9245a4ef6ba347fbcf2a51515,eSuba,sup,2025-04-25,3,245.54252983,306.60035522,-0.90926859
oe:player:dcd93cc48ba71890cc0580de524f536,FGG,oe:team:3faefd9245a4ef6ba347fbcf2a51515,eSuba,sup,2025-05-02,2,288.60853089,300.25253569,-0.17340165
oe:player:dcd93cc48ba71890cc0580de524f536,FGG,oe:team:3faefd9245a4ef6ba347fbcf2a51515,eSuba,sup,2025-05-08,3,196.99331377,267.38754278,-1.04830562
oe:player:dcd93cc48ba71890cc0580de524f536,FGG,oe:team:3faefd9245a4ef6ba347fbcf2a51515,eSuba,sup,2025-05-13,4,205.41097196,262.67502650,-0.77513181
oe:player:dcd93cc48ba71890cc0580de524f536,FGG,oe:team:3faefd9245a4ef6ba347fbcf2a51515,eSuba,sup,2025-05-20,4,232.33734887,254.02003459,-0.29349894
oe:player:dcd93cc48ba71890cc0580de524f536,FGG,oe:team:3faefd9245a4ef6ba347fbcf2a51515,eSuba,sup,2025-05-27,4,205.45379406,240.03716005,-0.46812381
oe:player:dcd93cc48ba71890cc0580de524f536,FGG,oe:team:3faefd9245a4ef6ba347fbcf2a51515,eSuba,sup,2025-05-30,4,215.81826313,229.56638332,-0.18609589
oe:player:de8ee8c5d6fc0e3a2fe84e0a4f4d1a0,WalliR,oe:team:ddb6aa775eebeffd5cc41ba5c35c6a1,BRUTE,mid,2025-07-20,2,584.96013783,635.71616808,-0.24142970
oe:player:de8ee8c5d6fc0e3a2fe84e0a4f4d1a0,WalliR,oe:team:ddb6aa775eebeffd5cc41ba5c35c6a1,BRUTE,mid,2025-07-22,2,566.66700056,694.90901615,-0.61000499
oe:player:de8ee8c5d6fc0e3a2fe84e0a4f4d1a0,WalliR,oe:team:ddb6aa775eebeffd5cc41ba5c35c6a1,BRUTE,mid,2025-07-26,2,692.08047282,682.74857924,0.04438874
oe:player:de8ee8c5d6fc0e3a2fe84e0a4f4d1a0,WalliR,oe:team:ddb6aa775eebeffd5cc41ba5c35c6a1,BRUTE,mid,2025-07-29,2,508.15220343,631.04846435,-0.58457700
oe:player:de8ee8c5d6fc0e3a2fe84e0a4f4d1a0,WalliR,oe:team:ddb6aa775eebeffd5cc41ba5c35c6a1,BRUTE,mid,2025-08-05,2,544.05986256,683.19354774,-0.66181307
oe:player:de8ee8c5d6fc0e3a2fe84e0a4f4d1a0,WalliR,oe:team:ddb6aa775eebeffd5cc41ba5c35c6a1,BRUTE,mid,2025-08-11,2,426.53080737,686.82917665,-1.17784785
oe:player:e0daa0771860e3d83d606124d50977e,Aymen,oe:team:6e322bda09963acbe90845ce95e76f4,Team UNiTY,sup,2025-07-19,2,218.33613445,238.01921453,-0.26643209
oe:player:e0daa0771860e3d83d606124d50977e,Aymen,oe:team:6e322bda09963acbe90845ce95e76f4,Team UNiTY,sup,2025-07-20,2,226.05493678,221.32671425,0.06175165
oe:player:e0daa0771860e3d83d606124d50977e,Aymen,oe:team:6e322bda09963acbe90845ce95e76f4,Team UNiTY,sup,2025-07-25,3,182.90190505,182.13699340,0.00998992
oe:player:e0daa0771860e3d83d606124d50977e,Aymen,oe:team:6e322bda09963acbe90845ce95e76f4,Team UNiTY,sup,2025-07-27,2,171.13590155,221.05173663,-0.65191203
oe:player:e0daa0771860e3d83d606124d50977e,Aymen,oe:team:6e322bda09963acbe90845ce95e76f4,Team UNiTY,sup,2025-07-29,2,276.95430204,279.31136763,-0.03078381
oe:player:e0daa0771860e3d83d606124d50977e,Aymen,oe:team:6e322bda09963acbe90845ce95e76f4,Team UNiTY,sup,2025-08-05,2,146.02017479,211.13645622,-0.85043328
oe:player:e0daa0771860e3d83d606124d50977e,Aymen,oe:team:6e322bda09963acbe90845ce95e76f4,Team UNiTY,sup,2025-08-11,3,238.20516728,298.62610494,-0.73652968
oe:player:e73f5f61a0522ff9b0916048f31908c,tonyroo,oe:team:5e86e312935ad545ee215e67adcee9c,GLORE,top,2025-07-22,2,543.06747638,572.20487014,-0.14626893
oe:player:e73f5f61a0522ff9b0916048f31908c,tonyroo,oe:team:5e86e312935ad545ee215e67adcee9c,GLORE,top,2025-08-01,2,391.02445211,596.31921106,-1.03057418
oe:player:eaee5a7ad7c9bc645114d51d039f2fb,Tibor,oe:team:a1f7a79516b418bae38cd4d5b46903e,Tan'i eSports CZ,mid,2025-07-19,2,981.69211514,643.09857297,1.63644380
oe:player:eaee5a7ad7c9bc645114d51d039f2fb,Tibor,oe:team:a1f7a79516b418bae38cd4d5b46903e,Tan'i eSports CZ,mid,2025-07-20,3,868.22744264,661.58142443,0.98294699
oe:player:eaee5a7ad7c9bc645114d51d039f2fb,Tibor,oe:team:a1f7a79516b418bae38cd4d5b46903e,Tan'i eSports CZ,mid,2025-07-25,2,1101.76354048,721.04965663,1.81093044
oe:player:eaee5a7ad7c9bc645114d51d039f2fb,Tibor,oe:team:a1f7a79516b418bae38cd4d5b46903e,Tan'i eSports CZ,mid,2025-07-26,3,711.36003755,708.61749733,0.01304536
oe:player:eaee5a7ad7c9bc645114d51d039f2fb,Tibor,oe:team:a1f7a79516b418bae38cd4d5b46903e,Tan'i eSports CZ,mid,2025-08-01,2,888.84621224,728.40533497,0.76316436
oe:player:eaee5a7ad7c9bc645114d51d039f2fb,Tibor,oe:team:a1f7a79516b418bae38cd4d5b46903e,Tan'i eSports CZ,mid,2025-08-08,3,898.30439945,650.15956090,1.18034320
oe:player:eaee5a7ad7c9bc645114d51d039f2fb,Tibor,oe:team:a1f7a79516b418bae38cd4d5b46903e,Tan'i eSports CZ,mid,2025-08-11,2,611.11706799,771.23085713,-0.72451350
oe:player:eaee5a7ad7c9bc645114d51d039f2fb,Tibor,oe:team:a1f7a79516b418bae38cd4d5b46903e,Tan'i eSports CZ,mid,2025-08-17,4,726.48769440,657.53994668,0.31198796
oe:player:eaee5a7ad7c9bc645114d51d039f2fb,Tibor,oe:team:a1f7a79516b418bae38cd4d5b46903e,Tan'i eSports CZ,mid,2025-08-23,3,865.27033010,703.29035409,0.73295798
oe:player:eaee5a7ad7c9bc645114d51d039f2fb,Tibor,oe:team:a1f7a79516b418bae38cd4d5b46903e,Tan'i eSports CZ,mid,2025-08-24,3,586.72138288,681.72285189,-0.42988082
oe:player:eaee5a7ad7c9bc645114d51d039f2fb,Tibor,oe:team:ddb6aa775eebeffd5cc41ba5c35c6a1,BRUTE,mid,2025-04-18,2,824.11931653,618.55931755,0.95528956
oe:player:eaee5a7ad7c9bc645114d51d039f2fb,Tibor,oe:team:ddb6aa775eebeffd5cc41ba5c35c6a1,BRUTE,mid,2025-04-22,3,839.26200021,656.82602314,0.84782635
oe:player:eaee5a7ad7c9bc645114d51d039f2fb,Tibor,oe:team:ddb6aa775eebeffd5cc41ba5c35c6a1,BRUTE,mid,2025-04-29,3,615.18130718,643.54265666,-0.13180240
oe:player:eaee5a7ad7c9bc645114d51d039f2fb,Tibor,oe:team:ddb6aa775eebeffd5cc41ba5c35c6a1,BRUTE,mid,2025-05-06,2,724.52817256,621.27978891,0.47982148
oe:player:eaee5a7ad7c9bc645114d51d039f2fb,Tibor,oe:team:ddb6aa775eebeffd5cc41ba5c35c6a1,BRUTE,mid,2025-05-09,2,811.86063078,621.34999070,0.88535137
oe:player:f084d3f140fa7e4bcade94ba743b164,Vespa,oe:team:3faefd9245a4ef6ba347fbcf2a51515,eSuba,bot,2025-04-22,3,760.28705684,666.37055725,0.49924975
oe:player:f084d3f140fa7e4bcade94ba743b164,Vespa,oe:team:3faefd9245a4ef6ba347fbcf2a51515,eSuba,bot,2025-04-25,3,1173.01000767,667.47745928,2.68735527
oe:player:f084d3f140fa7e4bcade94ba743b164,Vespa,oe:team:3faefd9245a4ef6ba347fbcf2a51515,eSuba,bot,2025-05-02,2,1021.29868929,724.12796681,1.57972678
oe:player:f084d3f140fa7e4bcade94ba743b164,Vespa,oe:team:3faefd9245a4ef6ba347fbcf2a51515,eSuba,bot,2025-05-08,3,650.59607391,640.24481148,0.05502617
oe:player:f084d3f140fa7e4bcade94ba743b164,Vespa,oe:team:3faefd9245a4ef6ba347fbcf2a51515,eSuba,bot,2025-05-13,4,749.74008151,713.73098790,0.17253035
oe:player:f084d3f140fa7e4bcade94ba743b164,Vespa,oe:team:3faefd9245a4ef6ba347fbcf2a51515,eSuba,bot,2025-05-20,4,647.07426363,677.90461072,-0.14771742
oe:player:f084d3f140fa7e4bcade94ba743b164,Vespa,oe:team:3faefd9245a4ef6ba347fbcf2a51515,eSuba,bot,2025-05-27,4,831.91014930,677.93266642,0.73775221
oe:player:f084d3f140fa7e4bcade94ba743b164,Vespa,oe:team:3faefd9245a4ef6ba347fbcf2a51515,eSuba,bot,2025-05-30,4,549.47165169,673.58348183,-0.59465692
oe:player:f084d3f140fa7e4bcade94ba743b164,Vespa,oe:team:3faefd9245a4ef6ba347fbcf2a51515,eSuba,bot,2025-07-19,2,605.19097222,742.31317934,-0.65699354
oe:player:f084d3f140fa7e4bcade94ba743b164,Vespa,oe:team:3faefd9245a4ef6ba347fbcf2a51515,eSuba,bot,2025-07-20,2,675.64079289,717.40071405,-0.18356840
oe:player:f084d3f140fa7e4bcade94ba743b164,Vespa,oe:team:3faefd9245a4ef6ba347fbcf2a51515,eSuba,bot,2025-07-22,2,575.60655398,758.24493668,-0.80284241
oe:player:f084d3f140fa7e4bcade94ba743b164,Vespa,oe:team:3faefd9245a4ef6ba347fbcf2a51515,eSuba,bot,2025-07-26,3,624.32955862,746.25426100,-0.53595701
oe:player:f084d3f140fa7e4bcade94ba743b164,Vespa,oe:team:3faefd9245a4ef6ba347fbcf2a51515,eSuba,bot,2025-07-29,2,878.29651195,772.92649660,0.46318587
oe:player:f084d3f140fa7e4bcade94ba743b164,Vespa,oe:team:3faefd9245a4ef6ba347fbcf2a51515,eSuba,bot,2025-08-08,2,1022.64423516,655.41510424,1.61426704
oe:player:f084d3f140fa7e4bcade94ba743b164,Vespa,oe:team:3faefd9245a4ef6ba347fbcf2a51515,eSuba,bot,2025-08-12,2,829.89682820,709.74637936,0.52853005
oe:player:f084d3f140fa7e4bcade94ba743b164,Vespa,oe:team:3faefd9245a4ef6ba347fbcf2a51515,eSuba,bot,2025-08-16,5,758.68982104,672.25270672,0.38022840
oe:player:f084d3f140fa7e4bcade94ba743b164,Vespa,oe:team:3faefd9245a4ef6ba347fbcf2a51515,eSuba,bot,2025-08-23,3,1137.51278874,759.52978228,1.66271021
oe:player:f084d3f140fa7e4bcade94ba743b164,Vespa,oe:team:3faefd9245a4ef6ba347fbcf2a51515,eSuba,bot,2025-08-24,3,711.19190338,720.20894488,-0.03966508
oe:player:f084d3f140fa7e4bcade94ba743b164,Vespa,oe:team:3faefd9245a4ef6ba347fbcf2a51515,eSuba,bot,2025-08-29,3,701.49518186,693.71148348,0.03423973
oe:player:f084d3f140fa7e4bcade94ba743b164,Vespa,oe:team:3faefd9245a4ef6ba347fbcf2a51515,eSuba,bot,2025-08-30,3,941.56993103,705.33285114,1.03918377
oe:player:f216690ac90e0a1c2097a616cb4453e,Sparz,oe:team:5e86e312935ad545ee215e67adcee9c,GLORE,sup,2025-04-24,3,156.93570818,218.60853891,-0.91842721
oe:player:f216690ac90e0a1c2097a616cb4453e,Sparz,oe:team:5e86e312935ad545ee215e67adcee9c,GLORE,sup,2025-04-25,2,238.08316202,188.47361627,0.73878166
oe:player:f216690ac90e0a1c2097a616cb4453e,Sparz,oe:team:5e86e312935ad545ee215e67adcee9c,GLORE,sup,2025-05-02,2,358.23039941,226.90324077,1.95571427
oe:player:f216690ac90e0a1c2097a616cb4453e,Sparz,oe:team:5e86e312935ad545ee215e67adcee9c,GLORE,sup,2025-05-08,3,198.79307585,211.75078825,-0.19296529
oe:player:f3f1edfba7200c65b417d359a6f9c82,pr1me,oe:team:5e86e312935ad545ee215e67adcee9c,GLORE,top,2025-04-24,3,495.67405623,567.23069090,-0.37820733
oe:player:f3f1edfba7200c65b417d359a6f9c82,pr1me,oe:team:5e86e312935ad545ee215e67adcee9c,GLORE,top,2025-04-25,2,498.02475052,522.10748263,-0.12728751
oe:player:f3f1edfba7200c65b417d359a6f9c82,pr1me,oe:team:5e86e312935ad545ee215e67adcee9c,GLORE,top,2025-05-08,3,809.68360796,579.01721086,1.21917029
oe:player:f5d24579082a4869432dbecce0afef3,Guli,oe:team:e3f89acb10ecd65327fa954ff2ec047,Dynamo Eclot,jng,2025-04-18,3,468.21406329,470.92601904,-0.01338460
oe:player:f5d24579082a4869432dbecce0afef3,Guli,oe:team:e3f89acb10ecd65327fa954ff2ec047,Dynamo Eclot,jng,2025-04-24,2,565.31574905,433.65962721,0.64977638
oe:player:f5d24579082a4869432dbecce0afef3,Guli,oe:team:e3f89acb10ecd65327fa954ff2ec047,Dynamo Eclot,jng,2025-04-25,3,451.21607425,453.31820567,-0.01037487
oe:player:f5d24579082a4869432dbecce0afef3,Guli,oe:team:e3f89acb10ecd65327fa954ff2ec047,Dynamo Eclot,jng,2025-05-02,2,356.11269193,413.41081335,-0.28278948
oe:player:f5d24579082a4869432dbecce0afef3,Guli,oe:team:e3f89acb10ecd65327fa954ff2ec047,Dynamo Eclot,jng,2025-05-08,3,544.39718448,467.63918884,0.37883185
oe:player:f5d24579082a4869432dbecce0afef3,Guli,oe:team:e3f89acb10ecd65327fa954ff2ec047,Dynamo Eclot,jng,2025-05-16,5,366.56030946,459.99688598,-0.50448273
oe:player:f8d698aea36fcbead2b9d5359ffca76,Smarty,oe:team:a1f7a79516b418bae38cd4d5b46903e,Tan'i eSports CZ,sup,2025-07-19,2,241.63060969,197.28422464,0.60027698
oe:player:f8d698aea36fcbead2b9d5359ffca76,Smarty,oe:team:a1f7a79516b418bae38cd4d5b46903e,Tan'i eSports CZ,sup,2025-07-20,3,179.68055483,201.13242929,-0.28016630
oe:player:f8d698aea36fcbead2b9d5359ffca76,Smarty,oe:team:a1f7a79516b418bae38cd4d5b46903e,Tan'i eSports CZ,sup,2025-07-25,2,193.42507416,251.08922298,-0.75310675
oe:player:f8d698aea36fcbead2b9d5359ffca76,Smarty,oe:team:a1f7a79516b418bae38cd4d5b46903e,Tan'i eSports CZ,sup,2025-07-26,3,133.00279283,234.47402113,-1.32523706
oe:player:f8d698aea36fcbead2b9d5359ffca76,Smarty,oe:team:a1f7a79516b418bae38cd4d5b46903e,Tan'i eSports CZ,sup,2025-08-01,2,206.49811938,273.53731619,-0.87554699
oe:player:f8d698aea36fcbead2b9d5359ffca76,Smarty,oe:team:a1f7a79516b418bae38cd4d5b46903e,Tan'i eSports CZ,sup,2025-08-08,3,162.53821709,193.93611320,-0.41006358
oe:player:f8d698aea36fcbead2b9d5359ffca76,Smarty,oe:team:a1f7a79516b418bae38cd4d5b46903e,Tan'i eSports CZ,sup,2025-08-11,2,333.34688385,367.30386086,-0.41393468
oe:player:f8d698aea36fcbead2b9d5359ffca76,Smarty,oe:team:a1f7a79516b418bae38cd4d5b46903e,Tan'i eSports CZ,sup,2025-08-17,4,180.65158695,197.31520451,-0.20312907
oe:player:f8d698aea36fcbead2b9d5359ffca76,Smarty,oe:team:a1f7a79516b418bae38cd4d5b46903e,Tan'i eSports CZ,sup,2025-08-23,3,228.48660913,205.57054900,0.27934619
oe:player:f8d698aea36fcbead2b9d5359ffca76,Smarty,oe:team:a1f7a79516b418bae38cd4d5b46903e,Tan'i eSports CZ,sup,2025-08-24,3,176.28498788,220.71169374,-0.54156041
oe:player:fa21f9747eae21b158bb1a89605fcf4,Zyres,oe:team:6e322bda09963acbe90845ce95e76f4,Team UNiTY,sup,2025-08-23,3,265.43682900,254.89813814,0.12846637
oe:player:fe9ef7441c7dd52bebd1ce72a43612b,Furby,oe:team:e3f89acb10ecd65327fa954ff2ec047,Dynamo Eclot,sup,2025-04-18,3,183.40889453,235.60127597,-0.77724506
oe:player:fe9ef7441c7dd52bebd1ce72a43612b,Furby,oe:team:e3f89acb10ecd65327fa954ff2ec047,Dynamo Eclot,sup,2025-04-24,2,241.77757704,210.41200163,0.46709382
oe:player:fe9ef7441c7dd52bebd1ce72a43612b,Furby,oe:team:e3f89acb10ecd65327fa954ff2ec047,Dynamo Eclot,sup,2025-04-25,3,117.32411540,242.69024328,-1.86694305
oe:player:fe9ef7441c7dd52bebd1ce72a43612b,Furby,oe:team:e3f89acb10ecd65327fa954ff2ec047,Dynamo Eclot,sup,2025-05-02,2,217.34308514,173.15342326,0.65806916
oe:player:fe9ef7441c7dd52bebd1ce72a43612b,Furby,oe:team:e3f89acb10ecd65327fa954ff2ec047,Dynamo Eclot,sup,2025-05-08,3,250.24435464,262.67962276,-0.18518509
oe:player:fe9ef7441c7dd52bebd1ce72a43612b,Furby,oe:team:e3f89acb10ecd65327fa954ff2ec047,Dynamo Eclot,sup,2025-05-16,5,164.94376557,229.74752786,-0.87719003
oe:player:ffa7f50db949da3f7ccec7e2c4ec4c6,raining,oe:team:785213aebf3ebc4bf4e9aeef665d698,Nightbirds,bot,2025-04-24,2,865.45737196,721.57901984,0.76484145
oe:player:ffa7f50db949da3f7ccec7e2c4ec4c6,raining,oe:team:785213aebf3ebc4bf4e9aeef665d698,Nightbirds,bot,2025-04-29,2,980.14208969,716.28763385,1.40262119
oe:player:ffa7f50db949da3f7ccec7e2c4ec4c6,raining,oe:team:785213aebf3ebc4bf4e9aeef665d698,Nightbirds,bot,2025-05-06,2,697.85422643,718.54979032,-0.11001534
oe:player:ffa7f50db949da3f7ccec7e2c4ec4c6,raining,oe:team:785213aebf3ebc4bf4e9aeef665d698,Nightbirds,bot,2025-05-09,2,537.13697876,763.37435750,-1.20265295
oe:player:ffa7f50db949da3f7ccec7e2c4ec4c6,raining,oe:team:785213aebf3ebc4bf4e9aeef665d698,Nightbirds,bot,2025-05-14,3,789.20566377,745.29623138,0.21038323
oe:player:ffa7f50db949da3f7ccec7e2c4ec4c6,raining,oe:team:785213aebf3ebc4bf4e9aeef665d698,Nightbirds,bot,2025-05-20,4,1067.21576301,739.17374927,1.57174747
oe:player:ffa7f50db949da3f7ccec7e2c4ec4c6,raining,oe:team:785213aebf3ebc4bf4e9aeef665d698,Nightbirds,bot,2025-05-30,4,954.37976431,770.36287145,0.88168001
