game_id,reason
ESPORTSTMNT02_2321789,invalid_roster_or_conflicting_game_metadata
ESPORTSTMNT02_2321817,invalid_roster_or_conflicting_game_metadata
ESPORTSTMNT02_2321819,invalid_roster_or_conflicting_game_metadata
ESPORTSTMNT02_2321826,invalid_roster_or_conflicting_game_metadata
ESPORTSTMNT02_2321832,invalid_roster_or_conflicting_game_metadata
ESPORTSTMNT02_2322053,invalid_roster_or_conflicting_game_metadata
ESPORTSTMNT02_2322067,invalid_roster_or_conflicting_game_metadata
ESPORTSTMNT02_2322195,invalid_roster_or_conflicting_game_metadata
ESPORTSTMNT02_2322224,invalid_roster_or_conflicting_game_metadata
ESPORTSTMNT02_2322248,invalid_roster_or_conflicting_game_metadata
ESPORTSTMNT02_2322258,invalid_roster_or_conflicting_game_metadata
ESPORTSTMNT02_2322267,invalid_roster_or_conflicting_game_metadata
ESPORTSTMNT02_2322460,invalid_roster_or_conflicting_game_metadata
ESPORTSTMNT02_2322470,invalid_roster_or_conflicting_game_metadata
ESPORTSTMNT02_2322478,invalid_roster_or_conflicting_game_metadata
ESPORTSTMNT02_2341710,invalid_roster_or_conflicting_game_metadata
ESPORTSTMNT02_2341720,invalid_roster_or_conflicting_game_metadata
ESPORTSTMNT02_2341942,invalid_roster_or_conflicting_game_metadata
ESPORTSTMNT02_2341968,invalid_roster_or_conflicting_game_metadata
ESPORTSTMNT03_2420248,invalid_roster_or_conflicting_game_metadata
ESPORTSTMNT03_2420252,invalid_roster_or_conflicting_game_metadata
ESPORTSTMNT03_2420255,invalid_roster_or_conflicting_game_metadata
ESPORTSTMNT03_2420267,invalid_roster_or_conflicting_game_metadata
ESPORTSTMNT03_2420268,invalid_roster_or_conflicting_game_metadata
ESPORTSTMNT05_2290192,invalid_roster_or_conflicting_game_metadata
ESPORTSTMNT05_2300250,invalid_roster_or_conflicting_game_metadata
ESPORTSTMNT05_2300252,invalid_roster_or_conflicting_game_metadata
