record_id,game_id,date,day,season,split,playoffs,patch,side,team_id,team,opponent_team_id,opponent_team,player_id,player,role,champion,opponent_player_id,opponent_champion,role_champion,lineup_id,result,game_seconds,game_minutes,kills,deaths,assists,kda,total_gold,damage,total_cs,dpm,gold_share,damage_share,vision_score,vision_per_minute,kill_participation,gold_diff_at_15,xp_diff_at_15,cs_diff_at_15,fold,prediction_status,expected_dpm,baseline_dpm,training_role_sd,adjusted_impact,train_end_day
pg-aa10cdd9a6a3ac04,LOLTMNT03_131271,2024-07-24T16:07:14,2024-07-24,2025,Unknown,0,14.13,Blue,oe:team:aba8187a8c4790f554138cda083003b,Wild Panthers Esports,oe:team:9bd7ce113c5d4ff95b1c75205356a3f,Team Insidious,oe:player:ed52d8e29a5b50b4624b5ec4e5b8fc7,Gagai,bot,Kai'Sa,oe:player:282a82702dfe9e5d21a45e7753cb925,Miss Fortune,bot:Kai'Sa,lineup-3dac8647f16288ef,0,2218.00000000,36.96666667,3,4,6,2.25000000,15638.00000000,34826.00000000,301,942.09197475,0.23855142,0.25655646,46,1.24436429,0.60000000,2236.00000000,196.00000000,7.00000000,0,warmup,,,,,
pg-c7ea595b9adcad40,LOLTMNT03_131271,2024-07-24T16:07:14,2024-07-24,2025,Unknown,0,14.13,Blue,oe:team:aba8187a8c4790f554138cda083003b,Wild Panthers Esports,oe:team:9bd7ce113c5d4ff95b1c75205356a3f,Team Insidious,oe:player:8755401727add2220032fc7ae421cd2,Psilakhs,jng,Xin Zhao,oe:player:8b35b40bc03585d8e435ef8029621c4,Brand,jng:Xin Zhao,lineup-3dac8647f16288ef,0,2218.00000000,36.96666667,3,9,6,1.00000000,11718.00000000,12838.00000000,187,347.28584310,0.17875339,0.09457508,38,1.02795311,0.60000000,-619.00000000,-1265.00000000,-21.00000000,0,warmup,,,,,
pg-453d80829b9e3029,LOLTMNT03_131271,2024-07-24T16:07:14,2024-07-24,2025,Unknown,0,14.13,Blue,oe:team:aba8187a8c4790f554138cda083003b,Wild Panthers Esports,oe:team:9bd7ce113c5d4ff95b1c75205356a3f,Team Insidious,oe:player:9b110b72edf04ccc03a5c94bc115710,SQCRISTIAAN,mid,Corki,oe:player:56d65966a90b530ca99f66bdfbcb382,Lucian,mid:Corki,lineup-3dac8647f16288ef,0,2218.00000000,36.96666667,5,3,4,3.00000000,17816.00000000,53849.00000000,382,1456.69071235,0.27177594,0.39669525,21,0.56807935,0.60000000,796.00000000,304.00000000,8.00000000,0,warmup,,,,,
pg-287dcf217333f0db,LOLTMNT03_131271,2024-07-24T16:07:14,2024-07-24,2025,Unknown,0,14.13,Blue,oe:team:aba8187a8c4790f554138cda083003b,Wild Panthers Esports,oe:team:9bd7ce113c5d4ff95b1c75205356a3f,Team Insidious,oe:player:5172a81c77dad76588c5025c9aad0ae,Speedy1,sup,Nautilus,oe:player:c02e230d02c0a012babdd6ec7c5e9d2,Leona,sup:Nautilus,lineup-3dac8647f16288ef,0,2218.00000000,36.96666667,2,6,10,2.00000000,9829.00000000,8643.00000000,43,233.80522994,0.14993746,0.06367132,100,2.70513977,0.80000000,1058.00000000,639.00000000,5.00000000,0,warmup,,,,,
pg-22ebccbff753105a,LOLTMNT03_131271,2024-07-24T16:07:14,2024-07-24,2025,Unknown,0,14.13,Blue,oe:team:aba8187a8c4790f554138cda083003b,Wild Panthers Esports,oe:team:9bd7ce113c5d4ff95b1c75205356a3f,Team Insidious,oe:player:6a62e6e462c23394c916f2b0f86496d,WouLou,top,Karma,oe:player:0eeca5e6f2e30fdbd85871bea6528de,Ornn,top:Karma,lineup-3dac8647f16288ef,0,2218.00000000,36.96666667,2,5,6,1.60000000,10553.00000000,25588.00000000,181,692.19116321,0.16098179,0.18850189,35,0.94679892,0.53333333,-606.00000000,-960.00000000,-7.00000000,0,warmup,,,,,
pg-7b99359d9d7b5164,LOLTMNT03_131271,2024-07-24T16:07:14,2024-07-24,2025,Unknown,0,14.13,Red,oe:team:9bd7ce113c5d4ff95b1c75205356a3f,Team Insidious,oe:team:aba8187a8c4790f554138cda083003b,Wild Panthers Esports,oe:player:282a82702dfe9e5d21a45e7753cb925,Jamie,bot,Miss Fortune,oe:player:ed52d8e29a5b50b4624b5ec4e5b8fc7,Kai'Sa,bot:Miss Fortune,lineup-f14ebe4aeb75f25d,1,2218.00000000,36.96666667,7,3,15,7.33333333,15880.00000000,30459.00000000,292,823.95852119,0.22546890,0.24031717,20,0.54102795,0.81481481,-2236.00000000,-196.00000000,-7.00000000,0,warmup,,,,,
pg-6fbda0bfb810a278,LOLTMNT03_131271,2024-07-24T16:07:14,2024-07-24,2025,Unknown,0,14.13,Red,oe:team:9bd7ce113c5d4ff95b1c75205356a3f,Team Insidious,oe:team:aba8187a8c4790f554138cda083003b,Wild Panthers Esports,oe:player:8b35b40bc03585d8e435ef8029621c4,Kokos,jng,Brand,oe:player:8755401727add2220032fc7ae421cd2,Xin Zhao,jng:Brand,lineup-f14ebe4aeb75f25d,1,2218.00000000,36.96666667,9,3,13,7.33333333,15346.00000000,39218.00000000,252,1060.90171326,0.21788701,0.30942443,45,1.21731289,0.81481481,619.00000000,1265.00000000,21.00000000,0,warmup,,,,,
pg-7b20046abeff6f4f,LOLTMNT03_131271,2024-07-24T16:07:14,2024-07-24,2025,Unknown,0,14.13,Red,oe:team:9bd7ce113c5d4ff95b1c75205356a3f,Team Insidious,oe:team:aba8187a8c4790f554138cda083003b,Wild Panthers Esports,oe:player:56d65966a90b530ca99f66bdfbcb382,SergMade,mid,Lucian,oe:player:9b110b72edf04ccc03a5c94bc115710,Corki,mid:Lucian,lineup-f14ebe4aeb75f25d,1,2218.00000000,36.96666667,7,2,7,7.00000000,17066.00000000,33139.00000000,328,896.45626691,0.24230807,0.26146199,45,1.21731289,0.51851852,-796.00000000,-304.00000000,-8.00000000,0,warmup,,,,,
pg-f485299f66a012dd,LOLTMNT03_131271,2024-07-24T16:07:14,2024-07-24,2025,Unknown,0,14.13,Red,oe:team:9bd7ce113c5d4ff95b1c75205356a3f,Team Insidious,oe:team:aba8187a8c4790f554138cda083003b,Wild Panthers Esports,oe:player:c02e230d02c0a012babdd6ec7c5e9d2,Wuis,sup,Leona,oe:player:5172a81c77dad76588c5025c9aad0ae,Nautilus,sup:Leona,lineup-f14ebe4aeb75f25d,1,2218.00000000,36.96666667,1,6,18,3.16666667,9668.00000000,9713.00000000,31,262.75022543,0.13726910,0.07663419,109,2.94860234,0.70370370,-1058.00000000,-639.00000000,-5.00000000,0,warmup,,,,,
pg-7c4965c68f9c80be,LOLTMNT03_131271,2024-07-24T16:07:14,2024-07-24,2025,Unknown,0,14.13,Red,oe:team:9bd7ce113c5d4ff95b1c75205356a3f,Team Insidious,oe:team:aba8187a8c4790f554138cda083003b,Wild Panthers Esports,oe:player:0eeca5e6f2e30fdbd85871bea6528de,Nino,top,Ornn,oe:player:6a62e6e462c23394c916f2b0f86496d,Karma,top:Ornn,lineup-f14ebe4aeb75f25d,1,2218.00000000,36.96666667,3,1,16,19.00000000,12471.00000000,14216.00000000,205,384.56266907,0.17706692,0.11216222,39,1.05500451,0.70370370,606.00000000,960.00000000,7.00000000,0,warmup,,,,,
pg-6505d1d5021765f1,LOLTMNT03_132283,2024-07-24T17:08:16,2024-07-24,2025,Unknown,0,14.13,Blue,oe:team:9bd7ce113c5d4ff95b1c75205356a3f,Team Insidious,oe:team:aba8187a8c4790f554138cda083003b,Wild Panthers Esports,oe:player:282a82702dfe9e5d21a45e7753cb925,Jamie,bot,Jinx,oe:player:ed52d8e29a5b50b4624b5ec4e5b8fc7,Ezreal,bot:Jinx,lineup-f14ebe4aeb75f25d,1,1430.00000000,23.83333333,4,0,9,13.00000000,10191.00000000,12888.00000000,197,540.75524476,0.19008449,0.16529858,18,0.75524476,0.54166667,-962.00000000,-797.00000000,-22.00000000,0,warmup,,,,,
pg-90298d409b2ef3b0,LOLTMNT03_132283,2024-07-24T17:08:16,2024-07-24,2025,Unknown,0,14.13,Blue,oe:team:9bd7ce113c5d4ff95b1c75205356a3f,Team Insidious,oe:team:aba8187a8c4790f554138cda083003b,Wild Panthers Esports,oe:player:8b35b40bc03585d8e435ef8029621c4,Kokos,jng,Brand,oe:player:8755401727add2220032fc7ae421cd2,Sejuani,jng:Brand,lineup-f14ebe4aeb75f25d,1,1430.00000000,23.83333333,3,1,14,17.00000000,10076.00000000,17283.00000000,183,725.16083916,0.18793949,0.22166786,15,0.62937063,0.70833333,980.00000000,1160.00000000,18.00000000,0,warmup,,,,,
pg-8c294136cb9f35c2,LOLTMNT03_132283,2024-07-24T17:08:16,2024-07-24,2025,Unknown,0,14.13,Blue,oe:team:9bd7ce113c5d4ff95b1c75205356a3f,Team Insidious,oe:team:aba8187a8c4790f554138cda083003b,Wild Panthers Esports,oe:player:56d65966a90b530ca99f66bdfbcb382,SergMade,mid,Lucian,oe:player:ac3dc02f5d3f2ec0c396cfa95de986e,Yasuo,mid:Lucian,lineup-f14ebe4aeb75f25d,1,1430.00000000,23.83333333,9,1,6,15.00000000,11856.00000000,16113.00000000,196,676.06993007,0.22114040,0.20666171,21,0.88111888,0.62500000,-706.00000000,-290.00000000,-15.00000000,0,warmup,,,,,
pg-c20607caaf3f7148,LOLTMNT03_132283,2024-07-24T17:08:16,2024-07-24,2025,Unknown,0,14.13,Blue,oe:team:9bd7ce113c5d4ff95b1c75205356a3f,Team Insidious,oe:team:aba8187a8c4790f554138cda083003b,Wild Panthers Esports,oe:player:c02e230d02c0a012babdd6ec7c5e9d2,Wuis,sup,Leona,oe:player:5172a81c77dad76588c5025c9aad0ae,Rell,sup:Leona,lineup-f14ebe4aeb75f25d,1,1430.00000000,23.83333333,0,2,17,8.50000000,6973.00000000,6005.00000000,33,251.95804196,0.13006174,0.07701878,72,3.02097902,0.70833333,366.00000000,224.00000000,9.00000000,0,warmup,,,,,
pg-9a7faeda4e4e1f4e,LOLTMNT03_132283,2024-07-24T17:08:16,2024-07-24,2025,Unknown,0,14.13,Blue,oe:team:9bd7ce113c5d4ff95b1c75205356a3f,Team Insidious,oe:team:aba8187a8c4790f554138cda083003b,Wild Panthers Esports,oe:player:0eeca5e6f2e30fdbd85871bea6528de,Nino,top,Gwen,oe:player:6a62e6e462c23394c916f2b0f86496d,Ornn,top:Gwen,lineup-f14ebe4aeb75f25d,1,1430.00000000,23.83333333,8,1,6,14.00000000,14517.00000000,25679.00000000,236,1077.44055944,0.27077388,0.32935307,16,0.67132867,0.58333333,3309.00000000,1366.00000000,43.00000000,0,warmup,,,,,
pg-e2e664e26bfc1ab2,LOLTMNT03_132283,2024-07-24T17:08:16,2024-07-24,2025,Unknown,0,14.13,Red,oe:team:aba8187a8c4790f554138cda083003b,Wild Panthers Esports,oe:team:9bd7ce113c5d4ff95b1c75205356a3f,Team Insidious,oe:player:ed52d8e29a5b50b4624b5ec4e5b8fc7,Gagai,bot,Ezreal,oe:player:282a82702dfe9e5d21a45e7753cb925,Jinx,bot:Ezreal,lineup-dd2ed4efad98bef9,0,1430.00000000,23.83333333,1,4,1,0.50000000,8761.00000000,18093.00000000,223,759.14685315,0.23427639,0.36228025,12,0.50349650,0.40000000,962.00000000,797.00000000,22.00000000,0,warmup,,,,,
pg-bd682fcfc17e6327,LOLTMNT03_132283,2024-07-24T17:08:16,2024-07-24,2025,Unknown,0,14.13,Red,oe:team:aba8187a8c4790f554138cda083003b,Wild Panthers Esports,oe:team:9bd7ce113c5d4ff95b1c75205356a3f,Team Insidious,oe:player:8755401727add2220032fc7ae421cd2,Psilakhs,jng,Sejuani,oe:player:8b35b40bc03585d8e435ef8029621c4,Brand,jng:Sejuani,lineup-dd2ed4efad98bef9,0,1430.00000000,23.83333333,1,4,3,1.00000000,7194.00000000,5699.00000000,138,239.11888112,0.19237352,0.11411237,28,1.17482517,0.80000000,-980.00000000,-1160.00000000,-18.00000000,0,warmup,,,,,
pg-01a2062981a39eab,LOLTMNT03_132283,2024-07-24T17:08:16,2024-07-24,2025,Unknown,0,14.13,Red,oe:team:aba8187a8c4790f554138cda083003b,Wild Panthers Esports,oe:team:9bd7ce113c5d4ff95b1c75205356a3f,Team Insidious,oe:player:ac3dc02f5d3f2ec0c396cfa95de986e,J0J0C,mid,Yasuo,oe:player:56d65966a90b530ca99f66bdfbcb382,Lucian,mid:Yasuo,lineup-dd2ed4efad98bef9,0,1430.00000000,23.83333333,3,6,1,0.66666667,10216.00000000,8829.00000000,232,370.44755245,0.27318430,0.17678507,20,0.83916084,0.80000000,706.00000000,290.00000000,15.00000000,0,warmup,,,,,
pg-4aa7c364abce3853,LOLTMNT03_132283,2024-07-24T17:08:16,2024-07-24,2025,Unknown,0,14.13,Red,oe:team:aba8187a8c4790f554138cda083003b,Wild Panthers Esports,oe:team:9bd7ce113c5d4ff95b1c75205356a3f,Team Insidious,oe:player:5172a81c77dad76588c5025c9aad0ae,Speedy1,sup,Rell,oe:player:c02e230d02c0a012babdd6ec7c5e9d2,Leona,sup:Rell,lineup-dd2ed4efad98bef9,0,1430.00000000,23.83333333,0,4,2,0.50000000,4983.00000000,3921.00000000,26,164.51748252,0.13324955,0.07851107,66,2.76923077,0.40000000,-366.00000000,-224.00000000,-9.00000000,0,warmup,,,,,
pg-85023d0db148bacd,LOLTMNT03_132283,2024-07-24T17:08:16,2024-07-24,2025,Unknown,0,14.13,Red,oe:team:aba8187a8c4790f554138cda083003b,Wild Panthers Esports,oe:team:9bd7ce113c5d4ff95b1c75205356a3f,Team Insidious,oe:player:6a62e6e462c23394c916f2b0f86496d,WouLou,top,Ornn,oe:player:0eeca5e6f2e30fdbd85871bea6528de,Gwen,top:Ornn,lineup-dd2ed4efad98bef9,0,1430.00000000,23.83333333,0,6,3,0.50000000,6242.00000000,13400.00000000,126,562.23776224,0.16691625,0.26831124,15,0.62937063,0.60000000,-3309.00000000,-1366.00000000,-43.00000000,0,warmup,,,,,
pg-940087cfb00164e7,LOLTMNT03_131292,2024-07-24T17:51:46,2024-07-24,2025,Unknown,0,14.13,Blue,oe:team:aba8187a8c4790f554138cda083003b,Wild Panthers Esports,oe:team:9bd7ce113c5d4ff95b1c75205356a3f,Team Insidious,oe:player:ed52d8e29a5b50b4624b5ec4e5b8fc7,Gagai,bot,Jhin,oe:player:282a82702dfe9e5d21a45e7753cb925,Ashe,bot:Jhin,lineup-dd2ed4efad98bef9,0,1324.00000000,22.06666667,1,3,0,0.33333333,7917.00000000,9412.00000000,183,426.52567976,0.22707586,0.23165149,15,0.67975831,0.33333333,2.00000000,-1582.00000000,-3.00000000,0,warmup,,,,,
pg-df32091d79195b69,LOLTMNT03_131292,2024-07-24T17:51:46,2024-07-24,2025,Unknown,0,14.13,Blue,oe:team:aba8187a8c4790f554138cda083003b,Wild Panthers Esports,oe:team:9bd7ce113c5d4ff95b1c75205356a3f,Team Insidious,oe:player:8755401727add2220032fc7ae421cd2,Psilakhs,jng,Brand,oe:player:8b35b40bc03585d8e435ef8029621c4,Gwen,jng:Brand,lineup-dd2ed4efad98bef9,0,1324.00000000,22.06666667,1,5,0,0.20000000,6626.00000000,11446.00000000,125,518.70090634,0.19004733,0.28171302,16,0.72507553,0.33333333,-1246.00000000,-1100.00000000,-29.00000000,0,warmup,,,,,
pg-833670f90341e6b6,LOLTMNT03_131292,2024-07-24T17:51:46,2024-07-24,2025,Unknown,0,14.13,Blue,oe:team:aba8187a8c4790f554138cda083003b,Wild Panthers Esports,oe:team:9bd7ce113c5d4ff95b1c75205356a3f,Team Insidious,oe:player:ac3dc02f5d3f2ec0c396cfa95de986e,J0J0C,mid,Ezreal,oe:player:56d65966a90b530ca99f66bdfbcb382,Lucian,mid:Ezreal,lineup-dd2ed4efad98bef9,0,1324.00000000,22.06666667,0,2,1,0.50000000,7661.00000000,5716.00000000,197,259.03323263,0.21973326,0.14068422,12,0.54380665,0.33333333,-897.00000000,-629.00000000,-3.00000000,0,warmup,,,,,
pg-583bb4895b1c97dd,LOLTMNT03_131292,2024-07-24T17:51:46,2024-07-24,2025,Unknown,0,14.13,Blue,oe:team:aba8187a8c4790f554138cda083003b,Wild Panthers Esports,oe:team:9bd7ce113c5d4ff95b1c75205356a3f,Team Insidious,oe:player:5172a81c77dad76588c5025c9aad0ae,Speedy1,sup,Nautilus,oe:player:c02e230d02c0a012babdd6ec7c5e9d2,Rell,sup:Nautilus,lineup-dd2ed4efad98bef9,0,1324.00000000,22.06666667,0,6,1,0.16666667,4712.00000000,3765.00000000,28,170.61933535,0.13514986,0.09266552,39,1.76737160,0.33333333,-566.00000000,232.00000000,9.00000000,0,warmup,,,,,
pg-ff1d30e5774f0628,LOLTMNT03_131292,2024-07-24T17:51:46,2024-07-24,2025,Unknown,0,14.13,Blue,oe:team:aba8187a8c4790f554138cda083003b,Wild Panthers Esports,oe:team:9bd7ce113c5d4ff95b1c75205356a3f,Team Insidious,oe:player:6a62e6e462c23394c916f2b0f86496d,WouLou,top,Jayce,oe:player:0eeca5e6f2e30fdbd85871bea6528de,Olaf,top:Jayce,lineup-dd2ed4efad98bef9,0,1324.00000000,22.06666667,1,6,1,0.33333333,7949.00000000,10291.00000000,175,466.35951662,0.22799369,0.25328575,16,0.72507553,0.66666667,-820.00000000,-768.00000000,-5.00000000,0,warmup,,,,,
pg-25e15d3c555c300e,LOLTMNT03_131292,2024-07-24T17:51:46,2024-07-24,2025,Unknown,0,14.13,Red,oe:team:9bd7ce113c5d4ff95b1c75205356a3f,Team Insidious,oe:team:aba8187a8c4790f554138cda083003b,Wild Panthers Esports,oe:player:282a82702dfe9e5d21a45e7753cb925,Jamie,bot,Ashe,oe:player:ed52d8e29a5b50b4624b5ec4e5b8fc7,Jhin,bot:Ashe,lineup-f14ebe4aeb75f25d,1,1324.00000000,22.06666667,3,0,10,13.00000000,9514.00000000,15161.00000000,191,687.05438066,0.19134002,0.25831459,12,0.54380665,0.59090909,-2.00000000,1582.00000000,3.00000000,0,warmup,,,,,
pg-818f9b4029c9a16a,LOLTMNT03_131292,2024-07-24T17:51:46,2024-07-24,2025,Unknown,0,14.13,Red,oe:team:9bd7ce113c5d4ff95b1c75205356a3f,Team Insidious,oe:team:aba8187a8c4790f554138cda083003b,Wild Panthers Esports,oe:player:8b35b40bc03585d8e435ef8029621c4,Kokos,jng,Gwen,oe:player:8755401727add2220032fc7ae421cd2,Brand,jng:Gwen,lineup-f14ebe4aeb75f25d,1,1324.00000000,22.06666667,6,1,6,12.00000000,10411.00000000,14070.00000000,192,637.61329305,0.20937997,0.23972603,19,0.86102719,0.54545455,1246.00000000,1100.00000000,29.00000000,0,warmup,,,,,
pg-2db39e7f3341bfe0,LOLTMNT03_131292,2024-07-24T17:51:46,2024-07-24,2025,Unknown,0,14.13,Red,oe:team:9bd7ce113c5d4ff95b1c75205356a3f,Team Insidious,oe:team:aba8187a8c4790f554138cda083003b,Wild Panthers Esports,oe:player:56d65966a90b530ca99f66bdfbcb382,SergMade,mid,Lucian,oe:player:ac3dc02f5d3f2ec0c396cfa95de986e,Ezreal,mid:Lucian,lineup-f14ebe4aeb75f25d,1,1324.00000000,22.06666667,6,0,6,12.00000000,10701.00000000,12316.00000000,220,558.12688822,0.21521228,0.20984120,13,0.58912387,0.54545455,897.00000000,629.00000000,3.00000000,0,warmup,,,,,
pg-9dd3a61b4029b072,LOLTMNT03_131292,2024-07-24T17:51:46,2024-07-24,2025,Unknown,0,14.13,Red,oe:team:9bd7ce113c5d4ff95b1c75205356a3f,Team Insidious,oe:team:aba8187a8c4790f554138cda083003b,Wild Panthers Esports,oe:player:c02e230d02c0a012babdd6ec7c5e9d2,Wuis,sup,Rell,oe:player:5172a81c77dad76588c5025c9aad0ae,Nautilus,sup:Rell,lineup-f14ebe4aeb75f25d,1,1324.00000000,22.06666667,1,1,17,18.00000000,7064.00000000,3765.00000000,20,170.61933535,0.14206705,0.06414844,51,2.31117825,0.81818182,566.00000000,-232.00000000,-9.00000000,0,warmup,,,,,
pg-e20e2840c76849ec,LOLTMNT03_131292,2024-07-24T17:51:46,2024-07-24,2025,Unknown,0,14.13,Red,oe:team:9bd7ce113c5d4ff95b1c75205356a3f,Team Insidious,oe:team:aba8187a8c4790f554138cda083003b,Wild Panthers Esports,oe:player:0eeca5e6f2e30fdbd85871bea6528de,Nino,top,Olaf,oe:player:6a62e6e462c23394c916f2b0f86496d,Jayce,top:Olaf,lineup-f14ebe4aeb75f25d,1,1324.00000000,22.06666667,6,1,4,10.00000000,12033.00000000,13380.00000000,198,606.34441088,0.24200068,0.22796974,13,0.58912387,0.45454545,820.00000000,768.00000000,5.00000000,0,warmup,,,,,
pg-f2c247466a7d8f92,LOLTMNT03_132501,2024-07-25T16:09:32,2024-07-25,2025,Unknown,0,14.13,Blue,oe:team:a288f7a515a6cc02f21acdb9b593cf2,SINS Esports,oe:team:3a96025b8db516e2c44dbb3c0b31996,Actions Per Minute,oe:player:8b153c3b9eccb87dbb8f2a248a60ec5,Druxy,bot,Jinx,oe:player:cc15dcdfee1886b70972a56eb9a4005,Kai'Sa,bot:Jinx,lineup-242319a2008f7847,0,2664.00000000,44.40000000,11,4,12,5.75000000,22231.00000000,56999.00000000,442,1283.76126126,0.27716341,0.41861473,84,1.89189189,0.95833333,1375.00000000,652.00000000,13.00000000,0,warmup,,,,,
pg-9da0be9c11340adb,LOLTMNT03_132501,2024-07-25T16:09:32,2024-07-25,2025,Unknown,0,14.13,Blue,oe:team:a288f7a515a6cc02f21acdb9b593cf2,SINS Esports,oe:team:3a96025b8db516e2c44dbb3c0b31996,Actions Per Minute,oe:player:4fb3842a2970338de5dfb4235d236d1,Becomin,jng,Vi,oe:player:4b130288bafec8a642913dae4f714fc,Sejuani,jng:Vi,lineup-242319a2008f7847,0,2664.00000000,44.40000000,5,7,11,2.28571429,15705.00000000,13305.00000000,245,299.66216216,0.19580097,0.09771520,69,1.55405405,0.66666667,1180.00000000,739.00000000,2.00000000,0,warmup,,,,,
pg-20741c2820161069,LOLTMNT03_132501,2024-07-25T16:09:32,2024-07-25,2025,Unknown,0,14.13,Blue,oe:team:a288f7a515a6cc02f21acdb9b593cf2,SINS Esports,oe:team:3a96025b8db516e2c44dbb3c0b31996,Actions Per Minute,oe:player:811af9e28eee101f4a99b163d780f77,Tziz,mid,Syndra,oe:player:1792f02f8f369487ec1bd43672fea0e,Hwei,mid:Syndra,lineup-242319a2008f7847,0,2664.00000000,44.40000000,6,6,10,2.66666667,17488.00000000,38497.00000000,317,867.04954955,0.21803040,0.28273147,83,1.86936937,0.66666667,623.00000000,507.00000000,27.00000000,0,warmup,,,,,
pg-d2ea0f1b3afddf49,LOLTMNT03_132501,2024-07-25T16:09:32,2024-07-25,2025,Unknown,0,14.13,Blue,oe:team:a288f7a515a6cc02f21acdb9b593cf2,SINS Esports,oe:team:3a96025b8db516e2c44dbb3c0b31996,Actions Per Minute,oe:player:dff7e10c0f223e03880b5ec07ea79f2,REAVER,sup,Leona,oe:player:5146ca31faeb6fe0046a164b65fcae5,Braum,sup:Leona,lineup-242319a2008f7847,0,2664.00000000,44.40000000,0,6,18,3.00000000,10611.00000000,10154.00000000,30,228.69369369,0.13229189,0.07457348,147,3.31081081,0.75000000,415.00000000,122.00000000,1.00000000,0,warmup,,,,,
pg-feb11c867377d58f,LOLTMNT03_132501,2024-07-25T16:09:32,2024-07-25,2025,Unknown,0,14.13,Blue,oe:team:a288f7a515a6cc02f21acdb9b593cf2,SINS Esports,oe:team:3a96025b8db516e2c44dbb3c0b31996,Actions Per Minute,oe:player:2c759ab177ab9c6e906ef01c3772ace,Delitto,top,Udyr,oe:player:16bfbf9c462762cf1cba4134ec53c50,Gnar,top:Udyr,lineup-242319a2008f7847,0,2664.00000000,44.40000000,2,5,6,1.60000000,14174.00000000,17206.00000000,249,387.52252252,0.17671334,0.12636511,42,0.94594595,0.33333333,558.00000000,-321.00000000,-2.00000000,0,warmup,,,,,
pg-05155b6814be9cc0,LOLTMNT03_132501,2024-07-25T16:09:32,2024-07-25,2025,Unknown,0,14.13,Red,oe:team:3a96025b8db516e2c44dbb3c0b31996,Actions Per Minute,oe:team:a288f7a515a6cc02f21acdb9b593cf2,SINS Esports,oe:player:cc15dcdfee1886b70972a56eb9a4005,EUNE,bot,Kai'Sa,oe:player:8b153c3b9eccb87dbb8f2a248a60ec5,Jinx,bot:Kai'Sa,lineup-7d89e20109c979ce,1,2664.00000000,44.40000000,18,5,6,4.80000000,24326.00000000,57096.00000000,424,1285.94594595,0.29759123,0.35543714,44,0.99099099,0.85714286,-1375.00000000,-652.00000000,-13.00000000,0,warmup,,,,,
pg-7ed1005afb5c90bc,LOLTMNT03_132501,2024-07-25T16:09:32,2024-07-25,2025,Unknown,0,14.13,Red,oe:team:3a96025b8db516e2c44dbb3c0b31996,Actions Per Minute,oe:team:a288f7a515a6cc02f21acdb9b593cf2,SINS Esports,oe:player:4b130288bafec8a642913dae4f714fc,Avert,jng,Sejuani,oe:player:4fb3842a2970338de5dfb4235d236d1,Vi,jng:Sejuani,lineup-7d89e20109c979ce,1,2664.00000000,44.40000000,0,6,19,3.16666667,12959.00000000,14955.00000000,209,336.82432432,0.15853345,0.09309868,46,1.03603604,0.67857143,-1180.00000000,-739.00000000,-2.00000000,0,warmup,,,,,
pg-a8cb120043c2c4b3,LOLTMNT03_132501,2024-07-25T16:09:32,2024-07-25,2025,Unknown,0,14.13,Red,oe:team:3a96025b8db516e2c44dbb3c0b31996,Actions Per Minute,oe:team:a288f7a515a6cc02f21acdb9b593cf2,SINS Esports,oe:player:1792f02f8f369487ec1bd43672fea0e,Satan,mid,Hwei,oe:player:811af9e28eee101f4a99b163d780f77,Syndra,mid:Hwei,lineup-7d89e20109c979ce,1,2664.00000000,44.40000000,7,3,14,7.00000000,16547.00000000,48422.00000000,304,1090.58558559,0.20242712,0.30143928,29,0.65315315,0.75000000,-623.00000000,-507.00000000,-27.00000000,0,warmup,,,,,
pg-c0ad00e0719178cf,LOLTMNT03_132501,2024-07-25T16:09:32,2024-07-25,2025,Unknown,0,14.13,Red,oe:team:3a96025b8db516e2c44dbb3c0b31996,Actions Per Minute,oe:team:a288f7a515a6cc02f21acdb9b593cf2,SINS Esports,oe:player:5146ca31faeb6fe0046a164b65fcae5,Gazal,sup,Braum,oe:player:dff7e10c0f223e03880b5ec07ea79f2,Leona,sup:Braum,lineup-7d89e20109c979ce,1,2664.00000000,44.40000000,1,5,21,4.40000000,11522.00000000,11451.00000000,38,257.90540541,0.14095397,0.07128539,166,3.73873874,0.78571429,-415.00000000,-122.00000000,-1.00000000,0,warmup,,,,,
pg-221ec8c258186132,LOLTMNT03_132501,2024-07-25T16:09:32,2024-07-25,2025,Unknown,0,14.13,Red,oe:team:3a96025b8db516e2c44dbb3c0b31996,Actions Per Minute,oe:team:a288f7a515a6cc02f21acdb9b593cf2,SINS Esports,oe:player:16bfbf9c462762cf1cba4134ec53c50,Loading,top,Gnar,oe:player:2c759ab177ab9c6e906ef01c3772ace,Udyr,top:Gnar,lineup-7d89e20109c979ce,1,2664.00000000,44.40000000,2,5,13,3.00000000,16389.00000000,28712.00000000,318,646.66666667,0.20049423,0.17873951,36,0.81081081,0.53571429,-558.00000000,321.00000000,2.00000000,0,warmup,,,,,
pg-97d23a4cf54029b2,LOLTMNT03_132511,2024-07-25T17:16:08,2024-07-25,2025,Unknown,0,14.13,Blue,oe:team:3a96025b8db516e2c44dbb3c0b31996,Actions Per Minute,oe:team:a288f7a515a6cc02f21acdb9b593cf2,SINS Esports,oe:player:cc15dcdfee1886b70972a56eb9a4005,EUNE,bot,Kai'Sa,oe:player:8b153c3b9eccb87dbb8f2a248a60ec5,Miss Fortune,bot:Kai'Sa,lineup-7d89e20109c979ce,0,1567.00000000,26.11666667,2,4,0,0.50000000,10099.00000000,12424.00000000,245,475.71155073,0.24781606,0.24035597,26,0.99553287,0.40000000,-1308.00000000,-560.00000000,-17.00000000,0,warmup,,,,,
pg-a2cd547816f13e03,LOLTMNT03_132511,2024-07-25T17:16:08,2024-07-25,2025,Unknown,0,14.13,Blue,oe:team:3a96025b8db516e2c44dbb3c0b31996,Actions Per Minute,oe:team:a288f7a515a6cc02f21acdb9b593cf2,SINS Esports,oe:player:4b130288bafec8a642913dae4f714fc,Avert,jng,Brand,oe:player:4fb3842a2970338de5dfb4235d236d1,Viego,jng:Brand,lineup-7d89e20109c979ce,0,1567.00000000,26.11666667,0,6,3,0.50000000,7557.00000000,12680.00000000,156,485.51372049,0.18543875,0.24530857,18,0.68921506,0.60000000,-1363.00000000,-336.00000000,-8.00000000,0,warmup,,,,,
pg-01accfae1180bb7a,LOLTMNT03_132511,2024-07-25T17:16:08,2024-07-25,2025,Unknown,0,14.13,Blue,oe:team:3a96025b8db516e2c44dbb3c0b31996,Actions Per Minute,oe:team:a288f7a515a6cc02f21acdb9b593cf2,SINS Esports,oe:player:1792f02f8f369487ec1bd43672fea0e,Satan,mid,Tristana,oe:player:811af9e28eee101f4a99b163d780f77,Syndra,mid:Tristana,lineup-7d89e20109c979ce,0,1567.00000000,26.11666667,2,5,2,0.80000000,9355.00000000,11865.00000000,200,454.30759413,0.22955929,0.22954150,28,1.07211232,0.80000000,-1217.00000000,-1215.00000000,-19.00000000,0,warmup,,,,,
pg-0cfbcfe7cfab85ab,LOLTMNT03_132511,2024-07-25T17:16:08,2024-07-25,2025,Unknown,0,14.13,Blue,oe:team:3a96025b8db516e2c44dbb3c0b31996,Actions Per Minute,oe:team:a288f7a515a6cc02f21acdb9b593cf2,SINS Esports,oe:player:5146ca31faeb6fe0046a164b65fcae5,Gazal,sup,Rakan,oe:player:dff7e10c0f223e03880b5ec07ea79f2,Rell,sup:Rakan,lineup-7d89e20109c979ce,0,1567.00000000,26.11666667,0,6,4,0.66666667,5682.00000000,3146.00000000,24,120.45947671,0.13942874,0.06086284,91,3.48436503,0.80000000,-540.00000000,-117.00000000,-5.00000000,0,warmup,,,,,
pg-3a49e3f3d0892ee9,LOLTMNT03_132511,2024-07-25T17:16:08,2024-07-25,2025,Unknown,0,14.13,Blue,oe:team:3a96025b8db516e2c44dbb3c0b31996,Actions Per Minute,oe:team:a288f7a515a6cc02f21acdb9b593cf2,SINS Esports,oe:player:16bfbf9c462762cf1cba4134ec53c50,Loading,top,Ornn,oe:player:2c759ab177ab9c6e906ef01c3772ace,Poppy,top:Ornn,lineup-7d89e20109c979ce,0,1567.00000000,26.11666667,1,3,2,1.00000000,8059.00000000,11575.00000000,185,443.20357371,0.19775717,0.22393113,21,0.80408424,0.60000000,-409.00000000,-134.00000000,2.00000000,0,warmup,,,,,
pg-9bd2d266aebe5497,LOLTMNT03_132511,2024-07-25T17:16:08,2024-07-25,2025,Unknown,0,14.13,Red,oe:team:a288f7a515a6cc02f21acdb9b593cf2,SINS Esports,oe:team:3a96025b8db516e2c44dbb3c0b31996,Actions Per Minute,oe:player:8b153c3b9eccb87dbb8f2a248a60ec5,Druxy,bot,Miss Fortune,oe:player:cc15dcdfee1886b70972a56eb9a4005,Kai'Sa,bot:Miss Fortune,lineup-242319a2008f7847,1,1567.00000000,26.11666667,5,1,12,17.00000000,13386.00000000,23319.00000000,277,892.87811104,0.23651430,0.28380697,30,1.14869177,0.70833333,1308.00000000,560.00000000,17.00000000,0,warmup,,,,,
pg-b4763aeb6231f2d2,LOLTMNT03_132511,2024-07-25T17:16:08,2024-07-25,2025,Unknown,0,14.13,Red,oe:team:a288f7a515a6cc02f21acdb9b593cf2,SINS Esports,oe:team:3a96025b8db516e2c44dbb3c0b31996,Actions Per Minute,oe:player:4fb3842a2970338de5dfb4235d236d1,Becomin,jng,Viego,oe:player:4b130288bafec8a642913dae4f714fc,Brand,jng:Viego,lineup-242319a2008f7847,1,1567.00000000,26.11666667,6,0,11,17.00000000,12327.00000000,12134.00000000,176,464.60753031,0.21780306,0.14767845,31,1.18698149,0.70833333,1363.00000000,336.00000000,8.00000000,0,warmup,,,,,
pg-8390481f3399cf70,LOLTMNT03_132511,2024-07-25T17:16:08,2024-07-25,2025,Unknown,0,14.13,Red,oe:team:a288f7a515a6cc02f21acdb9b593cf2,SINS Esports,oe:team:3a96025b8db516e2c44dbb3c0b31996,Actions Per Minute,oe:player:811af9e28eee101f4a99b163d780f77,Tziz,mid,Syndra,oe:player:1792f02f8f369487ec1bd43672fea0e,Tristana,mid:Syndra,lineup-242319a2008f7847,1,1567.00000000,26.11666667,9,1,7,16.00000000,13848.00000000,28623.00000000,249,1095.96681557,0.24467728,0.34836001,31,1.18698149,0.66666667,1217.00000000,1215.00000000,19.00000000,0,warmup,,,,,
pg-78cc5e5ceec88685,LOLTMNT03_132511,2024-07-25T17:16:08,2024-07-25,2025,Unknown,0,14.13,Red,oe:team:a288f7a515a6cc02f21acdb9b593cf2,SINS Esports,oe:team:3a96025b8db516e2c44dbb3c0b31996,Actions Per Minute,oe:player:dff7e10c0f223e03880b5ec07ea79f2,REAVER,sup,Rell,oe:player:5146ca31faeb6fe0046a164b65fcae5,Rakan,sup:Rell,lineup-242319a2008f7847,1,1567.00000000,26.11666667,3,2,13,8.00000000,7727.00000000,5406.00000000,33,206.99425654,0.13652667,0.06579444,68,2.60370134,0.66666667,540.00000000,117.00000000,5.00000000,0,warmup,,,,,
pg-4b0fb6c6d33d38eb,LOLTMNT03_132511,2024-07-25T17:16:08,2024-07-25,2025,Unknown,0,14.13,Red,oe:team:a288f7a515a6cc02f21acdb9b593cf2,SINS Esports,oe:team:3a96025b8db516e2c44dbb3c0b31996,Actions Per Minute,oe:player:2c759ab177ab9c6e906ef01c3772ace,Delitto,top,Poppy,oe:player:16bfbf9c462762cf1cba4134ec53c50,Ornn,top:Poppy,lineup-242319a2008f7847,1,1567.00000000,26.11666667,1,1,4,5.00000000,9309.00000000,12683.00000000,179,485.62858966,0.16447868,0.15436013,22,0.84237396,0.20833333,409.00000000,134.00000000,-2.00000000,0,warmup,,,,,
pg-91c1b44a0eb35ce3,LOLTMNT03_131497,2024-07-25T18:01:12,2024-07-25,2025,Unknown,0,14.13,Blue,oe:team:a288f7a515a6cc02f21acdb9b593cf2,SINS Esports,oe:team:3a96025b8db516e2c44dbb3c0b31996,Actions Per Minute,oe:player:8b153c3b9eccb87dbb8f2a248a60ec5,Druxy,bot,Jinx,oe:player:cc15dcdfee1886b70972a56eb9a4005,Ashe,bot:Jinx,lineup-242319a2008f7847,0,1922.00000000,32.03333333,2,5,6,1.60000000,13922.00000000,17178.00000000,309,536.25390219,0.24819054,0.24830158,39,1.21748179,0.80000000,-702.00000000,-57.00000000,15.00000000,0,warmup,,,,,
pg-a717400a0bcb8233,LOLTMNT03_131497,2024-07-25T18:01:12,2024-07-25,2025,Unknown,0,14.13,Blue,oe:team:a288f7a515a6cc02f21acdb9b593cf2,SINS Esports,oe:team:3a96025b8db516e2c44dbb3c0b31996,Actions Per Minute,oe:player:4fb3842a2970338de5dfb4235d236d1,Becomin,jng,Maokai,oe:player:4b130288bafec8a642913dae4f714fc,Zyra,jng:Maokai,lineup-242319a2008f7847,0,1922.00000000,32.03333333,3,8,5,1.00000000,10031.00000000,17247.00000000,154,538.40790843,0.17882483,0.24929895,28,0.87408949,0.80000000,-2211.00000000,-1551.00000000,-36.00000000,0,warmup,,,,,
pg-61a2281cfa9d00e1,LOLTMNT03_131497,2024-07-25T18:01:12,2024-07-25,2025,Unknown,0,14.13,Blue,oe:team:a288f7a515a6cc02f21acdb9b593cf2,SINS Esports,oe:team:3a96025b8db516e2c44dbb3c0b31996,Actions Per Minute,oe:player:811af9e28eee101f4a99b163d780f77,Tziz,mid,Corki,oe:player:1792f02f8f369487ec1bd43672fea0e,Tristana,mid:Corki,lineup-242319a2008f7847,0,1922.00000000,32.03333333,2,4,1,0.75000000,13580.00000000,17735.00000000,330,553.64203954,0.24209363,0.25635281,28,0.87408949,0.30000000,-237.00000000,-517.00000000,-1.00000000,0,warmup,,,,,
pg-151a6f7aacc07fbf,LOLTMNT03_131497,2024-07-25T18:01:12,2024-07-25,2025,Unknown,0,14.13,Blue,oe:team:a288f7a515a6cc02f21acdb9b593cf2,SINS Esports,oe:team:3a96025b8db516e2c44dbb3c0b31996,Actions Per Minute,oe:player:dff7e10c0f223e03880b5ec07ea79f2,REAVER,sup,Rell,oe:player:5146ca31faeb6fe0046a164b65fcae5,Nautilus,sup:Rell,lineup-242319a2008f7847,0,1922.00000000,32.03333333,1,9,7,0.88888889,7601.00000000,5223.00000000,30,163.04890739,0.13550469,0.07549652,90,2.80957336,0.80000000,-637.00000000,239.00000000,3.00000000,0,warmup,,,,,
pg-c23c03b28020f7da,LOLTMNT03_131497,2024-07-25T18:01:12,2024-07-25,2025,Unknown,0,14.13,Blue,oe:team:a288f7a515a6cc02f21acdb9b593cf2,SINS Esports,oe:team:3a96025b8db516e2c44dbb3c0b31996,Actions Per Minute,oe:player:2c759ab177ab9c6e906ef01c3772ace,Delitto,top,K'Sante,oe:player:16bfbf9c462762cf1cba4134ec53c50,Gwen,top:K'Sante,lineup-242319a2008f7847,0,1922.00000000,32.03333333,2,3,0,0.66666667,10960.00000000,11799.00000000,223,368.33506764,0.19538632,0.17055014,23,0.71800208,0.20000000,-255.00000000,756.00000000,-17.00000000,0,warmup,,,,,
pg-70f223f738dc79b4,LOLTMNT03_131497,2024-07-25T18:01:12,2024-07-25,2025,Unknown,0,14.13,Red,oe:team:3a96025b8db516e2c44dbb3c0b31996,Actions Per Minute,oe:team:a288f7a515a6cc02f21acdb9b593cf2,SINS Esports,oe:player:cc15dcdfee1886b70972a56eb9a4005,EUNE,bot,Ashe,oe:player:8b153c3b9eccb87dbb8f2a248a60ec5,Jinx,bot:Ashe,lineup-7d89e20109c979ce,1,1922.00000000,32.03333333,14,3,10,8.00000000,16694.00000000,29593.00000000,257,923.81893861,0.24789510,0.27532982,47,1.46722164,0.82758621,702.00000000,57.00000000,-15.00000000,0,warmup,,,,,
pg-9a3cde61d9ee7ec6,LOLTMNT03_131497,2024-07-25T18:01:12,2024-07-25,2025,Unknown,0,14.13,Red,oe:team:3a96025b8db516e2c44dbb3c0b31996,Actions Per Minute,oe:team:a288f7a515a6cc02f21acdb9b593cf2,SINS Esports,oe:player:4b130288bafec8a642913dae4f714fc,Avert,jng,Zyra,oe:player:4fb3842a2970338de5dfb4235d236d1,Maokai,jng:Zyra,lineup-7d89e20109c979ce,1,1922.00000000,32.03333333,7,0,16,23.00000000,14301.00000000,28037.00000000,246,875.24453694,0.21236060,0.26085298,23,0.71800208,0.79310345,2211.00000000,1551.00000000,36.00000000,0,warmup,,,,,
pg-3d794af6baab7a7f,LOLTMNT03_131497,2024-07-25T18:01:12,2024-07-25,2025,Unknown,0,14.13,Red,oe:team:3a96025b8db516e2c44dbb3c0b31996,Actions Per Minute,oe:team:a288f7a515a6cc02f21acdb9b593cf2,SINS Esports,oe:player:1792f02f8f369487ec1bd43672fea0e,Satan,mid,Tristana,oe:player:811af9e28eee101f4a99b163d780f77,Corki,mid:Tristana,lineup-7d89e20109c979ce,1,1922.00000000,32.03333333,2,1,9,11.00000000,14175.00000000,15041.00000000,304,469.54214360,0.21048958,0.13993971,39,1.21748179,0.37931034,237.00000000,517.00000000,1.00000000,0,warmup,,,,,
pg-fd0db49ee25606a3,LOLTMNT03_131497,2024-07-25T18:01:12,2024-07-25,2025,Unknown,0,14.13,Red,oe:team:3a96025b8db516e2c44dbb3c0b31996,Actions Per Minute,oe:team:a288f7a515a6cc02f21acdb9b593cf2,SINS Esports,oe:player:5146ca31faeb6fe0046a164b65fcae5,Gazal,sup,Nautilus,oe:player:dff7e10c0f223e03880b5ec07ea79f2,Rell,sup:Nautilus,lineup-7d89e20109c979ce,1,1922.00000000,32.03333333,1,4,19,5.00000000,8776.00000000,6727.00000000,33,210.00000000,0.13031792,0.06258722,125,3.90218522,0.68965517,637.00000000,-239.00000000,-3.00000000,0,warmup,,,,,
pg-bee3c40d6ad77420,LOLTMNT03_131497,2024-07-25T18:01:12,2024-07-25,2025,Unknown,0,14.13,Red,oe:team:3a96025b8db516e2c44dbb3c0b31996,Actions Per Minute,oe:team:a288f7a515a6cc02f21acdb9b593cf2,SINS Esports,oe:player:16bfbf9c462762cf1cba4134ec53c50,Loading,top,Gwen,oe:player:2c759ab177ab9c6e906ef01c3772ace,K'Sante,top:Gwen,lineup-7d89e20109c979ce,1,1922.00000000,32.03333333,5,2,4,4.50000000,13397.00000000,28084.00000000,277,876.71175858,0.19893679,0.26129026,34,1.06139438,0.31034483,255.00000000,-756.00000000,17.00000000,0,warmup,,,,,
pg-2c3bc2eac3b94bc7,LOLTMNT03_132519,2024-07-25T18:51:37,2024-07-25,2025,Unknown,0,14.13,Blue,oe:team:3a96025b8db516e2c44dbb3c0b31996,Actions Per Minute,oe:team:a288f7a515a6cc02f21acdb9b593cf2,SINS Esports,oe:player:cc15dcdfee1886b70972a56eb9a4005,EUNE,bot,Ashe,oe:player:8b153c3b9eccb87dbb8f2a248a60ec5,Miss Fortune,bot:Ashe,lineup-7d89e20109c979ce,1,1540.00000000,25.66666667,4,3,17,7.00000000,12311.00000000,17663.00000000,227,688.16883117,0.22302940,0.20403849,19,0.74025974,0.77777778,-669.00000000,-60.00000000,-19.00000000,0,warmup,,,,,
pg-57a9ab53ad48ef27,LOLTMNT03_132519,2024-07-25T18:51:37,2024-07-25,2025,Unknown,0,14.13,Blue,oe:team:3a96025b8db516e2c44dbb3c0b31996,Actions Per Minute,oe:team:a288f7a515a6cc02f21acdb9b593cf2,SINS Esports,oe:player:4b130288bafec8a642913dae4f714fc,Avert,jng,Sejuani,oe:player:4fb3842a2970338de5dfb4235d236d1,Xin Zhao,jng:Sejuani,lineup-7d89e20109c979ce,1,1540.00000000,25.66666667,1,2,22,11.50000000,9583.00000000,10476.00000000,163,408.15584416,0.17360822,0.12101609,10,0.38961039,0.85185185,112.00000000,-26.00000000,-6.00000000,0,warmup,,,,,
pg-2c7bbe05a815a181,LOLTMNT03_132519,2024-07-25T18:51:37,2024-07-25,2025,Unknown,0,14.13,Blue,oe:team:3a96025b8db516e2c44dbb3c0b31996,Actions Per Minute,oe:team:a288f7a515a6cc02f21acdb9b593cf2,SINS Esports,oe:player:1792f02f8f369487ec1bd43672fea0e,Satan,mid,Tristana,oe:player:811af9e28eee101f4a99b163d780f77,Hwei,mid:Tristana,lineup-7d89e20109c979ce,1,1540.00000000,25.66666667,9,0,7,16.00000000,11907.00000000,16082.00000000,201,626.57142857,0.21571043,0.18577518,22,0.85714286,0.59259259,-736.00000000,-952.00000000,-17.00000000,0,warmup,,,,,
pg-806a6ab3c3042d5e,LOLTMNT03_132519,2024-07-25T18:51:37,2024-07-25,2025,Unknown,0,14.13,Blue,oe:team:3a96025b8db516e2c44dbb3c0b31996,Actions Per Minute,oe:team:a288f7a515a6cc02f21acdb9b593cf2,SINS Esports,oe:player:5146ca31faeb6fe0046a164b65fcae5,Gazal,sup,Bard,oe:player:dff7e10c0f223e03880b5ec07ea79f2,Leona,sup:Bard,lineup-7d89e20109c979ce,1,1540.00000000,25.66666667,2,2,22,12.00000000,8081.00000000,10250.00000000,41,399.35064935,0.14639758,0.11840540,119,4.63636364,0.88888889,772.00000000,380.00000000,15.00000000,0,warmup,,,,,
pg-f6abe5b6d95b30b1,LOLTMNT03_132519,2024-07-25T18:51:37,2024-07-25,2025,Unknown,0,14.13,Blue,oe:team:3a96025b8db516e2c44dbb3c0b31996,Actions Per Minute,oe:team:a288f7a515a6cc02f21acdb9b593cf2,SINS Esports,oe:player:16bfbf9c462762cf1cba4134ec53c50,Loading,top,Gwen,oe:player:2c759ab177ab9c6e906ef01c3772ace,Gragas,top:Gwen,lineup-7d89e20109c979ce,1,1540.00000000,25.66666667,11,4,6,4.25000000,13317.00000000,32096.00000000,202,1250.49350649,0.24125437,0.37076484,19,0.74025974,0.62962963,1471.00000000,1333.00000000,11.00000000,0,warmup,,,,,
pg-726080f22ab9f184,LOLTMNT03_132519,2024-07-25T18:51:37,2024-07-25,2025,Unknown,0,14.13,Red,oe:team:a288f7a515a6cc02f21acdb9b593cf2,SINS Esports,oe:team:3a96025b8db516e2c44dbb3c0b31996,Actions Per Minute,oe:player:8b153c3b9eccb87dbb8f2a248a60ec5,Druxy,bot,Miss Fortune,oe:player:cc15dcdfee1886b70972a56eb9a4005,Ashe,bot:Miss Fortune,lineup-242319a2008f7847,0,1540.00000000,25.66666667,6,3,3,3.00000000,12203.00000000,22159.00000000,263,863.33766234,0.27969928,0.29794815,19,0.74025974,0.81818182,669.00000000,60.00000000,19.00000000,0,warmup,,,,,
pg-0982db3a7ccb9179,LOLTMNT03_132519,2024-07-25T18:51:37,2024-07-25,2025,Unknown,0,14.13,Red,oe:team:a288f7a515a6cc02f21acdb9b593cf2,SINS Esports,oe:team:3a96025b8db516e2c44dbb3c0b31996,Actions Per Minute,oe:player:4fb3842a2970338de5dfb4235d236d1,Becomin,jng,Xin Zhao,oe:player:4b130288bafec8a642913dae4f714fc,Sejuani,jng:Xin Zhao,lineup-242319a2008f7847,0,1540.00000000,25.66666667,0,5,6,1.20000000,7804.00000000,9166.00000000,161,357.11688312,0.17887185,0.12324531,27,1.05194805,0.54545455,-112.00000000,26.00000000,6.00000000,0,warmup,,,,,
pg-4698a2ef6b48549a,LOLTMNT03_132519,2024-07-25T18:51:37,2024-07-25,2025,Unknown,0,14.13,Red,oe:team:a288f7a515a6cc02f21acdb9b593cf2,SINS Esports,oe:team:3a96025b8db516e2c44dbb3c0b31996,Actions Per Minute,oe:player:811af9e28eee101f4a99b163d780f77,Tziz,mid,Hwei,oe:player:1792f02f8f369487ec1bd43672fea0e,Tristana,mid:Hwei,lineup-242319a2008f7847,0,1540.00000000,25.66666667,5,6,2,1.16666667,10715.00000000,27244.00000000,200,1061.45454545,0.24559353,0.36632066,20,0.77922078,0.63636364,736.00000000,952.00000000,17.00000000,0,warmup,,,,,
pg-2d120bc0263b9a6c,LOLTMNT03_132519,2024-07-25T18:51:37,2024-07-25,2025,Unknown,0,14.13,Red,oe:team:a288f7a515a6cc02f21acdb9b593cf2,SINS Esports,oe:team:3a96025b8db516e2c44dbb3c0b31996,Actions Per Minute,oe:player:dff7e10c0f223e03880b5ec07ea79f2,REAVER,sup,Leona,oe:player:5146ca31faeb6fe0046a164b65fcae5,Bard,sup:Leona,lineup-242319a2008f7847,0,1540.00000000,25.66666667,0,7,6,0.85714286,5434.00000000,7055.00000000,24,274.87012987,0.12455018,0.09486097,57,2.22077922,0.54545455,-772.00000000,-380.00000000,-15.00000000,0,warmup,,,,,
pg-bc2872927f4a654a,LOLTMNT03_132519,2024-07-25T18:51:37,2024-07-25,2025,Unknown,0,14.13,Red,oe:team:a288f7a515a6cc02f21acdb9b593cf2,SINS Esports,oe:team:3a96025b8db516e2c44dbb3c0b31996,Actions Per Minute,oe:player:2c759ab177ab9c6e906ef01c3772ace,Delitto,top,Gragas,oe:player:16bfbf9c462762cf1cba4134ec53c50,Gwen,top:Gragas,lineup-242319a2008f7847,0,1540.00000000,25.66666667,0,6,2,0.33333333,7473.00000000,8748.00000000,182,340.83116883,0.17128515,0.11762491,24,0.93506494,0.18181818,-1471.00000000,-1333.00000000,-11.00000000,0,warmup,,,,,
pg-aa63d9bf0671fdc0,LOLTMNT03_134088,2024-07-29T16:05:01,2024-07-29,2025,Unknown,0,14.13,Blue,oe:team:aba8187a8c4790f554138cda083003b,Wild Panthers Esports,oe:team:3a96025b8db516e2c44dbb3c0b31996,Actions Per Minute,oe:player:ed52d8e29a5b50b4624b5ec4e5b8fc7,Gagai,bot,Kai'Sa,oe:player:cc15dcdfee1886b70972a56eb9a4005,Jinx,bot:Kai'Sa,lineup-1a902cf5da1d882d,0,1450.00000000,24.16666667,1,6,5,1.00000000,8157.00000000,15624.00000000,200,646.51034483,0.21152400,0.31734167,10,0.41379310,0.75000000,-728.00000000,-1021.00000000,-15.00000000,0,warmup,,,,,
pg-49c7b6c7734613c8,LOLTMNT03_134088,2024-07-29T16:05:01,2024-07-29,2025,Unknown,0,14.13,Blue,oe:team:aba8187a8c4790f554138cda083003b,Wild Panthers Esports,oe:team:3a96025b8db516e2c44dbb3c0b31996,Actions Per Minute,oe:player:ee77979659a67527accede6f9c5f75d,Rabbit,jng,Lee Sin,oe:player:4b130288bafec8a642913dae4f714fc,Viego,jng:Lee Sin,lineup-1a902cf5da1d882d,0,1450.00000000,24.16666667,1,5,2,0.60000000,7569.00000000,3096.00000000,148,128.11034483,0.19627622,0.06288337,35,1.44827586,0.37500000,93.00000000,-1122.00000000,-23.00000000,0,warmup,,,,,
pg-33507ac95204c031,LOLTMNT03_134088,2024-07-29T16:05:01,2024-07-29,2025,Unknown,0,14.13,Blue,oe:team:aba8187a8c4790f554138cda083003b,Wild Panthers Esports,oe:team:3a96025b8db516e2c44dbb3c0b31996,Actions Per Minute,oe:player:d0919793cc83951a93943265812ba19,DoubleB,mid,Jayce,oe:player:1792f02f8f369487ec1bd43672fea0e,Kennen,mid:Jayce,lineup-1a902cf5da1d882d,0,1450.00000000,24.16666667,4,3,3,2.33333333,9281.00000000,13457.00000000,186,556.84137931,0.24067111,0.27332738,22,0.91034483,0.87500000,-962.00000000,-998.00000000,-21.00000000,0,warmup,,,,,
pg-e5c6abb62dd1b10e,LOLTMNT03_134088,2024-07-29T16:05:01,2024-07-29,2025,Unknown,0,14.13,Blue,oe:team:aba8187a8c4790f554138cda083003b,Wild Panthers Esports,oe:team:3a96025b8db516e2c44dbb3c0b31996,Actions Per Minute,oe:player:fc2f901050e822b97a11696ddb2e67f,Leo D Aras,sup,Nautilus,oe:player:5146ca31faeb6fe0046a164b65fcae5,Rell,sup:Nautilus,lineup-1a902cf5da1d882d,0,1450.00000000,24.16666667,2,7,5,1.00000000,5915.00000000,5324.00000000,28,220.30344828,0.15338537,0.10813665,49,2.02758621,0.87500000,46.00000000,-205.00000000,-1.00000000,0,warmup,,,,,
pg-ab8ef4d501ff191b,LOLTMNT03_134088,2024-07-29T16:05:01,2024-07-29,2025,Unknown,0,14.13,Blue,oe:team:aba8187a8c4790f554138cda083003b,Wild Panthers Esports,oe:team:3a96025b8db516e2c44dbb3c0b31996,Actions Per Minute,oe:player:6a62e6e462c23394c916f2b0f86496d,WouLou,top,Dr. Mundo,oe:player:16bfbf9c462762cf1cba4134ec53c50,Gwen,top:Dr. Mundo,lineup-1a902cf5da1d882d,0,1450.00000000,24.16666667,0,3,2,0.66666667,7641.00000000,11733.00000000,189,485.50344828,0.19814330,0.23831092,22,0.91034483,0.25000000,-747.00000000,162.00000000,21.00000000,0,warmup,,,,,
pg-98fd0255f0ab17cf,LOLTMNT03_134088,2024-07-29T16:05:01,2024-07-29,2025,Unknown,0,14.13,Red,oe:team:3a96025b8db516e2c44dbb3c0b31996,Actions Per Minute,oe:team:aba8187a8c4790f554138cda083003b,Wild Panthers Esports,oe:player:cc15dcdfee1886b70972a56eb9a4005,EUNE,bot,Jinx,oe:player:ed52d8e29a5b50b4624b5ec4e5b8fc7,Kai'Sa,bot:Jinx,lineup-7d89e20109c979ce,1,1450.00000000,24.16666667,7,2,10,8.50000000,11941.00000000,22105.00000000,237,914.68965517,0.22927747,0.27001441,24,0.99310345,0.70833333,728.00000000,1021.00000000,15.00000000,0,warmup,,,,,
pg-f0cb31aef0114954,LOLTMNT03_134088,2024-07-29T16:05:01,2024-07-29,2025,Unknown,0,14.13,Red,oe:team:3a96025b8db516e2c44dbb3c0b31996,Actions Per Minute,oe:team:aba8187a8c4790f554138cda083003b,Wild Panthers Esports,oe:player:4b130288bafec8a642913dae4f714fc,Avert,jng,Viego,oe:player:ee77979659a67527accede6f9c5f75d,Lee Sin,jng:Viego,lineup-7d89e20109c979ce,1,1450.00000000,24.16666667,4,1,5,9.00000000,9011.00000000,7872.00000000,149,325.73793103,0.17301895,0.09615713,15,0.62068966,0.37500000,-93.00000000,1122.00000000,23.00000000,0,warmup,,,,,
pg-da041c0998beb486,LOLTMNT03_134088,2024-07-29T16:05:01,2024-07-29,2025,Unknown,0,14.13,Red,oe:team:3a96025b8db516e2c44dbb3c0b31996,Actions Per Minute,oe:team:aba8187a8c4790f554138cda083003b,Wild Panthers Esports,oe:player:1792f02f8f369487ec1bd43672fea0e,Satan,mid,Kennen,oe:player:d0919793cc83951a93943265812ba19,Jayce,mid:Kennen,lineup-7d89e20109c979ce,1,1450.00000000,24.16666667,9,0,8,17.00000000,13447.00000000,25683.00000000,202,1062.74482759,0.25819397,0.31371998,27,1.11724138,0.70833333,962.00000000,998.00000000,21.00000000,0,warmup,,,,,
pg-708457a28883b3a9,LOLTMNT03_134088,2024-07-29T16:05:01,2024-07-29,2025,Unknown,0,14.13,Red,oe:team:3a96025b8db516e2c44dbb3c0b31996,Actions Per Minute,oe:team:aba8187a8c4790f554138cda083003b,Wild Panthers Esports,oe:player:5146ca31faeb6fe0046a164b65fcae5,Gazal,sup,Rell,oe:player:fc2f901050e822b97a11696ddb2e67f,Nautilus,sup:Rell,lineup-7d89e20109c979ce,1,1450.00000000,24.16666667,1,2,16,8.50000000,6873.00000000,4671.00000000,29,193.28275862,0.13196751,0.05705665,67,2.77241379,0.70833333,-46.00000000,205.00000000,1.00000000,0,warmup,,,,,
pg-d36da488d28ccea4,LOLTMNT03_134088,2024-07-29T16:05:01,2024-07-29,2025,Unknown,0,14.13,Red,oe:team:3a96025b8db516e2c44dbb3c0b31996,Actions Per Minute,oe:team:aba8187a8c4790f554138cda083003b,Wild Panthers Esports,oe:player:16bfbf9c462762cf1cba4134ec53c50,Loading,top,Gwen,oe:player:6a62e6e462c23394c916f2b0f86496d,Dr. Mundo,top:Gwen,lineup-7d89e20109c979ce,1,1450.00000000,24.16666667,3,3,5,2.66666667,10809.00000000,21535.00000000,209,891.10344828,0.20754210,0.26305182,21,0.86896552,0.33333333,747.00000000,-162.00000000,-21.00000000,0,warmup,,,,,
pg-81d08439f6bd0940,LOLTMNT03_134097,2024-07-29T16:50:24,2024-07-29,2025,Unknown,0,14.13,Blue,oe:team:3a96025b8db516e2c44dbb3c0b31996,Actions Per Minute,oe:team:aba8187a8c4790f554138cda083003b,Wild Panthers Esports,oe:player:cc15dcdfee1886b70972a56eb9a4005,EUNE,bot,Kai'Sa,oe:player:ed52d8e29a5b50b4624b5ec4e5b8fc7,Ashe,bot:Kai'Sa,lineup-7d89e20109c979ce,1,1658.00000000,27.63333333,10,2,8,9.00000000,13368.00000000,24287.00000000,245,878.90229192,0.24016385,0.22684139,28,1.01326900,0.72000000,-849.00000000,-26.00000000,-15.00000000,0,warmup,,,,,
pg-11d4a9cb9bbe901b,LOLTMNT03_134097,2024-07-29T16:50:24,2024-07-29,2025,Unknown,0,14.13,Blue,oe:team:3a96025b8db516e2c44dbb3c0b31996,Actions Per Minute,oe:team:aba8187a8c4790f554138cda083003b,Wild Panthers Esports,oe:player:4b130288bafec8a642913dae4f714fc,Avert,jng,Zyra,oe:player:ee77979659a67527accede6f9c5f75d,Nidalee,jng:Zyra,lineup-7d89e20109c979ce,1,1658.00000000,27.63333333,0,6,14,2.33333333,10018.00000000,20247.00000000,190,732.70205066,0.17997916,0.18910765,25,0.90470446,0.56000000,-361.00000000,343.00000000,12.00000000,0,warmup,,,,,
pg-ff944e72b736d891,LOLTMNT03_134097,2024-07-29T16:50:24,2024-07-29,2025,Unknown,0,14.13,Blue,oe:team:3a96025b8db516e2c44dbb3c0b31996,Actions Per Minute,oe:team:aba8187a8c4790f554138cda083003b,Wild Panthers Esports,oe:player:1792f02f8f369487ec1bd43672fea0e,Satan,mid,Jayce,oe:player:d0919793cc83951a93943265812ba19,Lucian,mid:Jayce,lineup-7d89e20109c979ce,1,1658.00000000,27.63333333,9,3,7,5.33333333,11999.00000000,29220.00000000,224,1057.41857660,0.21556897,0.27291577,25,0.90470446,0.64000000,-150.00000000,-563.00000000,13.00000000,0,warmup,,,,,
pg-46b86d7b9b320f2d,LOLTMNT03_134097,2024-07-29T16:50:24,2024-07-29,2025,Unknown,0,14.13,Blue,oe:team:3a96025b8db516e2c44dbb3c0b31996,Actions Per Minute,oe:team:aba8187a8c4790f554138cda083003b,Wild Panthers Esports,oe:player:5146ca31faeb6fe0046a164b65fcae5,Gazal,sup,Bard,oe:player:fc2f901050e822b97a11696ddb2e67f,Alistar,sup:Bard,lineup-7d89e20109c979ce,1,1658.00000000,27.63333333,1,1,16,17.00000000,8132.00000000,13124.00000000,33,474.93365501,0.14609608,0.12257860,111,4.01688782,0.68000000,-582.00000000,-334.00000000,-8.00000000,0,warmup,,,,,
pg-b38b5f12167985c8,LOLTMNT03_134097,2024-07-29T16:50:24,2024-07-29,2025,Unknown,0,14.13,Blue,oe:team:3a96025b8db516e2c44dbb3c0b31996,Actions Per Minute,oe:team:aba8187a8c4790f554138cda083003b,Wild Panthers Esports,oe:player:16bfbf9c462762cf1cba4134ec53c50,Loading,top,Ornn,oe:player:6a62e6e462c23394c916f2b0f86496d,Illaoi,top:Ornn,lineup-7d89e20109c979ce,1,1658.00000000,27.63333333,5,2,8,6.50000000,12145.00000000,20188.00000000,204,730.56694813,0.21819194,0.18855659,14,0.50663450,0.52000000,543.00000000,1237.00000000,2.00000000,0,warmup,,,,,
pg-fd23a2c81ea07421,LOLTMNT03_134097,2024-07-29T16:50:24,2024-07-29,2025,Unknown,0,14.13,Red,oe:team:aba8187a8c4790f554138cda083003b,Wild Panthers Esports,oe:team:3a96025b8db516e2c44dbb3c0b31996,Actions Per Minute,oe:player:ed52d8e29a5b50b4624b5ec4e5b8fc7,Gagai,bot,Ashe,oe:player:cc15dcdfee1886b70972a56eb9a4005,Kai'Sa,bot:Ashe,lineup-1a902cf5da1d882d,0,1658.00000000,27.63333333,2,4,7,2.25000000,10439.00000000,18434.00000000,238,667.09288299,0.22450428,0.21858325,39,1.41133896,0.64285714,849.00000000,26.00000000,15.00000000,0,warmup,,,,,
pg-f29992a394ece847,LOLTMNT03_134097,2024-07-29T16:50:24,2024-07-29,2025,Unknown,0,14.13,Red,oe:team:aba8187a8c4790f554138cda083003b,Wild Panthers Esports,oe:team:3a96025b8db516e2c44dbb3c0b31996,Actions Per Minute,oe:player:ee77979659a67527accede6f9c5f75d,Rabbit,jng,Nidalee,oe:player:4b130288bafec8a642913dae4f714fc,Zyra,jng:Nidalee,lineup-1a902cf5da1d882d,0,1658.00000000,27.63333333,6,6,4,1.66666667,11159.00000000,18564.00000000,186,671.79734620,0.23998882,0.22012474,32,1.15802171,0.71428571,361.00000000,-343.00000000,-12.00000000,0,warmup,,,,,
pg-ddecfb04a0cbbe9d,LOLTMNT03_134097,2024-07-29T16:50:24,2024-07-29,2025,Unknown,0,14.13,Red,oe:team:aba8187a8c4790f554138cda083003b,Wild Panthers Esports,oe:team:3a96025b8db516e2c44dbb3c0b31996,Actions Per Minute,oe:player:d0919793cc83951a93943265812ba19,DoubleB,mid,Lucian,oe:player:1792f02f8f369487ec1bd43672fea0e,Jayce,mid:Lucian,lineup-1a902cf5da1d882d,0,1658.00000000,27.63333333,3,3,3,2.00000000,9614.00000000,15686.00000000,215,567.64776840,0.20676158,0.18599853,28,1.01326900,0.42857143,150.00000000,563.00000000,-13.00000000,0,warmup,,,,,
pg-4a686000c498859c,LOLTMNT03_134097,2024-07-29T16:50:24,2024-07-29,2025,Unknown,0,14.13,Red,oe:team:aba8187a8c4790f554138cda083003b,Wild Panthers Esports,oe:team:3a96025b8db516e2c44dbb3c0b31996,Actions Per Minute,oe:player:fc2f901050e822b97a11696ddb2e67f,Leo D Aras,sup,Alistar,oe:player:5146ca31faeb6fe0046a164b65fcae5,Bard,sup:Alistar,lineup-1a902cf5da1d882d,0,1658.00000000,27.63333333,1,5,7,1.60000000,6397.00000000,5965.00000000,37,215.86248492,0.13757581,0.07073067,71,2.56936068,0.57142857,582.00000000,334.00000000,8.00000000,0,warmup,,,,,
pg-31f3d8c9ee396440,LOLTMNT03_134097,2024-07-29T16:50:24,2024-07-29,2025,Unknown,0,14.13,Red,oe:team:aba8187a8c4790f554138cda083003b,Wild Panthers Esports,oe:team:3a96025b8db516e2c44dbb3c0b31996,Actions Per Minute,oe:player:6a62e6e462c23394c916f2b0f86496d,WouLou,top,Illaoi,oe:player:16bfbf9c462762cf1cba4134ec53c50,Ornn,top:Illaoi,lineup-1a902cf5da1d882d,0,1658.00000000,27.63333333,2,7,1,0.42857143,8889.00000000,25685.00000000,203,929.49336550,0.19116951,0.30456281,22,0.79613993,0.21428571,-543.00000000,-1237.00000000,-2.00000000,0,warmup,,,,,
pg-dac17b953e3b8b72,LOLTMNT03_134105,2024-07-29T17:42:47,2024-07-29,2025,Unknown,0,14.13,Blue,oe:team:3a96025b8db516e2c44dbb3c0b31996,Actions Per Minute,oe:team:aba8187a8c4790f554138cda083003b,Wild Panthers Esports,oe:player:cc15dcdfee1886b70972a56eb9a4005,EUNE,bot,Zeri,oe:player:ed52d8e29a5b50b4624b5ec4e5b8fc7,Jinx,bot:Zeri,lineup-7d89e20109c979ce,1,1471.00000000,24.51666667,8,4,6,3.50000000,12670.00000000,16388.00000000,226,668.44323589,0.23641147,0.20241345,30,1.22365738,0.63636364,847.00000000,896.00000000,20.00000000,0,warmup,,,,,
pg-ea1e1da3a7705433,LOLTMNT03_134105,2024-07-29T17:42:47,2024-07-29,2025,Unknown,0,14.13,Blue,oe:team:3a96025b8db516e2c44dbb3c0b31996,Actions Per Minute,oe:team:aba8187a8c4790f554138cda083003b,Wild Panthers Esports,oe:player:4b130288bafec8a642913dae4f714fc,Avert,jng,Zyra,oe:player:ee77979659a67527accede6f9c5f75d,Sejuani,jng:Zyra,lineup-7d89e20109c979ce,1,1471.00000000,24.51666667,4,1,12,16.00000000,11078.00000000,25931.00000000,186,1057.68864718,0.20670610,0.32028210,19,0.77498300,0.72727273,292.00000000,1479.00000000,37.00000000,0,warmup,,,,,
pg-7f1a5d523c29c7d2,LOLTMNT03_134105,2024-07-29T17:42:47,2024-07-29,2025,Unknown,0,14.13,Blue,oe:team:3a96025b8db516e2c44dbb3c0b31996,Actions Per Minute,oe:team:aba8187a8c4790f554138cda083003b,Wild Panthers Esports,oe:player:1792f02f8f369487ec1bd43672fea0e,Satan,mid,Jayce,oe:player:d0919793cc83951a93943265812ba19,Aatrox,mid:Jayce,lineup-7d89e20109c979ce,1,1471.00000000,24.51666667,6,4,5,2.75000000,11306.00000000,20037.00000000,198,817.28076139,0.21096039,0.24748342,17,0.69340585,0.50000000,237.00000000,800.00000000,26.00000000,0,warmup,,,,,
pg-b894e2a1c68e3e2b,LOLTMNT03_134105,2024-07-29T17:42:47,2024-07-29,2025,Unknown,0,14.13,Blue,oe:team:3a96025b8db516e2c44dbb3c0b31996,Actions Per Minute,oe:team:aba8187a8c4790f554138cda083003b,Wild Panthers Esports,oe:player:5146ca31faeb6fe0046a164b65fcae5,Gazal,sup,Rell,oe:player:fc2f901050e822b97a11696ddb2e67f,Nautilus,sup:Rell,lineup-7d89e20109c979ce,1,1471.00000000,24.51666667,1,3,10,3.66666667,7007.00000000,4451.00000000,26,181.54996601,0.13074469,0.05497573,76,3.09993202,0.50000000,666.00000000,-577.00000000,-5.00000000,0,warmup,,,,,
pg-f2b88d9cf050ecba,LOLTMNT03_134105,2024-07-29T17:42:47,2024-07-29,2025,Unknown,0,14.13,Blue,oe:team:3a96025b8db516e2c44dbb3c0b31996,Actions Per Minute,oe:team:aba8187a8c4790f554138cda083003b,Wild Panthers Esports,oe:player:16bfbf9c462762cf1cba4134ec53c50,Loading,top,Fiora,oe:player:6a62e6e462c23394c916f2b0f86496d,Cho'Gath,top:Fiora,lineup-7d89e20109c979ce,1,1471.00000000,24.51666667,3,3,0,1.00000000,11532.00000000,14156.00000000,214,577.40312712,0.21517736,0.17484530,16,0.65261727,0.13636364,245.00000000,-310.00000000,1.00000000,0,warmup,,,,,
pg-ad21de46387c1d13,LOLTMNT03_134105,2024-07-29T17:42:47,2024-07-29,2025,Unknown,0,14.13,Red,oe:team:aba8187a8c4790f554138cda083003b,Wild Panthers Esports,oe:team:3a96025b8db516e2c44dbb3c0b31996,Actions Per Minute,oe:player:ed52d8e29a5b50b4624b5ec4e5b8fc7,Gagai,bot,Jinx,oe:player:cc15dcdfee1886b70972a56eb9a4005,Zeri,bot:Jinx,lineup-1a902cf5da1d882d,0,1471.00000000,24.51666667,6,4,1,1.75000000,9975.00000000,17899.00000000,199,730.07477906,0.24125088,0.30458088,29,1.18286880,0.46666667,-847.00000000,-896.00000000,-20.00000000,0,warmup,,,,,
pg-f5f2d5bacd22d72f,LOLTMNT03_134105,2024-07-29T17:42:47,2024-07-29,2025,Unknown,0,14.13,Red,oe:team:aba8187a8c4790f554138cda083003b,Wild Panthers Esports,oe:team:3a96025b8db516e2c44dbb3c0b31996,Actions Per Minute,oe:player:ee77979659a67527accede6f9c5f75d,Rabbit,jng,Sejuani,oe:player:4b130288bafec8a642913dae4f714fc,Zyra,jng:Sejuani,lineup-1a902cf5da1d882d,0,1471.00000000,24.51666667,0,4,9,2.25000000,7468.00000000,8247.00000000,129,336.38341264,0.18061770,0.14033625,17,0.69340585,0.60000000,-292.00000000,-1479.00000000,-37.00000000,0,warmup,,,,,
pg-d35bbb3fc80fe8e6,LOLTMNT03_134105,2024-07-29T17:42:47,2024-07-29,2025,Unknown,0,14.13,Red,oe:team:aba8187a8c4790f554138cda083003b,Wild Panthers Esports,oe:team:3a96025b8db516e2c44dbb3c0b31996,Actions Per Minute,oe:player:d0919793cc83951a93943265812ba19,DoubleB,mid,Aatrox,oe:player:1792f02f8f369487ec1bd43672fea0e,Jayce,mid:Aatrox,lineup-1a902cf5da1d882d,0,1471.00000000,24.51666667,5,4,3,2.00000000,9462.00000000,12600.00000000,169,513.93609789,0.22884369,0.21440969,20,0.81577158,0.53333333,-237.00000000,-800.00000000,-26.00000000,0,warmup,,,,,
pg-c31b5e85f819e1c1,LOLTMNT03_134105,2024-07-29T17:42:47,2024-07-29,2025,Unknown,0,14.13,Red,oe:team:aba8187a8c4790f554138cda083003b,Wild Panthers Esports,oe:team:3a96025b8db516e2c44dbb3c0b31996,Actions Per Minute,oe:player:fc2f901050e822b97a11696ddb2e67f,Leo D Aras,sup,Nautilus,oe:player:5146ca31faeb6fe0046a164b65fcae5,Rell,sup:Nautilus,lineup-1a902cf5da1d882d,0,1471.00000000,24.51666667,0,4,6,1.50000000,5289.00000000,4444.00000000,32,181.26444596,0.12791738,0.07562196,41,1.67233175,0.40000000,-666.00000000,577.00000000,5.00000000,0,warmup,,,,,
pg-705057eb7f4d660b,LOLTMNT03_134105,2024-07-29T17:42:47,2024-07-29,2025,Unknown,0,14.13,Red,oe:team:aba8187a8c4790f554138cda083003b,Wild Panthers Esports,oe:team:3a96025b8db516e2c44dbb3c0b31996,Actions Per Minute,oe:player:6a62e6e462c23394c916f2b0f86496d,WouLou,top,Cho'Gath,oe:player:16bfbf9c462762cf1cba4134ec53c50,Fiora,top:Cho'Gath,lineup-1a902cf5da1d882d,0,1471.00000000,24.51666667,4,6,3,1.16666667,9153.00000000,15576.00000000,189,635.32290959,0.22137035,0.26505122,24,0.97892590,0.46666667,-245.00000000,310.00000000,-1.00000000,0,warmup,,,,,
pg-be0c989c88009da6,LOLTMNT03_134195,2024-07-30T16:03:45,2024-07-30,2025,Unknown,0,14.13,Blue,oe:team:9bd7ce113c5d4ff95b1c75205356a3f,Team Insidious,oe:team:3a96025b8db516e2c44dbb3c0b31996,Actions Per Minute,oe:player:282a82702dfe9e5d21a45e7753cb925,Jamie,bot,Miss Fortune,oe:player:cc15dcdfee1886b70972a56eb9a4005,Kai'Sa,bot:Miss Fortune,lineup-f14ebe4aeb75f25d,1,1808.00000000,30.13333333,5,3,6,3.66666667,13397.00000000,14843.00000000,261,492.57743363,0.21750495,0.18113590,27,0.89601770,0.52380952,-830.00000000,-979.00000000,7.00000000,0,warmup,,,,,
pg-a103665e03fd8508,LOLTMNT03_134195,2024-07-30T16:03:45,2024-07-30,2025,Unknown,0,14.13,Blue,oe:team:9bd7ce113c5d4ff95b1c75205356a3f,Team Insidious,oe:team:3a96025b8db516e2c44dbb3c0b31996,Actions Per Minute,oe:player:8b35b40bc03585d8e435ef8029621c4,Kokos,jng,Brand,oe:player:4b130288bafec8a642913dae4f714fc,Zyra,jng:Brand,lineup-f14ebe4aeb75f25d,1,1808.00000000,30.13333333,7,4,8,3.75000000,13225.00000000,22567.00000000,202,748.90486726,0.21471247,0.27539539,32,1.06194690,0.71428571,1191.00000000,752.00000000,6.00000000,0,warmup,,,,,
pg-213241f917868e4f,LOLTMNT03_134195,2024-07-30T16:03:45,2024-07-30,2025,Unknown,0,14.13,Blue,oe:team:9bd7ce113c5d4ff95b1c75205356a3f,Team Insidious,oe:team:3a96025b8db516e2c44dbb3c0b31996,Actions Per Minute,oe:player:56d65966a90b530ca99f66bdfbcb382,SergMade,mid,Corki,oe:player:1792f02f8f369487ec1bd43672fea0e,Jayce,mid:Corki,lineup-f14ebe4aeb75f25d,1,1808.00000000,30.13333333,4,0,6,10.00000000,13458.00000000,15753.00000000,257,522.77654867,0.21849531,0.19224104,38,1.26106195,0.47619048,-205.00000000,-46.00000000,-5.00000000,0,warmup,,,,,
pg-cab9c880a0e78144,LOLTMNT03_134195,2024-07-30T16:03:45,2024-07-30,2025,Unknown,0,14.13,Blue,oe:team:9bd7ce113c5d4ff95b1c75205356a3f,Team Insidious,oe:team:3a96025b8db516e2c44dbb3c0b31996,Actions Per Minute,oe:player:c02e230d02c0a012babdd6ec7c5e9d2,Wuis,sup,Leona,oe:player:5146ca31faeb6fe0046a164b65fcae5,Rell,sup:Leona,lineup-f14ebe4aeb75f25d,1,1808.00000000,30.13333333,1,3,10,3.66666667,8514.00000000,5487.00000000,32,182.09070796,0.13822775,0.06696036,80,2.65486726,0.52380952,-228.00000000,177.00000000,4.00000000,0,warmup,,,,,
pg-804d6ad300d67046,LOLTMNT03_134195,2024-07-30T16:03:45,2024-07-30,2025,Unknown,0,14.13,Blue,oe:team:9bd7ce113c5d4ff95b1c75205356a3f,Team Insidious,oe:team:3a96025b8db516e2c44dbb3c0b31996,Actions Per Minute,oe:player:0eeca5e6f2e30fdbd85871bea6528de,Nino,top,Renekton,oe:player:16bfbf9c462762cf1cba4134ec53c50,Aatrox,top:Renekton,lineup-f14ebe4aeb75f25d,1,1808.00000000,30.13333333,4,1,6,10.00000000,13000.00000000,23294.00000000,249,773.03097345,0.21105952,0.28426730,30,0.99557522,0.47619048,672.00000000,793.00000000,19.00000000,0,warmup,,,,,
pg-29b57329cc4c4cd6,LOLTMNT03_134195,2024-07-30T16:03:45,2024-07-30,2025,Unknown,0,14.13,Red,oe:team:3a96025b8db516e2c44dbb3c0b31996,Actions Per Minute,oe:team:9bd7ce113c5d4ff95b1c75205356a3f,Team Insidious,oe:player:cc15dcdfee1886b70972a56eb9a4005,EUNE,bot,Kai'Sa,oe:player:282a82702dfe9e5d21a45e7753cb925,Miss Fortune,bot:Kai'Sa,lineup-7d89e20109c979ce,0,1808.00000000,30.13333333,5,3,2,2.33333333,12456.00000000,15732.00000000,276,522.07964602,0.24162011,0.18595964,30,0.99557522,0.63636364,830.00000000,979.00000000,-7.00000000,0,warmup,,,,,
pg-cd49131bdace768c,LOLTMNT03_134195,2024-07-30T16:03:45,2024-07-30,2025,Unknown,0,14.13,Red,oe:team:3a96025b8db516e2c44dbb3c0b31996,Actions Per Minute,oe:team:9bd7ce113c5d4ff95b1c75205356a3f,Team Insidious,oe:player:4b130288bafec8a642913dae4f714fc,Avert,jng,Zyra,oe:player:8b35b40bc03585d8e435ef8029621c4,Brand,jng:Zyra,lineup-7d89e20109c979ce,0,1808.00000000,30.13333333,1,7,4,0.71428571,9764.00000000,22676.00000000,216,752.52212389,0.18940099,0.26804099,24,0.79646018,0.45454545,-1191.00000000,-752.00000000,-6.00000000,0,warmup,,,,,
pg-a1451d82117c9ad3,LOLTMNT03_134195,2024-07-30T16:03:45,2024-07-30,2025,Unknown,0,14.13,Red,oe:team:3a96025b8db516e2c44dbb3c0b31996,Actions Per Minute,oe:team:9bd7ce113c5d4ff95b1c75205356a3f,Team Insidious,oe:player:1792f02f8f369487ec1bd43672fea0e,Satan,mid,Jayce,oe:player:56d65966a90b530ca99f66bdfbcb382,Corki,mid:Jayce,lineup-7d89e20109c979ce,0,1808.00000000,30.13333333,2,2,5,3.50000000,11796.00000000,20508.00000000,278,680.57522124,0.22881750,0.24241421,28,0.92920354,0.63636364,205.00000000,46.00000000,5.00000000,0,warmup,,,,,
pg-9cc4306d351ab21c,LOLTMNT03_134195,2024-07-30T16:03:45,2024-07-30,2025,Unknown,0,14.13,Red,oe:team:3a96025b8db516e2c44dbb3c0b31996,Actions Per Minute,oe:team:9bd7ce113c5d4ff95b1c75205356a3f,Team Insidious,oe:player:5146ca31faeb6fe0046a164b65fcae5,Gazal,sup,Rell,oe:player:c02e230d02c0a012babdd6ec7c5e9d2,Leona,sup:Rell,lineup-7d89e20109c979ce,0,1808.00000000,30.13333333,2,4,9,2.75000000,7715.00000000,6111.00000000,28,202.79867257,0.14965472,0.07223490,112,3.71681416,1.00000000,228.00000000,-177.00000000,-4.00000000,0,warmup,,,,,
pg-d0270b37cfb5ef34,LOLTMNT03_134195,2024-07-30T16:03:45,2024-07-30,2025,Unknown,0,14.13,Red,oe:team:3a96025b8db516e2c44dbb3c0b31996,Actions Per Minute,oe:team:9bd7ce113c5d4ff95b1c75205356a3f,Team Insidious,oe:player:16bfbf9c462762cf1cba4134ec53c50,Loading,top,Aatrox,oe:player:0eeca5e6f2e30fdbd85871bea6528de,Renekton,top:Aatrox,lineup-7d89e20109c979ce,0,1808.00000000,30.13333333,1,5,2,0.60000000,9821.00000000,19572.00000000,228,649.51327434,0.19050667,0.23135025,29,0.96238938,0.27272727,-672.00000000,-793.00000000,-19.00000000,0,warmup,,,,,
pg-e21b53dc5b913726,LOLTMNT03_134202,2024-07-30T16:53:43,2024-07-30,2025,Unknown,0,14.13,Blue,oe:team:3a96025b8db516e2c44dbb3c0b31996,Actions Per Minute,oe:team:9bd7ce113c5d4ff95b1c75205356a3f,Team Insidious,oe:player:cc15dcdfee1886b70972a56eb9a4005,EUNE,bot,Ashe,oe:player:282a82702dfe9e5d21a45e7753cb925,Xayah,bot:Ashe,lineup-7d89e20109c979ce,0,1428.00000000,23.80000000,0,4,3,0.75000000,7833.00000000,16922.00000000,190,711.00840336,0.20269641,0.29677827,22,0.92436975,0.75000000,-479.00000000,201.00000000,29.00000000,0,warmup,,,,,
pg-d457119ef64a57f6,LOLTMNT03_134202,2024-07-30T16:53:43,2024-07-30,2025,Unknown,0,14.13,Blue,oe:team:3a96025b8db516e2c44dbb3c0b31996,Actions Per Minute,oe:team:9bd7ce113c5d4ff95b1c75205356a3f,Team Insidious,oe:player:4b130288bafec8a642913dae4f714fc,Avert,jng,Nocturne,oe:player:8b35b40bc03585d8e435ef8029621c4,Lillia,jng:Nocturne,lineup-7d89e20109c979ce,0,1428.00000000,23.80000000,0,5,2,0.40000000,6950.00000000,6613.00000000,145,277.85714286,0.17984681,0.11597888,16,0.67226891,0.50000000,-2201.00000000,-1592.00000000,-31.00000000,0,warmup,,,,,
pg-94c3d51fa0ccbb25,LOLTMNT03_134202,2024-07-30T16:53:43,2024-07-30,2025,Unknown,0,14.13,Blue,oe:team:3a96025b8db516e2c44dbb3c0b31996,Actions Per Minute,oe:team:9bd7ce113c5d4ff95b1c75205356a3f,Team Insidious,oe:player:1792f02f8f369487ec1bd43672fea0e,Satan,mid,Orianna,oe:player:56d65966a90b530ca99f66bdfbcb382,Corki,mid:Orianna,lineup-7d89e20109c979ce,0,1428.00000000,23.80000000,1,3,3,1.33333333,9055.00000000,18708.00000000,206,786.05042017,0.23431839,0.32810116,19,0.79831933,1.00000000,-248.00000000,-667.00000000,1.00000000,0,warmup,,,,,
pg-63c38c4e1cf872e0,LOLTMNT03_134202,2024-07-30T16:53:43,2024-07-30,2025,Unknown,0,14.13,Blue,oe:team:3a96025b8db516e2c44dbb3c0b31996,Actions Per Minute,oe:team:9bd7ce113c5d4ff95b1c75205356a3f,Team Insidious,oe:player:5146ca31faeb6fe0046a164b65fcae5,Gazal,sup,Milio,oe:player:c02e230d02c0a012babdd6ec7c5e9d2,Leona,sup:Milio,lineup-7d89e20109c979ce,0,1428.00000000,23.80000000,0,5,4,0.80000000,5369.00000000,3921.00000000,20,164.74789916,0.13893489,0.06876655,78,3.27731092,1.00000000,-4.00000000,-131.00000000,-2.00000000,0,warmup,,,,,
pg-38d1b185a67a0b5f,LOLTMNT03_134202,2024-07-30T16:53:43,2024-07-30,2025,Unknown,0,14.13,Blue,oe:team:3a96025b8db516e2c44dbb3c0b31996,Actions Per Minute,oe:team:9bd7ce113c5d4ff95b1c75205356a3f,Team Insidious,oe:player:16bfbf9c462762cf1cba4134ec53c50,Loading,top,Gnar,oe:player:0eeca5e6f2e30fdbd85871bea6528de,Malphite,top:Gnar,lineup-7d89e20109c979ce,0,1428.00000000,23.80000000,3,3,0,1.00000000,9437.00000000,10855.00000000,206,456.09243697,0.24420350,0.19037514,25,1.05042017,0.75000000,-1164.00000000,167.00000000,22.00000000,0,warmup,,,,,
pg-307c6d914ff0f5e0,LOLTMNT03_134202,2024-07-30T16:53:43,2024-07-30,2025,Unknown,0,14.13,Red,oe:team:9bd7ce113c5d4ff95b1c75205356a3f,Team Insidious,oe:team:3a96025b8db516e2c44dbb3c0b31996,Actions Per Minute,oe:player:282a82702dfe9e5d21a45e7753cb925,Jamie,bot,Xayah,oe:player:cc15dcdfee1886b70972a56eb9a4005,Ashe,bot:Xayah,lineup-f14ebe4aeb75f25d,1,1428.00000000,23.80000000,5,1,5,10.00000000,9572.00000000,8875.00000000,172,372.89915966,0.19858921,0.14485539,14,0.58823529,0.50000000,479.00000000,-201.00000000,-29.00000000,0,warmup,,,,,
pg-8cfdcc66bff42df0,LOLTMNT03_134202,2024-07-30T16:53:43,2024-07-30,2025,Unknown,0,14.13,Red,oe:team:9bd7ce113c5d4ff95b1c75205356a3f,Team Insidious,oe:team:3a96025b8db516e2c44dbb3c0b31996,Actions Per Minute,oe:player:8b35b40bc03585d8e435ef8029621c4,Kokos,jng,Lillia,oe:player:4b130288bafec8a642913dae4f714fc,Nocturne,jng:Lillia,lineup-f14ebe4aeb75f25d,1,1428.00000000,23.80000000,10,1,8,18.00000000,12976.00000000,20482.00000000,211,860.58823529,0.26921162,0.33430176,26,1.09243697,0.90000000,2201.00000000,1592.00000000,31.00000000,0,warmup,,,,,
pg-0a94097f2b3c0064,LOLTMNT03_134202,2024-07-30T16:53:43,2024-07-30,2025,Unknown,0,14.13,Red,oe:team:9bd7ce113c5d4ff95b1c75205356a3f,Team Insidious,oe:team:3a96025b8db516e2c44dbb3c0b31996,Actions Per Minute,oe:player:56d65966a90b530ca99f66bdfbcb382,SergMade,mid,Corki,oe:player:1792f02f8f369487ec1bd43672fea0e,Orianna,mid:Corki,lineup-f14ebe4aeb75f25d,1,1428.00000000,23.80000000,1,2,9,5.00000000,9197.00000000,13440.00000000,199,564.70588235,0.19080913,0.21936411,33,1.38655462,0.50000000,248.00000000,667.00000000,-1.00000000,0,warmup,,,,,
pg-4b567b8d11c71f55,LOLTMNT03_134202,2024-07-30T16:53:43,2024-07-30,2025,Unknown,0,14.13,Red,oe:team:9bd7ce113c5d4ff95b1c75205356a3f,Team Insidious,oe:team:3a96025b8db516e2c44dbb3c0b31996,Actions Per Minute,oe:player:c02e230d02c0a012babdd6ec7c5e9d2,Wuis,sup,Leona,oe:player:5146ca31faeb6fe0046a164b65fcae5,Milio,sup:Leona,lineup-f14ebe4aeb75f25d,1,1428.00000000,23.80000000,0,0,8,8.00000000,5952.00000000,3513.00000000,22,147.60504202,0.12348548,0.05733825,53,2.22689076,0.40000000,4.00000000,131.00000000,2.00000000,0,warmup,,,,,
pg-62794fcee59a266a,LOLTMNT03_134202,2024-07-30T16:53:43,2024-07-30,2025,Unknown,0,14.13,Red,oe:team:9bd7ce113c5d4ff95b1c75205356a3f,Team Insidious,oe:team:3a96025b8db516e2c44dbb3c0b31996,Actions Per Minute,oe:player:0eeca5e6f2e30fdbd85871bea6528de,Nino,top,Malphite,oe:player:16bfbf9c462762cf1cba4134ec53c50,Gnar,top:Malphite,lineup-f14ebe4aeb75f25d,1,1428.00000000,23.80000000,4,0,9,13.00000000,10503.00000000,14958.00000000,169,628.48739496,0.21790456,0.24414050,31,1.30252101,0.65000000,1164.00000000,-167.00000000,-22.00000000,0,warmup,,,,,
pg-f44477e8dd9453d0,LOLTMNT03_133219,2024-07-30T17:38:24,2024-07-30,2025,Unknown,0,14.13,Blue,oe:team:9bd7ce113c5d4ff95b1c75205356a3f,Team Insidious,oe:team:3a96025b8db516e2c44dbb3c0b31996,Actions Per Minute,oe:player:282a82702dfe9e5d21a45e7753cb925,Jamie,bot,Jhin,oe:player:cc15dcdfee1886b70972a56eb9a4005,Jinx,bot:Jhin,lineup-f14ebe4aeb75f25d,1,1742.00000000,29.03333333,8,3,10,6.00000000,12082.00000000,19255.00000000,218,663.20321470,0.20340410,0.19066433,19,0.65442021,0.60000000,-867.00000000,-1183.00000000,-21.00000000,0,warmup,,,,,
pg-4bbb468919807b97,LOLTMNT03_133219,2024-07-30T17:38:24,2024-07-30,2025,Unknown,0,14.13,Blue,oe:team:9bd7ce113c5d4ff95b1c75205356a3f,Team Insidious,oe:team:3a96025b8db516e2c44dbb3c0b31996,Actions Per Minute,oe:player:8b35b40bc03585d8e435ef8029621c4,Kokos,jng,Brand,oe:player:4b130288bafec8a642913dae4f714fc,Zyra,jng:Brand,lineup-f14ebe4aeb75f25d,1,1742.00000000,29.03333333,10,7,15,3.57142857,13543.00000000,34131.00000000,214,1175.57979334,0.22800047,0.33796750,32,1.10218140,0.83333333,356.00000000,275.00000000,1.00000000,0,warmup,,,,,
pg-cf2bc8a7f3d03936,LOLTMNT03_133219,2024-07-30T17:38:24,2024-07-30,2025,Unknown,0,14.13,Blue,oe:team:9bd7ce113c5d4ff95b1c75205356a3f,Team Insidious,oe:team:3a96025b8db516e2c44dbb3c0b31996,Actions Per Minute,oe:player:56d65966a90b530ca99f66bdfbcb382,SergMade,mid,Corki,oe:player:1792f02f8f369487ec1bd43672fea0e,Jayce,mid:Corki,lineup-f14ebe4aeb75f25d,1,1742.00000000,29.03333333,5,3,11,5.33333333,11524.00000000,22511.00000000,229,775.35017222,0.19401000,0.22290546,25,0.86107922,0.53333333,-51.00000000,-614.00000000,7.00000000,0,warmup,,,,,
pg-a9acf0c6aa4017ae,LOLTMNT03_133219,2024-07-30T17:38:24,2024-07-30,2025,Unknown,0,14.13,Blue,oe:team:9bd7ce113c5d4ff95b1c75205356a3f,Team Insidious,oe:team:3a96025b8db516e2c44dbb3c0b31996,Actions Per Minute,oe:player:c02e230d02c0a012babdd6ec7c5e9d2,Wuis,sup,Rell,oe:player:5146ca31faeb6fe0046a164b65fcae5,Leona,sup:Rell,lineup-f14ebe4aeb75f25d,1,1742.00000000,29.03333333,1,4,26,6.75000000,8148.00000000,6174.00000000,27,212.65212400,0.13717403,0.06113537,80,2.75545350,0.90000000,179.00000000,241.00000000,-10.00000000,0,warmup,,,,,
pg-bda83c85685f7fdf,LOLTMNT03_133219,2024-07-30T17:38:24,2024-07-30,2025,Unknown,0,14.13,Blue,oe:team:9bd7ce113c5d4ff95b1c75205356a3f,Team Insidious,oe:team:3a96025b8db516e2c44dbb3c0b31996,Actions Per Minute,oe:player:0eeca5e6f2e30fdbd85871bea6528de,Nino,top,Renekton,oe:player:16bfbf9c462762cf1cba4134ec53c50,Malphite,top:Renekton,lineup-f14ebe4aeb75f25d,1,1742.00000000,29.03333333,6,3,9,5.00000000,14102.00000000,18918.00000000,267,651.59586682,0.23741140,0.18732733,30,1.03329506,0.50000000,-21.00000000,-352.00000000,25.00000000,0,warmup,,,,,
pg-6fc4d289b396611c,LOLTMNT03_133219,2024-07-30T17:38:24,2024-07-30,2025,Unknown,0,14.13,Red,oe:team:3a96025b8db516e2c44dbb3c0b31996,Actions Per Minute,oe:team:9bd7ce113c5d4ff95b1c75205356a3f,Team Insidious,oe:player:cc15dcdfee1886b70972a56eb9a4005,EUNE,bot,Jinx,oe:player:282a82702dfe9e5d21a45e7753cb925,Jhin,bot:Jinx,lineup-7d89e20109c979ce,0,1742.00000000,29.03333333,7,4,5,3.00000000,14123.00000000,24847.00000000,267,855.80941447,0.26491221,0.24457394,15,0.51664753,0.63157895,867.00000000,1183.00000000,21.00000000,0,warmup,,,,,
pg-b560a94dabdfbd13,LOLTMNT03_133219,2024-07-30T17:38:24,2024-07-30,2025,Unknown,0,14.13,Red,oe:team:3a96025b8db516e2c44dbb3c0b31996,Actions Per Minute,oe:team:9bd7ce113c5d4ff95b1c75205356a3f,Team Insidious,oe:player:4b130288bafec8a642913dae4f714fc,Avert,jng,Zyra,oe:player:8b35b40bc03585d8e435ef8029621c4,Brand,jng:Zyra,lineup-7d89e20109c979ce,0,1742.00000000,29.03333333,4,5,14,3.60000000,10659.00000000,29588.00000000,186,1019.10447761,0.19993622,0.29124054,31,1.06773823,0.94736842,-356.00000000,-275.00000000,-1.00000000,0,warmup,,,,,
pg-4ebbc06d5c8e8311,LOLTMNT03_133219,2024-07-30T17:38:24,2024-07-30,2025,Unknown,0,14.13,Red,oe:team:3a96025b8db516e2c44dbb3c0b31996,Actions Per Minute,oe:team:9bd7ce113c5d4ff95b1c75205356a3f,Team Insidious,oe:player:1792f02f8f369487ec1bd43672fea0e,Satan,mid,Jayce,oe:player:56d65966a90b530ca99f66bdfbcb382,Corki,mid:Jayce,lineup-7d89e20109c979ce,0,1742.00000000,29.03333333,4,6,6,1.66666667,11572.00000000,24610.00000000,222,847.64638347,0.21706182,0.24224110,22,0.75774971,0.52631579,51.00000000,614.00000000,-7.00000000,0,warmup,,,,,
pg-3f0d05758f885458,LOLTMNT03_133219,2024-07-30T17:38:24,2024-07-30,2025,Unknown,0,14.13,Red,oe:team:3a96025b8db516e2c44dbb3c0b31996,Actions Per Minute,oe:team:9bd7ce113c5d4ff95b1c75205356a3f,Team Insidious,oe:player:5146ca31faeb6fe0046a164b65fcae5,Gazal,sup,Leona,oe:player:c02e230d02c0a012babdd6ec7c5e9d2,Rell,sup:Leona,lineup-7d89e20109c979ce,0,1742.00000000,29.03333333,0,10,6,0.60000000,6502.00000000,8631.00000000,37,297.27898967,0.12196128,0.08495664,116,3.99540758,0.31578947,-179.00000000,-241.00000000,10.00000000,0,warmup,,,,,
pg-b32324830a136ff6,LOLTMNT03_133219,2024-07-30T17:38:24,2024-07-30,2025,Unknown,0,14.13,Red,oe:team:3a96025b8db516e2c44dbb3c0b31996,Actions Per Minute,oe:team:9bd7ce113c5d4ff95b1c75205356a3f,Team Insidious,oe:player:16bfbf9c462762cf1cba4134ec53c50,Loading,top,Malphite,oe:player:0eeca5e6f2e30fdbd85871bea6528de,Renekton,top:Malphite,lineup-7d89e20109c979ce,0,1742.00000000,29.03333333,4,5,11,3.00000000,10456.00000000,13917.00000000,177,479.34557979,0.19612845,0.13698778,23,0.79219288,0.78947368,21.00000000,352.00000000,-25.00000000,0,warmup,,,,,
